scope,horizon,regime,regime_version,regime_start,regime_end,specification,sample_count,coverage,balanced_accuracy,macro_f1,down_precision,down_recall,mean_return_predicted_down,mean_return_predicted_neutral,mean_return_predicted_up,return_mae,rank_ic,sample_mode,accuracy,up_precision,up_recall,fold_win_rate_vs_ridge_current,comparable_fold_count
all,5,acute_selloff,market_regime_v1,2020-02-25,2025-04-08,logistic_decay_market,10720,1.0,0.3366881323874147,0.2680689267888926,0.32051282051282054,0.035878300803673935,0.07320916516002896,0.017646409142565534,0.018899136741032753,,,overlapping,0.5455223880597015,0.5556855861127364,0.9544388609715243,0.25,4
all,5,acute_selloff,market_regime_v1,2020-02-25,2025-04-08,majority_baseline,10720,1.0,0.3333333333333333,0.2384661473936489,0.0,0.0,,,0.020866086721063076,,,overlapping,0.5569029850746269,0.5569029850746269,1.0,0.25,4
all,5,acute_selloff,market_regime_v1,2020-02-25,2025-04-08,ridge_current,10720,1.0,0.3678061246099144,0.34771474073777964,0.3487133984028394,0.22560275545350172,0.008804236062138853,0.015493064284958533,0.028276779206555056,0.08517926448137951,0.12289832994931874,overlapping,0.41902985074626864,0.5792436235708004,0.5515912897822446,,0
all,5,acute_selloff,market_regime_v1,2020-02-25,2025-04-08,ridge_decay_market,10720,1.0,0.37084890134162457,0.359390998399803,0.35617936565803865,0.2804247990815155,0.011333003288562696,0.017774689849762472,0.026738931327834708,0.10213259857814651,0.0774694257044905,overlapping,0.4311567164179104,0.5802752293577982,0.5509212730318258,0.75,4
all,5,acute_selloff,market_regime_v1,2020-02-25,2025-04-08,ridge_decay_only,10720,1.0,0.36936514842570906,0.3581240266221344,0.3509719222462203,0.2798507462686567,0.012432400387891285,0.01734825995619606,0.026439828239404037,0.10183986106711053,0.07892231909022082,overlapping,0.4298507462686567,0.5805309734513274,0.5494137353433836,0.75,4
all,5,acute_selloff,market_regime_v1,2020-02-25,2025-04-08,ridge_decay_volume,10720,1.0,0.3697700210763866,0.35898308098435366,0.3504302925989673,0.29219288174512054,0.012145386247876575,0.017231236955249682,0.026933346685243983,0.10288670697289556,0.07330429930893269,overlapping,0.42835820895522386,0.5818739844737317,0.5398659966499163,0.75,4
all,5,correction,market_regime_v1,2020-03-02,2026-03-31,logistic_decay_market,57645,1.0,0.3466072456206181,0.302883286963231,0.3913978494623656,0.13029082774049217,0.00941506605384766,-0.004619157138481273,0.0039820346620310886,,,overlapping,0.45960621042588257,0.4762445306695286,0.8464162570611107,0.5,4
all,5,correction,market_regime_v1,2020-03-02,2026-03-31,majority_baseline,57645,1.0,0.3333333333333333,0.21405380789177178,0.0,0.0,,,0.004421688826812372,,,overlapping,0.4729291352242172,0.4729291352242172,1.0,0.0,4
all,5,correction,market_regime_v1,2020-03-02,2026-03-31,ridge_current,57645,1.0,0.35902711095685813,0.3364250660058558,0.4078528245465774,0.2807158836689038,-0.002537222826862088,0.001770058313302882,0.011786155713669142,0.06745548658200452,0.08968298890715654,overlapping,0.35864342093850293,0.5186505759736698,0.4161836989215758,,0
all,5,correction,market_regime_v1,2020-03-02,2026-03-31,ridge_decay_market,57645,1.0,0.351267084324051,0.33542891581636475,0.3951838194211644,0.31646532438478747,0.0018688995957168554,0.0016104675413297783,0.008787464764590512,0.07104153022597,0.046968658992454296,overlapping,0.3601179633966519,0.5017551857761569,0.4037121267698628,0.0,4
all,5,correction,market_regime_v1,2020-03-02,2026-03-31,ridge_decay_only,57645,1.0,0.35217932783090355,0.33739737183733354,0.3997216035634744,0.32120805369127514,0.0003995216764806095,0.0024782068402693946,0.009260443804166981,0.07086840566893446,0.058656362697030354,overlapping,0.3630843958712811,0.5049720746492303,0.4079304526447069,0.0,4
all,5,correction,market_regime_v1,2020-03-02,2026-03-31,ridge_decay_volume,57645,1.0,0.3515314209074149,0.33588851771832884,0.39623901190608657,0.31865771812080534,0.0016822377766749226,0.0017732580054320162,0.008828158896532538,0.07105863013677131,0.047135579940232056,overlapping,0.3606383901465869,0.5026975128017557,0.40330863472966033,0.25,4
all,5,range_bound,market_regime_v1,2019-12-03,2026-07-14,logistic_decay_market,32065,1.0,0.36152243124548883,0.3602318983864925,0.34520199550034236,0.30354378118011355,0.015688854340503676,0.0050218084310419695,0.008234908086177394,,,overlapping,0.395820988616872,0.46789101673412675,0.5080687483600105,0.75,4
all,5,range_bound,market_regime_v1,2019-12-03,2026-07-14,majority_baseline,32065,1.0,0.3333333333333333,0.2148146582397993,0.0,0.0,,,0.010081395174341009,,,overlapping,0.47540932480898174,0.47540932480898174,1.0,0.25,4
all,5,range_bound,market_regime_v1,2019-12-03,2026-07-14,ridge_current,32065,1.0,0.35400788593830074,0.32052816680694396,0.3201672862453532,0.17779115774987098,0.010586365082073565,0.006608074905256887,0.012847656427623005,0.05749786029045743,-0.0029249967581844905,overlapping,0.34536098549820676,0.48751183281147603,0.4391891891891892,,0
all,5,range_bound,market_regime_v1,2019-12-03,2026-07-14,ridge_decay_market,32065,1.0,0.3516263196109677,0.32957177050601144,0.3425542916235781,0.22793738173060382,0.008219603319171825,0.007867035562414424,0.012907713066301516,0.05893612111665617,0.008293913692541484,overlapping,0.3525339154841728,0.48807678110003694,0.43367882445552347,0.25,4
all,5,range_bound,market_regime_v1,2019-12-03,2026-07-14,ridge_decay_only,32065,1.0,0.3481266818208866,0.3270825323359524,0.3365971515768057,0.22767933941166352,0.008197213217906412,0.007826742708071677,0.012958551231857608,0.0591670028703996,0.006680719145567574,overlapping,0.3502261032278185,0.48698224852071004,0.43190763579113095,0.25,4
all,5,range_bound,market_regime_v1,2019-12-03,2026-07-14,ridge_decay_volume,32065,1.0,0.3540787583513647,0.3307916462829044,0.34446989087969826,0.21993806984345432,0.008235256798039013,0.007777285989952713,0.012869161707983785,0.0588939858640132,0.009202977036497957,overlapping,0.3551847809137689,0.4883687328420748,0.44345316189976386,0.75,4
all,5,under_pressure,market_regime_v1,2019-09-24,2026-07-17,logistic_decay_market,81558,1.0,0.3574058545242922,0.33346424394420476,0.4085348506401138,0.17504723593588103,0.009162080143232516,0.0017420261148903995,0.0011957764830278622,,,overlapping,0.4080531646190441,0.4250767638726313,0.7183361045811594,0.75,4
all,5,under_pressure,market_regime_v1,2019-09-24,2026-07-17,majority_baseline,81558,1.0,0.3333333333333333,0.19971372953166153,0.0,0.0,,,0.0026263805937776843,,,overlapping,0.4276956276514873,0.4276956276514873,1.0,0.25,4
all,5,under_pressure,market_regime_v1,2019-09-24,2026-07-17,ridge_current,81558,1.0,0.34386536427774256,0.30897118174338845,0.3781729824742801,0.22292314256110196,0.0033769802832343885,0.0024526392737586377,0.0023139754890630607,0.06151135081079693,-0.009876764898179829,overlapping,0.31392383334559454,0.439069976076555,0.3367352789404277,,0
all,5,under_pressure,market_regime_v1,2019-09-24,2026-07-17,ridge_decay_market,81558,1.0,0.3389311022499711,0.3106745460198204,0.36777510188958873,0.2420003656975681,0.005636151462808657,0.002053114597224962,0.0009420658565318392,0.06365771268714208,-0.030068542308744926,overlapping,0.3165354716888595,0.42974846648034554,0.3394300785505418,0.0,4
all,5,under_pressure,market_regime_v1,2019-09-24,2026-07-17,ridge_decay_only,81558,1.0,0.3400208422494058,0.3115604277472108,0.3705427844699333,0.23529591028219662,0.004678951026952168,0.0021921395830659936,0.001610554528650274,0.06367401476273934,-0.023140813810855275,overlapping,0.31821525785330684,0.43269980852421813,0.3498365919385356,0.0,4
all,5,under_pressure,market_regime_v1,2019-09-24,2026-07-17,ridge_decay_volume,81558,1.0,0.33801432641716334,0.30994874201606254,0.3665660552588809,0.24056805022246602,0.005759521228462018,0.001969073256153241,0.0009557047711557667,0.06362373854060213,-0.030329551949751697,overlapping,0.3159346722577797,0.42920177944952803,0.34020411673642564,0.0,4
all,5,uptrend,market_regime_v1,2019-09-18,2026-07-10,logistic_decay_market,189147,1.0,0.38937734469998336,0.3799064096934481,0.42031082771823514,0.376980693310259,0.007408648237427968,0.0024006831412061586,0.0035878029002220577,,,overlapping,0.38706402956430713,0.4251319579388377,0.39011558793029316,1.0,4
all,5,uptrend,market_regime_v1,2019-09-18,2026-07-10,majority_baseline,189147,1.0,0.3333333333333333,0.19653942085071638,0.0,0.0,,,0.004612518345318363,,,overlapping,0.41805579787149677,0.41805579787149677,1.0,0.0,4
all,5,uptrend,market_regime_v1,2019-09-18,2026-07-10,ridge_current,189147,1.0,0.35094552350402214,0.3255059143299064,0.37254504213768047,0.27313287545292303,0.005750557444530455,0.0022811010629640517,0.006676295901948697,0.05997545053934884,-0.010236591002048231,overlapping,0.3276287755026514,0.4355346185269526,0.31685509775653187,,0
all,5,uptrend,market_regime_v1,2019-09-18,2026-07-10,ridge_decay_market,189147,1.0,0.35169373965925804,0.3311677890657121,0.37905912818299525,0.29686063490346654,0.005875080131639009,0.0022864576387113377,0.006229987441952586,0.06267903642821172,-0.007992547959908265,overlapping,0.33441185955896735,0.4352051652365984,0.323924425221944,0.5,4
all,5,uptrend,market_regime_v1,2019-09-18,2026-07-10,ridge_decay_only,189147,1.0,0.3502943429482291,0.3309890218926692,0.37400072517568245,0.29285868801038345,0.005738909570494944,0.002307443622008374,0.006230745460011778,0.0625345942096473,-0.010846507224462374,overlapping,0.3348030896604228,0.4350299302179449,0.332701014239826,0.25,4
all,5,uptrend,market_regime_v1,2019-09-18,2026-07-10,ridge_decay_volume,189147,1.0,0.35208126863187655,0.33144645436977677,0.37955751602453647,0.2978205613541723,0.005796121757500245,0.0022981051170547066,0.006300857557743025,0.06266295182987158,-0.007620969656477797,overlapping,0.33463919596927255,0.4356329286591188,0.32310241040038445,0.5,4
all,5,acute_selloff,market_regime_v1,2020-02-25,2025-04-07,logistic_decay_market,2431,1.0,0.3298477638871918,0.24399336819110798,0.28865979381443296,0.030939226519337018,0.12836540801086824,-0.02873612233713391,0.011287502675491098,,,non_overlapping,0.4821061291649527,0.4915839447561502,0.9428807947019867,0.3333333333333333,3
all,5,acute_selloff,market_regime_v1,2020-02-25,2025-04-07,majority_baseline,2431,1.0,0.3333333333333333,0.22130621965741504,0.0,0.0,,,0.015679174905979358,,,non_overlapping,0.49691484985602635,0.49691484985602635,1.0,0.3333333333333333,3
all,5,acute_selloff,market_regime_v1,2020-02-25,2025-04-07,ridge_current,2431,1.0,0.39539645277281305,0.3877328001649471,0.4855195911413969,0.3149171270718232,-0.003980449465566353,0.006874343539572256,0.02758747444617332,0.07988297133931715,0.20336672675116896,non_overlapping,0.455779514603044,0.5525727069351231,0.6134105960264901,,0
all,5,acute_selloff,market_regime_v1,2020-02-25,2025-04-07,ridge_decay_market,2431,1.0,0.39273735171594265,0.38187653399030186,0.424483306836248,0.2950276243093923,0.005037571124319672,0.00011165591009256338,0.02692202474439191,0.09242825599001253,0.1647936636976047,non_overlapping,0.4450843274372686,0.5594135802469136,0.6001655629139073,0.6666666666666666,3
all,5,acute_selloff,market_regime_v1,2020-02-25,2025-04-07,ridge_decay_only,2431,1.0,0.39532345413441106,0.38705767615107084,0.4432515337423313,0.31933701657458563,0.0019303373746118945,-0.001766495258127981,0.029655413062687836,0.09127906148386594,0.18920877292118796,non_overlapping,0.4516659810777458,0.5687352710133543,0.5993377483443708,0.3333333333333333,3
all,5,acute_selloff,market_regime_v1,2020-02-25,2025-04-07,ridge_decay_volume,2431,1.0,0.38080787614405187,0.3737942674212427,0.41916167664670656,0.30939226519337015,0.005432991248555082,-0.00019275400877650516,0.027381799720339887,0.09279874322432155,0.16350272890077092,non_overlapping,0.4393253805018511,0.56215360253365,0.5877483443708609,0.0,3
all,5,correction,market_regime_v1,2020-03-03,2026-03-31,logistic_decay_market,11353,1.0,0.34676155340762377,0.3074577473648454,0.3799212598425197,0.14091019712825506,0.010849715651662258,-0.008217564167805206,0.008333352312822156,,,non_overlapping,0.4778472650400775,0.5013689974726201,0.8470023127557375,0.25,4
all,5,correction,market_regime_v1,2020-03-03,2026-03-31,majority_baseline,11353,1.0,0.3333333333333333,0.22076901928439574,0.0,0.0,,,0.008185680555607621,,,non_overlapping,0.49511142429313837,0.49511142429313837,1.0,0.0,4
all,5,correction,market_regime_v1,2020-03-03,2026-03-31,ridge_current,11353,1.0,0.356832008459099,0.3332205183652896,0.37361061312298316,0.2535896811876369,0.002502019351358915,0.003234850929813236,0.016327823735826443,0.06614727821074436,0.09779871684521606,non_overlapping,0.3591121289526997,0.5401213755900203,0.4275040028464686,,0
all,5,correction,market_regime_v1,2020-03-03,2026-03-31,ridge_decay_market,11353,1.0,0.3607997534296594,0.3431616159324727,0.37773243952200525,0.31540520807982475,0.003942107535102246,0.0029477933542453798,0.016023193737391077,0.06884045047350144,0.07588917601696764,non_overlapping,0.36827270325024225,0.5379052950781432,0.4102472869596157,0.5,4
all,5,correction,market_regime_v1,2020-03-03,2026-03-31,ridge_decay_only,11353,1.0,0.35637271199621096,0.341029699525271,0.37734217353704236,0.3185689948892675,0.003406021286211139,0.004475825970980087,0.015084421237355058,0.06902986793305738,0.0784231628980265,non_overlapping,0.3675680436888928,0.5356481481481481,0.4116705212595624,0.25,4
all,5,correction,market_regime_v1,2020-03-03,2026-03-31,ridge_decay_volume,11353,1.0,0.3604398108142783,0.34313098054202223,0.3790906458152331,0.3185689948892675,0.003603597289359923,0.003521997560205313,0.015858617185886163,0.06879211124653455,0.07687475262332817,non_overlapping,0.3681846208050735,0.537830873740923,0.40846824408468246,0.5,4
all,5,range_bound,market_regime_v1,2020-04-15,2026-07-14,logistic_decay_market,6341,1.0,0.3592974338589509,0.35609803978510385,0.3568486096807415,0.28875,0.014945590234824817,0.0033002000518889936,0.0031256299180810964,,,non_overlapping,0.39220943068916575,0.4549805563864792,0.5191126279863482,0.25,4
all,5,range_bound,market_regime_v1,2020-04-15,2026-07-14,majority_baseline,6341,1.0,0.3333333333333333,0.21069284147700715,0.0,0.0,,,0.006774692999048995,,,non_overlapping,0.46207222835514905,0.46207222835514905,1.0,0.25,4
all,5,range_bound,market_regime_v1,2020-04-15,2026-07-14,ridge_current,6341,1.0,0.3602121262247248,0.3211927600454008,0.3421461897356143,0.18333333333333332,0.00725180506061972,0.006143683654192289,0.007107825168814556,0.059039117002501834,-0.04035109486714707,non_overlapping,0.3403248698943384,0.4633233532934132,0.4225255972696246,,0
all,5,range_bound,market_regime_v1,2020-04-15,2026-07-14,ridge_decay_market,6341,1.0,0.35038947853475255,0.3285136321421194,0.3630613535736875,0.23916666666666667,0.004238557818546365,0.007408188838517222,0.007786639361739871,0.06040337330010682,-0.002142898121004153,non_overlapping,0.3486831730011039,0.4743052912066997,0.4252559726962457,0.25,4
all,5,range_bound,market_regime_v1,2020-04-15,2026-07-14,ridge_decay_only,6341,1.0,0.34687815429591895,0.3261312092438786,0.3553615960099751,0.2375,0.004068612740081935,0.006438925862708621,0.00869752512402908,0.06044573250464033,-0.0017226026675814683,non_overlapping,0.3469484308468696,0.47562833206397565,0.42627986348122865,0.25,4
all,5,range_bound,market_regime_v1,2020-04-15,2026-07-14,ridge_decay_volume,6341,1.0,0.3533676472904985,0.33046607391431654,0.36727989487516427,0.23291666666666666,0.004134169677566465,0.006835297911088072,0.008229023200609427,0.06030828219573132,0.001737900530993435,non_overlapping,0.3518372496451664,0.47718773373223633,0.4354948805460751,0.25,4
all,5,under_pressure,market_regime_v1,2019-09-26,2026-07-17,logistic_decay_market,16997,1.0,0.3591169465247785,0.3335460628049645,0.4232605729877217,0.17665480427046262,0.00993879387069742,0.0012832920375105026,-0.0007250777058831701,,,non_overlapping,0.405718656233453,0.41932327761924176,0.7192001118724654,0.75,4
all,5,under_pressure,market_regime_v1,2019-09-26,2026-07-17,majority_baseline,16997,1.0,0.3333333333333333,0.1974214565733532,0.0,0.0,,,0.0013271395677911782,,,non_overlapping,0.42072130375948696,0.42072130375948696,1.0,0.5,4
all,5,under_pressure,market_regime_v1,2019-09-26,2026-07-17,ridge_current,16997,1.0,0.3357007885466385,0.2978639975236523,0.3726283835061978,0.2096797153024911,0.0033511053922630906,0.0018568199582957585,-0.0008175993991713643,0.06441910171487038,-0.03635504672402105,non_overlapping,0.30222980525975174,0.4190134529147982,0.3266675989372116,,0
all,5,under_pressure,market_regime_v1,2019-09-26,2026-07-17,ridge_decay_market,16997,1.0,0.33099327571151366,0.300698159573487,0.3609799955046078,0.22861209964412813,0.006952759813549051,0.0009719852117816969,-0.0026051157470376044,0.0665874516899323,-0.06021610489389192,non_overlapping,0.3061716773548273,0.4140149539210572,0.3329604251153685,0.0,4
all,5,under_pressure,market_regime_v1,2019-09-26,2026-07-17,ridge_decay_only,16997,1.0,0.3275805092122011,0.2995014411983458,0.36338482822227347,0.22434163701067616,0.004997591481950905,0.0012377032792781604,-0.0012782889853357458,0.06656402142743013,-0.047231259065629035,non_overlapping,0.30623051126669415,0.41858090862685043,0.34400783107257726,0.25,4
all,5,under_pressure,market_regime_v1,2019-09-26,2026-07-17,ridge_decay_volume,16997,1.0,0.32878786686837275,0.29892442862294916,0.35777126099706746,0.22576512455516015,0.007381337752469515,0.0005285367200467061,-0.0023874123296873774,0.0665458905286847,-0.060720890152287876,non_overlapping,0.30458316173442374,0.4141939961825438,0.3337994686057894,0.0,4
all,5,uptrend,market_regime_v1,2019-09-18,2026-07-10,logistic_decay_market,37311,1.0,0.39543950940320177,0.38551237390709847,0.4269705459226168,0.38780001375421225,0.006735787402237863,0.0027141882717709783,0.005274997074809361,,,non_overlapping,0.39339604942242234,0.43635721849629366,0.3932434151927726,1.0,4
all,5,uptrend,market_regime_v1,2019-09-18,2026-07-10,majority_baseline,37311,1.0,0.3333333333333333,0.1976025696631403,0.0,0.0,,,0.005109919193244936,,,non_overlapping,0.42126986679531503,0.42126986679531503,1.0,0.0,4
all,5,uptrend,market_regime_v1,2019-09-18,2026-07-10,ridge_current,37311,1.0,0.35718438400759883,0.3317460185771519,0.3807088052612349,0.28663778282098895,0.006107760739451819,0.0022405391410646063,0.007953912822893447,0.06005001756399646,-0.002259004354141399,non_overlapping,0.3341105840100775,0.4423552259887006,0.31880646392670825,,0
all,5,uptrend,market_regime_v1,2019-09-18,2026-07-10,ridge_decay_market,37311,1.0,0.3539940990675034,0.3335556085160694,0.38503319251659623,0.307131559039956,0.006126218668567708,0.003020009628110307,0.0066185081375443626,0.06317617166879248,-0.009179424268259417,non_overlapping,0.3371391814746321,0.4340739469846444,0.32192390889426137,0.0,4
all,5,uptrend,market_regime_v1,2019-09-18,2026-07-10,ridge_decay_only,37311,1.0,0.354848822984446,0.3353719631683643,0.3828212410706601,0.30589367993948147,0.006133131635127032,0.002798381784348008,0.0067838922514693225,0.06287207059666397,-0.008919783012221936,non_overlapping,0.3394441317573906,0.43631481792247023,0.3308308945158417,0.25,4
all,5,uptrend,market_regime_v1,2019-09-18,2026-07-10,ridge_decay_volume,37311,1.0,0.3545094127270963,0.3338441811226021,0.3858104609010875,0.3074066432845059,0.006086777862579624,0.0030440586790158783,0.006639861394424308,0.06315758836526125,-0.008335834285992086,non_overlapping,0.3373535954544236,0.4342331499312242,0.3213513169614455,0.25,4
all,20,acute_selloff,market_regime_v1,2020-02-25,2025-04-08,logistic_decay_market,10720,1.0,0.3508145751556406,0.2857200626881376,0.5474308300395256,0.07599451303155007,-0.02545003512652505,-0.05904475777769554,0.04619226368989201,,,overlapping,0.5468283582089553,0.5477619281849484,0.9633217993079585,0.5,4
all,20,acute_selloff,market_regime_v1,2020-02-25,2025-04-08,majority_baseline,10720,1.0,0.3333333333333333,0.2335353535353535,0.0,0.0,,,0.04232961282673727,,,overlapping,0.539179104477612,0.539179104477612,1.0,0.25,4
all,20,acute_selloff,market_regime_v1,2020-02-25,2025-04-08,ridge_current,10720,1.0,0.3793680503642484,0.35531594272820105,0.3451104100946372,0.15006858710562415,0.019693969417824003,0.001517915204399119,0.05806867659684225,0.16546556336251453,0.18776291010799134,overlapping,0.47229477611940296,0.5771412757714127,0.7216262975778547,,0
all,20,acute_selloff,market_regime_v1,2020-02-25,2025-04-08,ridge_decay_market,10720,1.0,0.3591702511541035,0.3510664210087419,0.32217090069284066,0.22962962962962963,0.038896973075689324,0.009869364436294353,0.05213330233370478,0.22273079721930622,0.10742808482141118,overlapping,0.44057835820895525,0.5571406419599938,0.6216262975778547,0.0,4
all,20,acute_selloff,market_regime_v1,2020-02-25,2025-04-08,ridge_decay_only,10720,1.0,0.35078229337275,0.33660653220405773,0.28893058161350843,0.16899862825788753,0.048741908807260884,0.010553419798032034,0.04783559018492175,0.22308193747234567,0.0886000352954914,overlapping,0.4390858208955224,0.5462390335107148,0.6570934256055363,0.0,4
all,20,acute_selloff,market_regime_v1,2020-02-25,2025-04-08,ridge_decay_volume,10720,1.0,0.36328616167353406,0.35162571365283884,0.31660061646851606,0.19725651577503428,0.041944502948066814,0.011400043873804926,0.049755589897471676,0.22569161644605823,0.10999236377069935,overlapping,0.449160447761194,0.5542715038033939,0.6555363321799308,0.0,4
all,20,correction,market_regime_v1,2020-03-02,2026-03-31,logistic_decay_market,57645,1.0,0.33026945943609437,0.2511237616210188,0.2587920489296636,0.03249807987711213,0.09137918556110086,0.010710852246601326,0.029733870315488006,,,overlapping,0.49386763812993323,0.5059389813137136,0.9381660218556981,0.25,4
all,20,correction,market_regime_v1,2020-03-02,2026-03-31,majority_baseline,57645,1.0,0.3333333333333333,0.22550538967524192,0.0,0.0,,,0.032402708335015414,,,overlapping,0.5111631537861046,0.5111631537861046,1.0,0.0,4
all,20,correction,market_regime_v1,2020-03-02,2026-03-31,ridge_current,57645,1.0,0.3585723338843761,0.3349090446029395,0.3454748028796709,0.19350038402457756,0.018824960227249003,0.017729121619082154,0.04526507261266587,0.14421443108754464,0.08555979615482749,overlapping,0.3959580189088386,0.5421431876776625,0.5566415529763117,,0
all,20,correction,market_regime_v1,2020-03-02,2026-03-31,ridge_decay_market,57645,1.0,0.35216614577719946,0.3387888214228827,0.3476746568326163,0.24438364055299538,0.026729140075403703,0.018833863689803394,0.041543236729422554,0.15312797962544183,0.05580637824228158,overlapping,0.39632231763379305,0.5350231670754975,0.5329532342360687,0.0,4
all,20,correction,market_regime_v1,2020-03-02,2026-03-31,ridge_decay_only,57645,1.0,0.3529887151072481,0.33906665311157463,0.34631586216421517,0.24073540706605223,0.024812031988726307,0.01937342147116594,0.042174639756515295,0.15356926488910377,0.05607234277317951,overlapping,0.3970856102003643,0.535983178457573,0.5363469761759316,0.0,4
all,20,correction,market_regime_v1,2020-03-02,2026-03-31,ridge_decay_volume,57645,1.0,0.35138561416613684,0.33750911024300895,0.34647030353315356,0.24054339477726575,0.027643426245031293,0.019529598580588222,0.04074682865405362,0.15370525544742114,0.05017706063453657,overlapping,0.3949171654089687,0.5328080423855455,0.5324102355256907,0.0,4
all,20,range_bound,market_regime_v1,2019-12-03,2026-04-14,logistic_decay_market,31825,1.0,0.3513691622630322,0.3119837121687232,0.42517999610819224,0.1615287942633252,0.03208753487103213,-0.004172775823210623,0.011521516086772722,,,overlapping,0.4166535742340927,0.4263703464687613,0.7901188429628523,0.5,4
all,20,range_bound,market_regime_v1,2019-12-03,2026-04-14,majority_baseline,31825,1.0,0.3333333333333333,0.19731292216028082,0.0,0.0,,,0.013908930884784055,,,overlapping,0.42039277297721916,0.42039277297721916,1.0,0.5,4
all,20,range_bound,market_regime_v1,2019-12-03,2026-04-14,ridge_current,31825,1.0,0.34252813629908757,0.3133407661419852,0.37613269851021347,0.18104531677385968,0.01948110862686806,0.011678494468360947,0.012942560748763427,0.1325240900024873,-0.05198294137825805,overlapping,0.3415553809897879,0.42167240839336045,0.5031766200762389,,0
all,20,range_bound,market_regime_v1,2019-12-03,2026-04-14,ridge_decay_market,31825,1.0,0.34430826963195066,0.3211954635730982,0.3949126048031832,0.2054409699120278,0.018021839785811383,0.011439803028451693,0.013419200621324704,0.13750979012970405,-0.03799163282743116,overlapping,0.3516417910447761,0.4212528375973986,0.5131923163166155,0.75,4
all,20,range_bound,market_regime_v1,2019-12-03,2026-04-14,ridge_decay_only,31825,1.0,0.3420225652687769,0.32463320715085825,0.39524334927056515,0.23833813853773933,0.014978511340005295,0.01071663151450997,0.015087512725916602,0.1378811860763604,-0.0373213448631865,overlapping,0.3518303220738413,0.4238718116415958,0.48441587562598104,0.75,4
all,20,range_bound,market_regime_v1,2019-12-03,2026-04-14,ridge_decay_volume,31825,1.0,0.34058524598227863,0.3199647000761976,0.3884297520661157,0.21889554224883567,0.019075963336188082,0.0109252345901189,0.01302833764300755,0.13810342182046673,-0.04916056993283535,overlapping,0.3471170463472113,0.419170884859358,0.48897525973540623,0.75,4
all,20,under_pressure,market_regime_v1,2019-09-24,2026-06-25,logistic_decay_market,78678,1.0,0.3412963111475835,0.30350347968510566,0.35765518462764545,0.13678542400433488,0.044645263919209414,0.011943907261209764,0.017040278588002243,,,overlapping,0.43727598566308246,0.4579878515326119,0.805990656773839,0.25,4
all,20,under_pressure,market_regime_v1,2019-09-24,2026-06-25,majority_baseline,78678,1.0,0.3333333333333333,0.21083185594604928,0.0,0.0,,,0.020785935997043252,,,overlapping,0.4625181117974529,0.4625181117974529,1.0,0.25,4
all,20,under_pressure,market_regime_v1,2019-09-24,2026-06-25,ridge_current,78678,1.0,0.3469242889667081,0.3232011583593975,0.35490554539914687,0.19723652126794908,0.015326182919229762,0.013001292627779229,0.02933787020555405,0.13446116228276508,0.036202129167297856,overlapping,0.35107653982053433,0.48335988167026966,0.466968947513053,,0
all,20,under_pressure,market_regime_v1,2019-09-24,2026-06-25,ridge_decay_market,78678,1.0,0.3418308753351072,0.32402417200148675,0.3457429931253305,0.22141696017339474,0.02247680179666303,0.012651682682315337,0.02557878613596122,0.14097617852819821,0.009329086658953042,overlapping,0.35096214952083177,0.4740287462644087,0.45768068150590824,0.0,4
all,20,under_pressure,market_regime_v1,2019-09-24,2026-06-25,ridge_decay_only,78678,1.0,0.34631572458368737,0.3278609151381143,0.35654642618570476,0.2169127607694392,0.017533691518876716,0.013128256762637357,0.027677523028337595,0.1401143708436551,0.02473236206729003,overlapping,0.3573425862375759,0.4803869783992661,0.4748557295960429,0.5,4
all,20,under_pressure,market_regime_v1,2019-09-24,2026-06-25,ridge_decay_volume,78678,1.0,0.34185818152055286,0.3237061958843439,0.347695766204571,0.21999458141425088,0.022050753640300423,0.012767070554911896,0.025783837120234486,0.14067508499937345,0.011042728000482796,overlapping,0.3506062685884237,0.47367971773275663,0.4574608408903545,0.0,4
all,20,uptrend,market_regime_v1,2019-09-18,2026-06-22,logistic_decay_market,188667,1.0,0.3543373748166463,0.3431391259923919,0.36481297520345396,0.54551297616157,0.03304549387220514,0.008201506325830258,0.011882269836446774,,,overlapping,0.37163361902187453,0.43819480496231716,0.28061768448566415,0.75,4
all,20,uptrend,market_regime_v1,2019-09-18,2026-06-22,majority_baseline,188667,1.0,0.3333333333333333,0.21077749103526933,0.0,0.0,,,0.023077334502838574,,,overlapping,0.4623437061065263,0.4623437061065263,1.0,0.5,4
all,20,uptrend,market_regime_v1,2019-09-18,2026-06-22,ridge_current,188667,1.0,0.335202511162172,0.3221257645268991,0.33749632904153204,0.3118706525930899,0.02078571101965175,0.015135295052481387,0.03251194277773591,0.14285963932981294,-0.01152177804828756,overlapping,0.33619021874519656,0.47456015216357583,0.3546756239324078,,0
all,20,uptrend,market_regime_v1,2019-09-18,2026-06-22,ridge_decay_market,188667,1.0,0.3384778085054186,0.32761280590127023,0.3480958556859046,0.33735163469641355,0.023350914551395808,0.014834571905391685,0.029684917751033466,0.150667944600897,-0.012186463215004413,overlapping,0.3435470962065438,0.47239739245391965,0.3563952355294684,0.5,4
all,20,uptrend,market_regime_v1,2019-09-18,2026-06-22,ridge_decay_only,188667,1.0,0.3364678963423189,0.3265067030070927,0.3424557643942438,0.32868181623412795,0.022306959507044092,0.01495539505474824,0.03032748964595044,0.14948278513088256,-0.013707071487107399,overlapping,0.34345169001468195,0.47195286245133017,0.3654633206846347,0.5,4
all,20,uptrend,market_regime_v1,2019-09-18,2026-06-22,ridge_decay_volume,188667,1.0,0.3387625114295006,0.32776570583198955,0.3484294462311115,0.3388942053618614,0.022917866151688962,0.015173953125819846,0.029899914727350596,0.15062962180644987,-0.011802649424848226,overlapping,0.3435470962065438,0.4729475759011108,0.35484758509211384,0.5,4
all,20,acute_selloff,market_regime_v1,2020-03-10,2024-08-07,logistic_decay_market,613,1.0,0.33264004577044104,0.23447769572915314,0.2857142857142857,0.009389671361502348,0.16330178516218222,0.05587112852820649,0.02547532477286203,,,non_overlapping,0.499184339314845,0.5024875621890548,0.9774193548387097,0.5,2
all,20,acute_selloff,market_regime_v1,2020-03-10,2024-08-07,majority_baseline,613,1.0,0.3333333333333333,0.2239075478512098,0.0,0.0,,,0.027197955497154484,,,non_overlapping,0.5057096247960848,0.5057096247960848,1.0,0.5,2
all,20,acute_selloff,market_regime_v1,2020-03-10,2024-08-07,ridge_current,613,1.0,0.34581924041260703,0.34577619916579766,0.3333333333333333,0.30985915492957744,0.020378185725524724,0.027561390847489885,0.03119620522443989,0.14729287708680375,0.04233996312257228,non_overlapping,0.4078303425774878,0.5060606060606061,0.5387096774193548,,0
all,20,acute_selloff,market_regime_v1,2020-03-10,2024-08-07,ridge_decay_market,613,1.0,0.3074932269843674,0.3058571324758375,0.28431372549019607,0.27230046948356806,0.03448586073339443,0.02102339662333307,0.02454428445790938,0.176346895979416,0.007990057243678485,non_overlapping,0.3556280587275693,0.4847457627118644,0.4612903225806452,0.5,2
all,20,acute_selloff,market_regime_v1,2020-03-10,2024-08-07,ridge_decay_only,613,1.0,0.3146263482928635,0.31322440551960745,0.275,0.25821596244131456,0.03792924468659813,0.004855526933089136,0.027479057792738525,0.17412410007274168,-0.021880721723997347,non_overlapping,0.36867862969004894,0.49201277955271566,0.4967741935483871,0.0,2
all,20,acute_selloff,market_regime_v1,2020-03-10,2024-08-07,ridge_decay_volume,613,1.0,0.31267942181163444,0.3104113671150121,0.27807486631016043,0.24413145539906103,0.034948501569549754,0.005184364255839404,0.02988354728780921,0.17713112344752116,0.04817159579530225,non_overlapping,0.3719412724306688,0.4984423676012461,0.5161290322580645,0.0,2
all,20,correction,market_regime_v1,2020-04-07,2026-03-26,logistic_decay_market,2630,1.0,0.32848983777776347,0.264701767857387,0.2863636363636364,0.06548856548856549,0.0920534077029597,-0.011249321106830568,0.031833073335744116,,,non_overlapping,0.4779467680608365,0.49581589958158995,0.8936651583710408,0.5,4
all,20,correction,market_regime_v1,2020-04-07,2026-03-26,majority_baseline,2630,1.0,0.3333333333333333,0.22345803842264914,0.0,0.0,,,0.03654289298286805,,,non_overlapping,0.5041825095057034,0.5041825095057034,1.0,0.5,4
all,20,correction,market_regime_v1,2020-04-07,2026-03-26,ridge_current,2630,1.0,0.3790363356926824,0.34320220184621614,0.3875,0.16112266112266113,0.011203453167582892,0.014425623213872153,0.055205655800274686,0.13414644999331704,0.1099305364996653,non_overlapping,0.4098859315589354,0.5445816186556928,0.5987933634992458,,0
all,20,correction,market_regime_v1,2020-04-07,2026-03-26,ridge_decay_market,2630,1.0,0.3647350613294886,0.3448104392169851,0.37662337662337664,0.21101871101871103,0.0273219112599163,0.020693949792676383,0.0471043790091433,0.1495197484248157,0.050830393272665225,non_overlapping,0.40760456273764256,0.5294525294525294,0.5761689291101055,0.25,4
all,20,correction,market_regime_v1,2020-04-07,2026-03-26,ridge_decay_only,2630,1.0,0.36463565256134917,0.3432104951191464,0.35977859778597787,0.20270270270270271,0.027249367464137933,0.024476620748168476,0.04522574034817151,0.1494464836703996,0.039588647857743436,non_overlapping,0.4053231939163498,0.5236787920384351,0.5754147812971342,0.5,4
all,20,correction,market_regime_v1,2020-04-07,2026-03-26,ridge_decay_volume,2630,1.0,0.36513782179416854,0.34248198656154577,0.371868978805395,0.20062370062370063,0.03144494097209086,0.0221088771735262,0.045010705988957726,0.14828128872504442,0.03624166304103372,non_overlapping,0.40418250950570345,0.5255878284923928,0.5731523378582202,0.25,4
all,20,range_bound,market_regime_v1,2020-04-16,2026-04-14,logistic_decay_market,1591,1.0,0.3822459135943626,0.3411589331993463,0.4866666666666667,0.12106135986733002,0.03522366827050947,0.0036631837375608305,0.03737409845210489,,,non_overlapping,0.48271527341294784,0.4896449704142012,0.8909825033647375,0.6666666666666666,3
all,20,range_bound,market_regime_v1,2020-04-16,2026-04-14,majority_baseline,1591,1.0,0.3333333333333333,0.212225078548986,0.0,0.0,,,0.03528557806440298,,,non_overlapping,0.46700188560653677,0.46700188560653677,1.0,0.0,3
all,20,range_bound,market_regime_v1,2020-04-16,2026-04-14,ridge_current,1591,1.0,0.36240291661149304,0.33499948739128477,0.4090909090909091,0.23880597014925373,0.007907272120440394,0.03999523126559404,0.04579966390070718,0.12027992184871342,0.04444275267658182,non_overlapping,0.35512256442489,0.4854961832061069,0.42799461641991926,,0
all,20,range_bound,market_regime_v1,2020-04-16,2026-04-14,ridge_decay_market,1591,1.0,0.35429565472582464,0.34294413776901794,0.42035398230088494,0.3150912106135987,0.010593270526344865,0.026894505039813662,0.06025739583242156,0.11939121529892859,0.0909223549251618,non_overlapping,0.366436203645506,0.5040257648953301,0.42126514131897713,0.3333333333333333,3
all,20,range_bound,market_regime_v1,2020-04-16,2026-04-14,ridge_decay_only,1591,1.0,0.36747152679909584,0.3522553609937365,0.41005802707930367,0.351575456053068,0.011911474548031093,0.03682690320171649,0.05505947019557935,0.11990601482308354,0.10300730144607216,non_overlapping,0.3714644877435575,0.5087412587412588,0.3916554508748318,0.6666666666666666,3
all,20,range_bound,market_regime_v1,2020-04-16,2026-04-14,ridge_decay_volume,1591,1.0,0.3532915378731482,0.340772959740326,0.4132762312633833,0.3200663349917081,0.013477806107392642,0.02574209060214428,0.06065212300865949,0.11991882158026855,0.08430782018996753,non_overlapping,0.3620364550597109,0.5025041736227045,0.40511440107671604,0.3333333333333333,3
all,20,under_pressure,market_regime_v1,2020-09-16,2026-06-23,logistic_decay_market,5012,1.0,0.3352806277879443,0.2989038498230486,0.30926430517711173,0.12541436464088399,0.06342770298323246,0.01576733043475428,0.020347117188419358,,,non_overlapping,0.43136472466081405,0.45984680009883866,0.7942808365343577,0.5,4
all,20,under_pressure,market_regime_v1,2020-09-16,2026-06-23,majority_baseline,5012,1.0,0.3333333333333333,0.2123725356900068,0.0,0.0,,,0.0264451258143763,,,non_overlapping,0.4674780526735834,0.4674780526735834,1.0,0.25,4
all,20,under_pressure,market_regime_v1,2020-09-16,2026-06-23,ridge_current,5012,1.0,0.3453069966184776,0.32385891957011775,0.338477366255144,0.18176795580110497,0.022954396821632826,0.021153462682868256,0.03138954021685137,0.14027095446641283,0.009542717293640401,non_overlapping,0.3577414205905826,0.4764462809917355,0.49210413999146396,,0
all,20,under_pressure,market_regime_v1,2020-09-16,2026-06-23,ridge_decay_market,5012,1.0,0.3318629884405037,0.31222284991771593,0.3058712121212121,0.17845303867403314,0.0412717835505208,0.021118995284312585,0.0233439117691311,0.15103222803427316,-0.05071656357300178,non_overlapping,0.3433758978451716,0.45170571311138513,0.46905676483141273,0.25,4
all,20,under_pressure,market_regime_v1,2020-09-16,2026-06-23,ridge_decay_only,5012,1.0,0.3416522040661037,0.3196572190448032,0.31306081754735793,0.1734806629834254,0.03365104684976928,0.02031749618960328,0.027303043476958586,0.15019891742245975,-0.037403848509189354,non_overlapping,0.3531524341580207,0.46091861402095086,0.48826291079812206,0.25,4
all,20,under_pressure,market_regime_v1,2020-09-16,2026-06-23,ridge_decay_volume,5012,1.0,0.33276162843160206,0.31302727126890034,0.31100478468899523,0.17955801104972377,0.04130633927296445,0.02275461300945867,0.02238968119357828,0.1509288016622897,-0.050168857641585136,non_overlapping,0.34417398244213887,0.45118949958982774,0.4694835680751174,0.0,4
all,20,uptrend,market_regime_v1,2019-09-18,2026-06-22,logistic_decay_market,8965,1.0,0.3475789583899676,0.338766107730404,0.3587939698492462,0.5323590814196242,0.027258222398597928,0.005253472813598909,0.008135910331712922,,,non_overlapping,0.36620189626324595,0.4273921200750469,0.28186092551348674,0.75,4
all,20,uptrend,market_regime_v1,2019-09-18,2026-06-22,majority_baseline,8965,1.0,0.3333333333333333,0.20713516838382284,0.0,0.0,,,0.0183215514718414,,,non_overlapping,0.45075292805354156,0.45075292805354156,1.0,0.75,4
all,20,uptrend,market_regime_v1,2019-09-18,2026-06-22,ridge_current,8965,1.0,0.32202174290356433,0.31376745705819936,0.337109614206981,0.3283626603042052,0.01909095236567623,0.023145037476978818,0.013611542064667834,0.14635265982685366,-0.052479010427893595,non_overlapping,0.3278304517568321,0.43469971401334606,0.33853006681514475,,0
all,20,uptrend,market_regime_v1,2019-09-18,2026-06-22,ridge_decay_market,8965,1.0,0.3244880100878162,0.3177042101462344,0.3423913043478261,0.33820459290187893,0.023635971961638805,0.01756999511967386,0.013424446344943693,0.15495607879006765,-0.04724453256934339,non_overlapping,0.3337423312883436,0.43682086308599816,0.348181143281366,0.75,4
all,20,uptrend,market_regime_v1,2019-09-18,2026-06-22,ridge_decay_only,8965,1.0,0.3292427148731632,0.3226361901005375,0.3467065868263473,0.3453623620638234,0.02183978575054243,0.02027841787034103,0.013299492392750774,0.15378112084889106,-0.04569610900406876,non_overlapping,0.3390964863357501,0.43790248390064396,0.35337787676317745,0.75,4
all,20,uptrend,market_regime_v1,2019-09-18,2026-06-22,ridge_decay_volume,8965,1.0,0.32700816186130427,0.3195976876733311,0.3445681613000301,0.3414852371011035,0.023168865391891932,0.018128502547612634,0.013411655146284372,0.15523435623391757,-0.04621629387699675,non_overlapping,0.33496932515337424,0.43844221105527637,0.34545904479089334,0.75,4
other,5,acute_selloff,market_regime_v1,2020-02-25,2025-04-08,logistic_decay_market,4195,1.0,0.3275916700486266,0.2883258499613366,0.3181076672104405,0.1379066478076379,0.04565393906771407,0.0218355662918413,0.006355872665848828,,,overlapping,0.49106078665077474,0.5231116121758738,0.8282016956715752,0.0,4
other,5,acute_selloff,market_regime_v1,2020-02-25,2025-04-08,majority_baseline,4195,1.0,0.3333333333333333,0.23213175885643256,0.0,0.0,,,0.01222381647696376,,,overlapping,0.534207389749702,0.534207389749702,1.0,0.0,4
other,5,acute_selloff,market_regime_v1,2020-02-25,2025-04-08,ridge_current,4195,1.0,0.3602254899423773,0.1985388429941856,0.25,0.021216407355021217,0.018575904084149806,0.009186736993378986,0.022996307008534313,0.07732092479813302,0.061699416607213245,overlapping,0.23146603098927293,0.5778834720570749,0.21686746987951808,,0
other,5,acute_selloff,market_regime_v1,2020-02-25,2025-04-08,ridge_decay_market,4195,1.0,0.37366588255689215,0.24361899245225782,0.31797235023041476,0.048797736916548796,0.044784051320566474,0.013935128637761869,0.003605142981234204,0.07799153276044102,-0.009619224570705975,overlapping,0.2798569725864124,0.5160089352196575,0.3092369477911647,0.25,4
other,5,acute_selloff,market_regime_v1,2020-02-25,2025-04-08,ridge_decay_only,4195,1.0,0.3684080131095917,0.22127574520130308,0.2645739910313901,0.04172560113154172,0.034492163845069895,0.005666263091799102,0.02753427199510445,0.0773974099476663,0.0598481962463931,overlapping,0.25029797377830754,0.5695020746887967,0.24497991967871485,1.0,4
other,5,acute_selloff,market_regime_v1,2020-02-25,2025-04-08,ridge_decay_volume,4195,1.0,0.3744149840495619,0.23321665124122185,0.28708133971291866,0.042432814710042434,0.03280834154150734,0.0056413205317691765,0.025877172099164014,0.07728538922464304,0.0611013061668499,overlapping,0.265792610250298,0.5728782287822878,0.27710843373493976,0.75,4
other,5,correction,market_regime_v1,2020-03-02,2026-03-31,logistic_decay_market,21984,1.0,0.34603570007308754,0.3230680172838179,0.37370753323485967,0.1860294117647059,0.014232293587348658,-0.0005324426685838771,0.0028352783795760565,,,overlapping,0.4353165938864629,0.4660482599733236,0.7499512195121951,0.25,4
other,5,correction,market_regime_v1,2020-03-02,2026-03-31,majority_baseline,21984,1.0,0.3333333333333333,0.2119914789766499,0.0,0.0,,,0.004722358534106621,,,overlapping,0.4662481804949054,0.4662481804949054,1.0,0.0,4
other,5,correction,market_regime_v1,2020-03-02,2026-03-31,ridge_current,21984,1.0,0.36421670562347347,0.20547361593549474,0.4795417348608838,0.03590686274509804,-0.005322928003305368,0.003850417717781057,0.011022873172814356,0.05154347390095746,0.054103732224466565,overlapping,0.23685407569141192,0.5055008685581934,0.17034146341463416,,0
other,5,correction,market_regime_v1,2020-03-02,2026-03-31,ridge_decay_market,21984,1.0,0.36332129140253516,0.21859656125730278,0.42885181550539747,0.05355392156862745,0.007036637758748353,0.005160117185391899,0.002227022689051759,0.05182681570214532,0.03628173835794528,overlapping,0.24395014556040756,0.4769895753877447,0.18302439024390244,0.5,4
other,5,correction,market_regime_v1,2020-03-02,2026-03-31,ridge_decay_only,21984,1.0,0.3636328951205507,0.21735051302227473,0.42714570858283435,0.052450980392156864,0.008997210388022802,0.004819717603256895,0.0031841980720947764,0.05188145159657736,0.015446729673472008,overlapping,0.24313136826783116,0.4785418821096174,0.18058536585365853,0.5,4
other,5,correction,market_regime_v1,2020-03-02,2026-03-31,ridge_decay_volume,21984,1.0,0.3642103373184889,0.21982654253700762,0.44357976653696496,0.05588235294117647,0.005272140399973387,0.004712809436948016,0.004618550496061029,0.051842270342332984,0.03290685376038387,overlapping,0.24463245997088792,0.4823134521043119,0.18224390243902439,0.5,4
other,5,range_bound,market_regime_v1,2019-12-03,2026-07-14,logistic_decay_market,12208,1.0,0.3828841350074153,0.37296259820639505,0.37819164914388703,0.2937470835277648,0.011779286314128947,0.003532849814202164,0.008549283166775449,,,overlapping,0.3911369593709043,0.46677356137537857,0.4666904168151051,1.0,4
other,5,range_bound,market_regime_v1,2019-12-03,2026-07-14,majority_baseline,12208,1.0,0.3333333333333333,0.2100026184865148,0.0,0.0,,,0.008088029001313082,,,overlapping,0.4598623853211009,0.4598623853211009,1.0,0.0,4
other,5,range_bound,market_regime_v1,2019-12-03,2026-07-14,ridge_current,12208,1.0,0.35997542605046595,0.2003292966132523,0.3448275862068966,0.006999533364442371,0.016670252286201906,0.007724167149669301,0.00945478409723139,0.04206227564095215,-0.0061751554061180314,overlapping,0.2518020969855832,0.4553613604156826,0.17171357320983255,,0
other,5,range_bound,market_regime_v1,2019-12-03,2026-07-14,ridge_decay_market,12208,1.0,0.3693949814220611,0.22788130557311495,0.38242894056847543,0.03453103126458236,0.017659656121447043,0.00600141093929325,0.015338467694591518,0.04197149397462657,0.02059945572058434,overlapping,0.26802096985583224,0.488641425389755,0.19540434627716424,0.75,4
other,5,range_bound,market_regime_v1,2019-12-03,2026-07-14,ridge_decay_only,12208,1.0,0.36465195659731037,0.21726967547364082,0.38571428571428573,0.012599160055996267,0.014494314430700265,0.006516278826787343,0.013847313774480011,0.04192233276525177,0.018743097589965885,overlapping,0.26515399737876805,0.4734279918864097,0.2078731742073388,0.75,4
other,5,range_bound,market_regime_v1,2019-12-03,2026-07-14,ridge_decay_volume,12208,1.0,0.364499424378593,0.21584126350604604,0.3556701030927835,0.016098926738217452,0.01910088974418673,0.0060477461291095335,0.01583578788000015,0.04194619469722502,0.023254249490055928,overlapping,0.2624508519003932,0.4816272965879265,0.19611685073031707,0.75,4
other,5,under_pressure,market_regime_v1,2019-09-24,2026-07-17,logistic_decay_market,31080,1.0,0.3615968112811889,0.34639494769601614,0.39464993394980186,0.20046971984566347,0.00819867275849642,0.001353584708489141,0.001450907832518776,,,overlapping,0.38883526383526384,0.41967861043215976,0.6168310020637469,0.75,4
other,5,under_pressure,market_regime_v1,2019-09-24,2026-07-17,majority_baseline,31080,1.0,0.3333333333333333,0.19749564114756699,0.0,0.0,,,0.002747576973058315,,,overlapping,0.4209459459459459,0.4209459459459459,1.0,0.0,4
other,5,under_pressure,market_regime_v1,2019-09-24,2026-07-17,ridge_current,31080,1.0,0.35376084139042474,0.18468814268071385,0.3675373134328358,0.016524073142090253,0.0049024428354304365,0.002635456371526808,0.0032935032114650227,0.0418133633262211,-0.016798866541272797,overlapping,0.23645431145431145,0.43577848651783124,0.1148819078193075,,0
other,5,under_pressure,market_regime_v1,2019-09-24,2026-07-17,ridge_decay_market,31080,1.0,0.35407816237611783,0.1934877081069859,0.3730886850152905,0.02046636470390874,0.007679617189313939,0.00234258253197763,0.004684705745903928,0.04183361257058571,-0.006721177732424097,overlapping,0.24108751608751608,0.4423274974253347,0.13131544752732555,0.75,4
other,5,under_pressure,market_regime_v1,2019-09-24,2026-07-17,ridge_decay_only,31080,1.0,0.35554218767486495,0.19321388710725862,0.3511111111111111,0.01987921489682939,0.006271150490705595,0.002341510294234723,0.004983451785148956,0.041814897292040173,-0.005617791343375573,overlapping,0.24147361647361648,0.44977471508083755,0.12971031109072842,0.75,4
other,5,under_pressure,market_regime_v1,2019-09-24,2026-07-17,ridge_decay_volume,31080,1.0,0.3550224998982006,0.19398094843995073,0.36585365853658536,0.02264720684448918,0.005119174790806006,0.002379163301371578,0.004893341551190559,0.041816964493088436,-0.002019205604605318,overlapping,0.24134491634491634,0.4472,0.1281816097225407,0.75,4
other,5,uptrend,market_regime_v1,2019-09-18,2026-07-10,logistic_decay_market,73229,1.0,0.38334906317840695,0.36464279786823967,0.39129866166790184,0.33004853654949257,0.007575109838632276,0.002332513462041871,0.002790230973301147,,,overlapping,0.3643228775485122,0.4125308874649244,0.32730776899049646,1.0,4
other,5,uptrend,market_regime_v1,2019-09-18,2026-07-10,majority_baseline,73229,1.0,0.3333333333333333,0.19417425613529093,0.0,0.0,,,0.004124000977902322,,,overlapping,0.41095740758442695,0.41095740758442695,1.0,0.0,4
other,5,uptrend,market_regime_v1,2019-09-18,2026-07-10,ridge_current,73229,1.0,0.35233733675348683,0.18532903111097218,0.3592814371257485,0.01764965436093543,0.023871171788599668,0.003490108520228337,0.006508386320867564,0.04017609572194272,-0.04192220256407392,overlapping,0.25052916194403857,0.43457061969172694,0.0918123213929687,,0
other,5,uptrend,market_regime_v1,2019-09-18,2026-07-10,ridge_decay_market,73229,1.0,0.35722907954355637,0.20900565942516644,0.37017696547722656,0.04691866450948669,0.014543421233061626,0.0029211489885385524,0.009490461697464482,0.04038751170421456,-0.04544049322839026,overlapping,0.26090756394324655,0.4351573187414501,0.10570213331561108,0.5,4
other,5,uptrend,market_regime_v1,2019-09-18,2026-07-10,ridge_decay_only,73229,1.0,0.3544104149414013,0.19837163286454418,0.344331641285956,0.029930872187086337,0.026382575990543552,0.0030732994218521177,0.006022879978255944,0.040341456984309035,-0.046366075110946814,overlapping,0.2561280367067692,0.42274446245272823,0.10400744334418821,0.5,4
other,5,uptrend,market_regime_v1,2019-09-18,2026-07-10,ridge_decay_volume,73229,1.0,0.35600694905568514,0.20365791919846132,0.3522727272727273,0.036475952345933225,0.01815140522543338,0.002880924234962086,0.009335378251842002,0.04035659603987987,-0.04521494664554996,overlapping,0.2587226372065712,0.43206558258298616,0.106831926629893,0.5,4
other,5,acute_selloff,market_regime_v1,2020-02-26,2025-04-07,logistic_decay_market,960,1.0,0.28305344126293747,0.23459332460785373,0.23333333333333334,0.11797752808988764,0.09470338065704034,-0.0023987075652648904,-0.005137552053366932,,,non_overlapping,0.39791666666666664,0.4370179948586118,0.7311827956989247,0.3333333333333333,3
other,5,acute_selloff,market_regime_v1,2020-02-26,2025-04-07,majority_baseline,960,1.0,0.3333333333333333,0.21754385964912282,0.0,0.0,,,0.013588328755851312,,,non_overlapping,0.484375,0.484375,1.0,0.6666666666666666,3
other,5,acute_selloff,market_regime_v1,2020-02-26,2025-04-07,ridge_current,960,1.0,0.3504571044143301,0.21606547050806454,0.40540540540540543,0.042134831460674156,-0.002280654966981569,0.016677723832851623,0.006385181749549494,0.07934350512327826,0.05651936200017577,non_overlapping,0.240625,0.4909090909090909,0.23225806451612904,,0
other,5,acute_selloff,market_regime_v1,2020-02-26,2025-04-07,ridge_decay_market,960,1.0,0.3564928122742835,0.23999833841454976,0.3387096774193548,0.05898876404494382,0.0871823959634397,0.018275415175437227,-0.011359165134220302,0.08075051751124329,-0.07444097161563759,non_overlapping,0.26458333333333334,0.44594594594594594,0.2838709677419355,0.6666666666666666,3
other,5,acute_selloff,market_regime_v1,2020-02-26,2025-04-07,ridge_decay_only,960,1.0,0.3586084666156166,0.23611661747099819,0.2808988764044944,0.0702247191011236,0.04558117133654035,0.010293773693127685,0.010386637584135881,0.08025433581580096,-0.040795807070103156,non_overlapping,0.25416666666666665,0.47280334728033474,0.24301075268817204,1.0,3
other,5,acute_selloff,market_regime_v1,2020-02-26,2025-04-07,ridge_decay_volume,960,1.0,0.3551713612799503,0.22955920001257346,0.25757575757575757,0.047752808988764044,0.05444053323522217,0.013280762335412484,0.00400382319454596,0.08033461020060245,-0.03466538863431926,non_overlapping,0.25416666666666665,0.4674329501915709,0.2623655913978495,0.6666666666666666,3
other,5,correction,market_regime_v1,2020-03-05,2026-03-31,logistic_decay_market,4311,1.0,0.3501215098411907,0.32807142538716366,0.37593984962406013,0.200133422281521,0.01034696061082317,-0.0031304114019658994,0.007181416272705838,,,non_overlapping,0.44931570401299004,0.4871237977040025,0.7606589147286822,0.0,4
other,5,correction,market_regime_v1,2020-03-05,2026-03-31,majority_baseline,4311,1.0,0.3333333333333333,0.21584313725490198,0.0,0.0,,,0.007073709094826653,,,non_overlapping,0.47877522616562285,0.47877522616562285,1.0,0.0,4
other,5,correction,market_regime_v1,2020-03-05,2026-03-31,ridge_current,4311,1.0,0.36320676703674853,0.20815311811117176,0.504424778761062,0.03802535023348899,0.0021073470928352684,0.0065864170327392365,0.010609335216177507,0.04942949897178804,0.06777345507795803,non_overlapping,0.24449083739271632,0.5092592592592593,0.15988372093023256,,0
other,5,correction,market_regime_v1,2020-03-05,2026-03-31,ridge_decay_market,4311,1.0,0.3644647646142259,0.2253557075265796,0.42021276595744683,0.052701801200800535,0.001064745316777627,0.006476077975959042,0.011358847396291073,0.04962720536133729,0.06865486847510076,non_overlapping,0.255393180236604,0.5190217391304348,0.18507751937984496,0.75,4
other,5,correction,market_regime_v1,2020-03-05,2026-03-31,ridge_decay_only,4311,1.0,0.3633555878487292,0.22105425687872773,0.43312101910828027,0.04536357571714476,-0.0023512254191542124,0.0070728968109631425,0.009026900692206904,0.04966598578642096,0.05605153871225885,non_overlapping,0.25353746230572954,0.5032938076416338,0.18507751937984496,0.5,4
other,5,correction,market_regime_v1,2020-03-05,2026-03-31,ridge_decay_volume,4311,1.0,0.3627289258719104,0.22197994983084857,0.42613636363636365,0.05003335557038025,0.0012874600344848673,0.006539208084413999,0.010955817540879764,0.049641880308657495,0.06757954490943073,non_overlapping,0.2528415680816516,0.5116279069767442,0.1812015503875969,0.5,4
other,5,range_bound,market_regime_v1,2020-04-16,2026-04-14,logistic_decay_market,2410,1.0,0.35517605205882025,0.3410905595086811,0.3463338533541342,0.24943820224719102,0.014103968732437296,0.0016902050155338819,0.0007306793146839311,,,non_overlapping,0.35311203319502077,0.4114963503649635,0.42228464419475653,0.5,4
other,5,range_bound,market_regime_v1,2020-04-16,2026-04-14,majority_baseline,2410,1.0,0.3333333333333333,0.20471535365152385,0.0,0.0,,,0.004555591892879749,,,non_overlapping,0.44315352697095434,0.44315352697095434,1.0,0.25,4
other,5,range_bound,market_regime_v1,2020-04-16,2026-04-14,ridge_current,2410,1.0,0.3666589329709544,0.2020071835473809,0.5,0.006741573033707865,0.012021094556551556,0.004767338531029715,0.0033683819262342153,0.04450201527034182,-0.03180340454769425,non_overlapping,0.25228215767634854,0.4379391100702576,0.1750936329588015,,0
other,5,range_bound,market_regime_v1,2020-04-16,2026-04-14,ridge_decay_market,2410,1.0,0.3800547987581894,0.23995291603916047,0.4659090909090909,0.046067415730337076,0.0031472654747732158,0.0026870551133775446,0.012473623373898372,0.04439860595156463,-0.002939672897785812,non_overlapping,0.27510373443983405,0.48464912280701755,0.20692883895131087,0.5,4
other,5,range_bound,market_regime_v1,2020-04-16,2026-04-14,ridge_decay_only,2410,1.0,0.37076552539414226,0.2191238574598429,0.391304347826087,0.010112359550561797,0.0019777144360237195,0.0034907819649692066,0.00862094464629101,0.04452174002341545,-0.02395508661992504,non_overlapping,0.26597510373443983,0.45759368836291914,0.21722846441947566,0.5,4
other,5,range_bound,market_regime_v1,2020-04-16,2026-04-14,ridge_decay_volume,2410,1.0,0.37140576491774663,0.21885211221693623,0.3333333333333333,0.01348314606741573,0.015659519280526585,0.00227222985990559,0.013116636080910706,0.04450679241189664,-0.019225143406700184,non_overlapping,0.26431535269709544,0.4773218142548596,0.20692883895131087,0.5,4
other,5,under_pressure,market_regime_v1,2019-10-02,2026-07-17,logistic_decay_market,6481,1.0,0.36148666191693213,0.34878354176066795,0.4157468727005151,0.22393975426080062,0.0064450470719302185,0.0018541578089755833,0.0005645958862345319,,,non_overlapping,0.39021755901866995,0.42066326530612247,0.6035871156661786,0.5,4
other,5,under_pressure,market_regime_v1,2019-10-02,2026-07-17,majority_baseline,6481,1.0,0.3333333333333333,0.19769166757118564,0.0,0.0,,,0.002036835755466932,,,non_overlapping,0.4215398858200895,0.4215398858200895,1.0,0.0,4
other,5,under_pressure,market_regime_v1,2019-10-02,2026-07-17,ridge_current,6481,1.0,0.35926993397759505,0.18832336418180687,0.44537815126050423,0.02100673801030519,-0.0024559570295698014,0.002016046048775933,0.0029283667811801743,0.043383887504967494,-0.008862841072688475,non_overlapping,0.23607467983335906,0.45006839945280436,0.12042459736456808,,0
other,5,under_pressure,market_regime_v1,2019-10-02,2026-07-17,ridge_decay_market,6481,1.0,0.359350703149657,0.1974541418346185,0.4846153846153846,0.02497027348394768,0.001691507250468596,0.0019450570612283725,0.002681023289550609,0.04339336238052925,-0.001454394395539109,non_overlapping,0.24116648665329424,0.44431418522860494,0.13872620790629575,0.5,4
other,5,under_pressure,market_regime_v1,2019-10-02,2026-07-17,ridge_decay_only,6481,1.0,0.3627171563781159,0.19817884021998788,0.4482758620689655,0.025762980578676178,-0.00459896882628649,0.0024313861814563528,0.0005765251021864766,0.04342887267558736,-0.005582907352529977,non_overlapping,0.2425551612405493,0.44752714113389624,0.13579795021961932,1.0,4
other,5,under_pressure,market_regime_v1,2019-10-02,2026-07-17,ridge_decay_volume,6481,1.0,0.3610143598317439,0.19781987603808712,0.45454545454545453,0.027744748315497423,-0.003979974280829233,0.00236602479290805,0.0009594672572628576,0.04342563605623776,-0.0018435186432290006,non_overlapping,0.24147508100601758,0.4440389294403893,0.13360175695461202,0.5,4
other,5,uptrend,market_regime_v1,2019-09-18,2026-07-10,logistic_decay_market,14453,1.0,0.3866633859757845,0.3677344544023717,0.40075154730327145,0.3366134422577052,0.007778333542146563,0.0027310249335668483,0.0029425687055303676,,,non_overlapping,0.3676745312391891,0.4175918018787361,0.3292929292929293,1.0,4
other,5,uptrend,market_regime_v1,2019-09-18,2026-07-10,majority_baseline,14453,1.0,0.3333333333333333,0.19418427891923698,0.0,0.0,,,0.004379464369883997,,,non_overlapping,0.4109873382688715,0.4109873382688715,1.0,0.0,4
other,5,uptrend,market_regime_v1,2019-09-18,2026-07-10,ridge_current,14453,1.0,0.35513221284466967,0.18733212830513768,0.38721804511278196,0.019123653917564053,0.021289996630583237,0.003777124280163263,0.007017474377458745,0.04024968553012276,-0.03522268456167761,non_overlapping,0.25171244724278696,0.44515612489991996,0.0936026936026936,,0
other,5,uptrend,market_regime_v1,2019-09-18,2026-07-10,ridge_decay_market,14453,1.0,0.360952415305515,0.21044783614745718,0.38288920056100983,0.05068696620868919,0.015285534372356031,0.003418450087502814,0.007323707877542307,0.04048491260072551,-0.03886044013703211,non_overlapping,0.26216010516847715,0.4381294964028777,0.10252525252525252,0.5,4
other,5,uptrend,market_regime_v1,2019-09-18,2026-07-10,ridge_decay_only,14453,1.0,0.35542020428280724,0.19758646311068717,0.341747572815534,0.032677311548458966,0.025250090426162674,0.0035324300280234052,0.004294933443935018,0.04046615596943182,-0.04990924728129321,non_overlapping,0.2550335570469799,0.42321557317952413,0.09882154882154882,0.5,4
other,5,uptrend,market_regime_v1,2019-09-18,2026-07-10,ridge_decay_volume,14453,1.0,0.35781600447405615,0.2027306886576594,0.34840871021775544,0.038618640920906055,0.021511724022039044,0.0029169779856763494,0.010116585107085668,0.04049201112487475,-0.04762473577117706,non_overlapping,0.258008717913236,0.43185078909612623,0.10134680134680135,0.5,4
other,20,acute_selloff,market_regime_v1,2020-02-25,2025-04-08,logistic_decay_market,4195,1.0,0.3270708058992373,0.27650491375616437,0.3326959847036329,0.11852861035422343,0.08136663290618928,0.08540551600195728,0.02078084866527944,,,overlapping,0.48486293206197856,0.508637236084453,0.8536585365853658,0.0,4
other,20,acute_selloff,market_regime_v1,2020-02-25,2025-04-08,majority_baseline,4195,1.0,0.3333333333333333,0.22749162479061977,0.0,0.0,,,0.028719342548810502,,,overlapping,0.5179976162097736,0.5179976162097736,1.0,0.0,4
other,20,acute_selloff,market_regime_v1,2020-02-25,2025-04-08,ridge_current,4195,1.0,0.4203752592322787,0.31821644208477945,0.36792452830188677,0.02656675749318801,0.006720757789662068,-0.015248750638426841,0.06205064792994465,0.12660336745044456,0.21303918118351065,overlapping,0.42169249106078666,0.5959252971137521,0.6461113667740451,,0
other,20,acute_selloff,market_regime_v1,2020-02-25,2025-04-08,ridge_decay_market,4195,1.0,0.4101479895383268,0.31779160492384745,0.33532934131736525,0.03814713896457766,0.0467407434200018,-0.007093155320112314,0.052908190249357584,0.12666292511887217,0.20212886363451937,overlapping,0.41430274135876044,0.5824129141886151,0.630924988495168,0.5,4
other,20,acute_selloff,market_regime_v1,2020-02-25,2025-04-08,ridge_decay_only,4195,1.0,0.41915976844894837,0.31893062577117054,0.3644067796610169,0.029291553133514985,0.003186657319101753,-0.015573739900251364,0.06329041559885984,0.12635606945854097,0.22473523718262153,overlapping,0.42073897497020263,0.6005154639175257,0.6433502070869765,0.5,4
other,20,acute_selloff,market_regime_v1,2020-02-25,2025-04-08,ridge_decay_volume,4195,1.0,0.4098270570963865,0.31857789214081333,0.3313253012048193,0.03746594005449591,0.0485550943915854,-0.008361399088480277,0.053104975859245396,0.126444296078275,0.2097024385058388,overlapping,0.41740166865315853,0.5847707193941943,0.6396686608375518,0.0,4
other,20,correction,market_regime_v1,2020-03-02,2026-03-31,logistic_decay_market,21984,1.0,0.3280015457358373,0.26745874705989703,0.2778618255168936,0.07267211817462411,0.06308563858702707,0.04099317507905898,0.023777936382220494,,,overlapping,0.4733897379912664,0.49671772428884026,0.8829488919041157,0.0,4
other,20,correction,market_regime_v1,2020-03-02,2026-03-31,majority_baseline,21984,1.0,0.3333333333333333,0.22306970549956115,0.0,0.0,,,0.027597646490300224,,,overlapping,0.5028657205240175,0.5028657205240175,1.0,0.25,4
other,20,correction,market_regime_v1,2020-03-02,2026-03-31,ridge_current,21984,1.0,0.38036545522822024,0.27684143647034104,0.30612244897959184,0.02769717752571881,0.03979497442129383,0.01812895435759971,0.03844177887226911,0.1038615404298315,0.04587231846257264,overlapping,0.3382459970887918,0.5274274905422447,0.45400271370420625,,0
other,20,correction,market_regime_v1,2020-03-02,2026-03-31,ridge_decay_market,21984,1.0,0.3800277057806869,0.2858760074661453,0.32762312633832974,0.04035874439461883,0.027239078522621172,0.018232427468924343,0.03829264312127853,0.10419392551207389,0.04986934865815488,overlapping,0.34547852983988353,0.5257009345794392,0.4681139755766621,0.25,4
other,20,correction,market_regime_v1,2020-03-02,2026-03-31,ridge_decay_only,21984,1.0,0.37983707257843097,0.2784378101592773,0.3119143239625167,0.030730677921392772,0.03751836067452758,0.019580929543447395,0.03655052565690048,0.10418952108608447,0.03744919121067817,overlapping,0.3390647743813683,0.5245935806586077,0.455359565807327,0.5,4
other,20,correction,market_regime_v1,2020-03-02,2026-03-31,ridge_decay_volume,21984,1.0,0.3802364058769376,0.2856811834076776,0.32470334412081986,0.03969928778686362,0.02826207268551864,0.01809014649217168,0.0383792086429926,0.1041990508324704,0.049317554811609744,overlapping,0.34547852983988353,0.5261766798820778,0.4682044323835369,0.5,4
other,20,range_bound,market_regime_v1,2019-12-03,2026-04-14,logistic_decay_market,12119,1.0,0.36403926617052934,0.3548052499104779,0.42342874004131015,0.2966101694915254,0.011212369402817429,-0.0001598560886099285,0.0110512174134973,,,overlapping,0.4105949335753775,0.43466337583984643,0.6313483369846644,0.5,4
other,20,range_bound,market_regime_v1,2019-12-03,2026-04-14,majority_baseline,12119,1.0,0.3333333333333333,0.1952936600544535,0.0,0.0,,,0.009766939128925787,,,overlapping,0.41430811123029954,0.41430811123029954,1.0,0.0,4
other,20,range_bound,market_regime_v1,2019-12-03,2026-04-14,ridge_current,12119,1.0,0.3753305070500212,0.2585297893963231,0.4475920679886686,0.032658123191401406,0.023821511236231403,0.008612989722720477,0.010826788479023868,0.08537892855938972,-0.004162893541531278,overlapping,0.2929284594438485,0.43036998972250773,0.33359888468432586,,0
other,20,range_bound,market_regime_v1,2019-12-03,2026-04-14,ridge_decay_market,12119,1.0,0.374421684432122,0.2641043767288395,0.41379310344827586,0.03968582058701943,0.029403717883238027,0.007255487321573329,0.012289071709261726,0.08583026110453493,-0.012315768499434226,overlapping,0.29622906180377917,0.43096129837702873,0.3437562238597889,0.25,4
other,20,range_bound,market_regime_v1,2019-12-03,2026-04-14,ridge_decay_only,12119,1.0,0.37626734185414884,0.26383673955857695,0.4560975609756098,0.03865233567589913,0.021201919392181,0.008116727545655074,0.011784393089660623,0.08548728073481279,-0.0003309129891851855,overlapping,0.2967241521577688,0.43082706766917295,0.3423620792670783,0.75,4
other,20,range_bound,market_regime_v1,2019-12-03,2026-04-14,ridge_decay_volume,12119,1.0,0.376041309320372,0.2636722780851771,0.4098360655737705,0.0413393964448119,0.02967269231716442,0.007296029106386445,0.012203211700220502,0.08586258750300434,-0.015539523265812418,overlapping,0.29499133591880516,0.43100335310807325,0.33280223063134834,0.5,4
other,20,under_pressure,market_regime_v1,2019-09-24,2026-06-25,logistic_decay_market,30012,1.0,0.3412904873591927,0.3220435417807103,0.3205489753713104,0.15989871518334428,0.034707299569601655,0.014165300953984074,0.012220307712539364,,,overlapping,0.4108023457283753,0.45133521543944094,0.7070253026897702,0.0,4
other,20,under_pressure,market_regime_v1,2019-09-24,2026-06-25,majority_baseline,30012,1.0,0.3333333333333333,0.20991515428223564,0.0,0.0,,,0.016405652202437167,,,overlapping,0.45958283353325335,0.45958283353325335,1.0,0.0,4
other,20,under_pressure,market_regime_v1,2019-09-24,2026-06-25,ridge_current,30012,1.0,0.3635126553628793,0.25650199316130434,0.3056910569105691,0.03526212135421551,0.04844958386157219,0.011503289821086827,0.022327832946410362,0.08700009796997642,-0.03285516142692416,overlapping,0.29498200719712114,0.46593570364062165,0.3173348800116001,,0
other,20,under_pressure,market_regime_v1,2019-09-24,2026-06-25,ridge_decay_market,30012,1.0,0.35939249862004075,0.2574772285662557,0.28524804177545693,0.040982837850511114,0.04012104682365954,0.012707540498915045,0.019981155338830412,0.08749557938496304,-0.04203537176614773,overlapping,0.2932493669198987,0.4592514496573537,0.31581236859276446,0.0,4
other,20,under_pressure,market_regime_v1,2019-09-24,2026-06-25,ridge_decay_only,30012,1.0,0.36477688942840203,0.25761734436306055,0.30927835051546393,0.03657507268123417,0.047044412267154764,0.01165638647453829,0.02210799434187514,0.08704166425762122,-0.029191635657806955,overlapping,0.29574836731973875,0.46637489325362935,0.31675487566156746,0.75,4
other,20,under_pressure,market_regime_v1,2019-09-24,2026-06-25,ridge_decay_volume,30012,1.0,0.35857379145501805,0.25479826137913003,0.2782204515272244,0.03929475757291569,0.04192828701415477,0.012462920088168773,0.020425283742657147,0.08738602431908442,-0.03731132642910902,overlapping,0.29061708649873386,0.45876399655469424,0.308924816936127,0.0,4
other,20,uptrend,market_regime_v1,2019-09-18,2026-06-22,logistic_decay_market,73051,1.0,0.3531159615522527,0.337430497482152,0.332461763382816,0.46818703725699806,0.03222026057571147,0.007973869947197261,0.015092114200755754,,,overlapping,0.34690832432136454,0.4398924468345148,0.2651852288467773,0.5,4
other,20,uptrend,market_regime_v1,2019-09-18,2026-06-22,majority_baseline,73051,1.0,0.3333333333333333,0.21144366965159248,0.0,0.0,,,0.0217724395503722,,,overlapping,0.4644837168553476,0.4644837168553476,1.0,0.0,4
other,20,uptrend,market_regime_v1,2019-09-18,2026-06-22,ridge_current,73051,1.0,0.3502838492612881,0.22733777835349403,0.2801361275300018,0.061923427168705705,0.032721810200826464,0.016405201257849278,0.039328772985073215,0.09471994193889818,-0.05568461489099816,overlapping,0.25645097260817784,0.4456207159177456,0.17243818337213757,,0
other,20,uptrend,market_regime_v1,2019-09-18,2026-06-22,ridge_decay_market,73051,1.0,0.3532665087221652,0.24057698963317084,0.2901934623082055,0.08611474046798907,0.037724780832428376,0.015343920481753355,0.03791665645373916,0.09499896850927636,-0.0507139677731146,overlapping,0.26332288401253917,0.45045988185149183,0.17753676578939612,0.75,4
other,20,uptrend,market_regime_v1,2019-09-18,2026-06-22,ridge_decay_only,73051,1.0,0.35067355755308566,0.23093863647074597,0.2866513611020007,0.06920853624737697,0.034763154190074266,0.01620394332059529,0.03834982883872399,0.09484401408220874,-0.0562066880742408,overlapping,0.25801152619402884,0.44320410318298387,0.17317497273879343,0.75,4
other,20,uptrend,market_regime_v1,2019-09-18,2026-06-22,ridge_decay_volume,73051,1.0,0.3531516669150378,0.24004374432729322,0.28952991452991456,0.08583758957912657,0.037857154653794786,0.015258829364080241,0.03835558853164569,0.09503105135737917,-0.05251746645938363,overlapping,0.26289852294972005,0.45084745762711864,0.17638737437741298,0.75,4
other,20,acute_selloff,market_regime_v1,2020-03-11,2024-08-07,logistic_decay_market,242,1.0,0.3349392753186791,0.2561651808963637,0.4166666666666667,0.06172839506172839,0.03383382103840755,0.0374309431841926,0.02736758362795787,,,non_overlapping,0.5,0.5087719298245614,0.943089430894309,0.5,2
other,20,acute_selloff,market_regime_v1,2020-03-11,2024-08-07,majority_baseline,242,1.0,0.3333333333333333,0.22465753424657534,0.0,0.0,,,0.027771391760345744,,,non_overlapping,0.5082644628099173,0.5082644628099173,1.0,0.5,2
other,20,acute_selloff,market_regime_v1,2020-03-11,2024-08-07,ridge_current,242,1.0,0.31985451433461703,0.2418401156937046,0.0,0.0,0.0717864566559212,0.02870072628443102,0.0264628096256424,0.1062958506513399,-0.1367508015313875,non_overlapping,0.3305785123966942,0.45323741007194246,0.5121951219512195,,0
other,20,acute_selloff,market_regime_v1,2020-03-11,2024-08-07,ridge_decay_market,242,1.0,0.3185708172871203,0.2473395953347144,0.0,0.0,0.061198312224556885,0.0292060127927787,0.026170703284942323,0.10828242718316163,-0.1182684805217183,non_overlapping,0.34710743801652894,0.4726027397260274,0.5609756097560976,0.5,2
other,20,acute_selloff,market_regime_v1,2020-03-11,2024-08-07,ridge_decay_only,242,1.0,0.3279845956354301,0.2507079793436615,0.0,0.0,0.06460506820653805,0.01995129186674096,0.032370488018140735,0.10508642018554291,-0.09647461665568041,non_overlapping,0.34297520661157027,0.4782608695652174,0.5365853658536586,0.75,2
other,20,acute_selloff,market_regime_v1,2020-03-11,2024-08-07,ridge_decay_volume,242,1.0,0.3185708172871203,0.2473395953347144,0.0,0.0,0.061198312224556885,0.0292060127927787,0.026170703284942323,0.10841381984839553,-0.1200406766859678,non_overlapping,0.34710743801652894,0.4726027397260274,0.5609756097560976,0.5,2
other,20,correction,market_regime_v1,2020-04-08,2025-04-29,logistic_decay_market,991,1.0,0.34113837265054786,0.28953263997032097,0.4117647058823529,0.11602209944751381,0.03314788796179949,0.029257534942914293,0.023490330474781697,,,non_overlapping,0.47527749747729564,0.49017341040462425,0.8724279835390947,0.25,4
other,20,correction,market_regime_v1,2020-04-08,2025-04-29,majority_baseline,991,1.0,0.3333333333333333,0.21936357481381177,0.0,0.0,,,0.02462401742827413,,,non_overlapping,0.49041372351160445,0.49041372351160445,1.0,0.0,4
other,20,correction,market_regime_v1,2020-04-08,2025-04-29,ridge_current,991,1.0,0.39100861548170734,0.2698301204191323,0.1875,0.008287292817679558,0.05215562790033434,0.01370358102523904,0.03744060364246287,0.09979513628492427,0.05719113763855146,non_overlapping,0.33703329969727547,0.541860465116279,0.4794238683127572,,0
other,20,correction,market_regime_v1,2020-04-08,2025-04-29,ridge_decay_market,991,1.0,0.4029223094089065,0.28562983109302165,0.28,0.019337016574585635,0.02185908518534093,0.00890347818261413,0.0426538414954037,0.09958377965191534,0.09467880770532051,non_overlapping,0.35317860746720486,0.5420353982300885,0.5041152263374485,0.75,4
other,20,correction,market_regime_v1,2020-04-08,2025-04-29,ridge_decay_only,991,1.0,0.393790549612117,0.27015512140965114,0.11764705882352941,0.0055248618784530384,0.05809513813502787,0.015009073718605513,0.03495452977575385,0.0998762491794973,0.048280948379008336,non_overlapping,0.33905146316851664,0.5328798185941043,0.4835390946502058,0.25,4
other,20,correction,market_regime_v1,2020-04-08,2025-04-29,ridge_decay_volume,991,1.0,0.3985336939091799,0.28239900611389784,0.2916666666666667,0.019337016574585635,0.02013219093641254,0.009185455347689685,0.04252668232713499,0.0995963966601009,0.09176616922784038,non_overlapping,0.3491422805247225,0.5365853658536586,0.49794238683127573,0.5,4
other,20,range_bound,market_regime_v1,2020-04-17,2026-04-14,logistic_decay_market,601,1.0,0.43049633871498116,0.4242014762235491,0.4778761061946903,0.25961538461538464,0.011196861929957136,0.010312147302266548,0.02386141942727082,,,non_overlapping,0.47753743760399336,0.5078125,0.7014388489208633,0.3333333333333333,3
other,20,range_bound,market_regime_v1,2020-04-17,2026-04-14,majority_baseline,601,1.0,0.3333333333333333,0.21084565794463406,0.0,0.0,,,0.019135596967708605,,,non_overlapping,0.46256239600665555,0.46256239600665555,1.0,0.0,3
other,20,range_bound,market_regime_v1,2020-04-17,2026-04-14,ridge_current,601,1.0,0.39650002406101875,0.2776396083332731,0.6428571428571429,0.04326923076923077,-0.007866512005485176,0.014799203584065184,0.030516904884191003,0.07536969630232938,0.07311689819293427,non_overlapping,0.3211314475873544,0.478494623655914,0.32014388489208634,,0
other,20,range_bound,market_regime_v1,2020-04-17,2026-04-14,ridge_decay_market,601,1.0,0.39442425992316515,0.2934849215408626,0.6666666666666666,0.07692307692307693,-0.009712297339662496,0.016461458080466965,0.027750991420443395,0.07621265202109063,0.05610378052083737,non_overlapping,0.3261231281198003,0.45454545454545453,0.3237410071942446,0.3333333333333333,3
other,20,range_bound,market_regime_v1,2020-04-17,2026-04-14,ridge_decay_only,601,1.0,0.4026079136690648,0.2958750303655118,0.65,0.0625,-0.012141525919081186,0.01403117197952952,0.03273540831217454,0.07549143110681157,0.07282143271734265,non_overlapping,0.33444259567387685,0.5,0.34532374100719426,0.6666666666666666,3
other,20,range_bound,market_regime_v1,2020-04-17,2026-04-14,ridge_decay_volume,601,1.0,0.400721830562306,0.29500838257286804,0.6666666666666666,0.07692307692307693,-0.009712297339662496,0.014668672835415624,0.03243913309470887,0.07639054934702058,0.047632351396620254,non_overlapping,0.3277870216306156,0.4782608695652174,0.31654676258992803,0.6666666666666666,3
other,20,under_pressure,market_regime_v1,2020-09-29,2026-06-10,logistic_decay_market,1922,1.0,0.32699214281916095,0.31454638159929577,0.25980392156862747,0.1593984962406015,0.06291214745105478,0.016048971703965645,0.014555594619351131,,,non_overlapping,0.3881373569198751,0.4437596302003082,0.647191011235955,0.0,4
other,20,under_pressure,market_regime_v1,2020-09-29,2026-06-10,majority_baseline,1922,1.0,0.3333333333333333,0.2110004741583689,0.0,0.0,,,0.02498849940895146,,,non_overlapping,0.4630593132154006,0.4630593132154006,1.0,0.25,4
other,20,under_pressure,market_regime_v1,2020-09-29,2026-06-10,ridge_current,1922,1.0,0.3695495205576627,0.2704663341347989,0.3434343434343434,0.05112781954887218,0.029358158936711766,0.020682455179452153,0.03319058728253641,0.08900916129001535,0.006893865949217731,non_overlapping,0.3064516129032258,0.47892074198988194,0.31910112359550563,,0
other,20,under_pressure,market_regime_v1,2020-09-29,2026-06-10,ridge_decay_market,1922,1.0,0.359251464239081,0.26899691835587375,0.31746031746031744,0.06015037593984962,0.03262597239754454,0.022249820938983447,0.028810923651255118,0.08965733985335271,-0.012948472898638732,non_overlapping,0.3007284079084287,0.46434494195688225,0.3146067415730337,0.25,4
other,20,under_pressure,market_regime_v1,2020-09-29,2026-06-10,ridge_decay_only,1922,1.0,0.3757538075664009,0.2748602072460922,0.36633663366336633,0.055639097744360905,0.03143654416349009,0.021220273207625796,0.03183683285276362,0.0892083024171013,-0.0027904074917244203,non_overlapping,0.3100936524453694,0.48205128205128206,0.31685393258426964,1.0,4
other,20,under_pressure,market_regime_v1,2020-09-29,2026-06-10,ridge_decay_volume,1922,1.0,0.3564324275465322,0.26646906224010736,0.304,0.05714285714285714,0.03417830927994499,0.021433542831199,0.03016609405844396,0.0896325118926437,-0.010624141064773671,non_overlapping,0.29864724245577523,0.4666666666666667,0.3146067415730337,0.25,4
other,20,uptrend,market_regime_v1,2019-09-18,2026-06-17,logistic_decay_market,3477,1.0,0.36263638864048403,0.34419401199039124,0.34615384615384615,0.5080645161290323,0.024736955881200885,0.007764913665385403,0.00738345768026117,,,non_overlapping,0.3554788610871441,0.4426419466975666,0.2430025445292621,0.5,4
other,20,uptrend,market_regime_v1,2019-09-18,2026-06-17,majority_baseline,3477,1.0,0.3333333333333333,0.20756585462467814,0.0,0.0,,,0.01655407682834829,,,non_overlapping,0.45211389128559104,0.45211389128559104,1.0,0.25,4
other,20,uptrend,market_regime_v1,2019-09-18,2026-06-17,ridge_current,3477,1.0,0.3576927060736467,0.2350825629927309,0.3273381294964029,0.07338709677419354,0.001983604595047059,0.014601575235820102,0.03184888490978228,0.09529629795920846,-0.041095233627179276,non_overlapping,0.2620074777106701,0.45058626465661644,0.17111959287531806,,0
other,20,uptrend,market_regime_v1,2019-09-18,2026-06-17,ridge_decay_market,3477,1.0,0.3624551508460061,0.24793777760207658,0.33962264150943394,0.10161290322580645,0.016789073190029667,0.013046272999460814,0.030881347326755716,0.0954746228241398,-0.033807498004110356,non_overlapping,0.26890997986770204,0.4389438943894389,0.1692111959287532,0.75,4
other,20,uptrend,market_regime_v1,2019-09-18,2026-06-17,ridge_decay_only,3477,1.0,0.3586073603527821,0.2375952887265924,0.3300653594771242,0.0814516129032258,0.012303410012116822,0.013982068537368868,0.02984875030995707,0.09559275780029908,-0.04572112932828905,non_overlapping,0.2628702904802991,0.4412751677852349,0.1673027989821883,0.5,4
other,20,uptrend,market_regime_v1,2019-09-18,2026-06-17,ridge_decay_volume,3477,1.0,0.36249153212177615,0.2485657315016796,0.3413333333333333,0.1032258064516129,0.017632126834572343,0.01285218413936818,0.031074227509240358,0.09548380822042883,-0.03331807008387064,non_overlapping,0.26919758412424505,0.4375,0.1692111959287532,0.75,4
semiconductor,5,acute_selloff,market_regime_v1,2020-02-25,2025-04-08,logistic_decay_market,2373,1.0,0.33324274137314197,0.27284837415593,0.23333333333333334,0.03684210526315789,0.05155016537504861,-0.008294937557454427,0.021454598508425515,,,overlapping,0.5423514538558787,0.5612382234185733,0.9335820895522388,0.0,4
semiconductor,5,acute_selloff,market_regime_v1,2020-02-25,2025-04-08,majority_baseline,2373,1.0,0.3333333333333333,0.24059610377951343,0.0,0.0,,,0.022675617959927268,,,overlapping,0.5646860514117151,0.5646860514117151,1.0,0.0,4
semiconductor,5,acute_selloff,market_regime_v1,2020-02-25,2025-04-08,ridge_current,2373,1.0,0.38803967918264853,0.2853528552906406,0.21428571428571427,0.003947368421052632,0.01726328870082292,0.00957778422652383,0.03148270812095534,0.0710860379088793,0.145156970579228,overlapping,0.415929203539823,0.5926449787835927,0.6253731343283582,,0
semiconductor,5,acute_selloff,market_regime_v1,2020-02-25,2025-04-08,ridge_decay_market,2373,1.0,0.36549367103177,0.2910711006327067,0.14285714285714285,0.002631578947368421,0.11127495084400103,0.014146424815047314,0.02469979315959442,0.07151354236072294,0.057690574021761955,overlapping,0.47029077117572693,0.5723868082727781,0.764179104477612,0.25,4
semiconductor,5,acute_selloff,market_regime_v1,2020-02-25,2025-04-08,ridge_decay_only,2373,1.0,0.39550054335993057,0.28599500152652535,0.16666666666666666,0.003947368421052632,0.04952197611585138,0.009931763196780321,0.03143834988316373,0.07127284567537623,0.12676767427225757,overlapping,0.41045090602612727,0.5928623452294246,0.6074626865671642,0.25,4
semiconductor,5,acute_selloff,market_regime_v1,2020-02-25,2025-04-08,ridge_decay_volume,2373,1.0,0.3950428357537548,0.28474216427856147,0.19230769230769232,0.006578947368421052,0.06308980196955888,0.007167496852559428,0.034273932017238794,0.07137306040328416,0.13039031796772002,overlapping,0.4024441635061104,0.6050613496932515,0.5888059701492537,0.75,4
semiconductor,5,correction,market_regime_v1,2020-03-02,2026-03-31,logistic_decay_market,12548,1.0,0.3428980758418212,0.30684790703773274,0.38787023977433005,0.16891891891891891,0.005621194431122325,0.007535126391369012,0.007898532311085518,,,overlapping,0.4711507810009563,0.4906286606794221,0.8200358949257628,0.25,4
semiconductor,5,correction,market_regime_v1,2020-03-02,2026-03-31,majority_baseline,12548,1.0,0.3333333333333333,0.21877175135193017,0.0,0.0,,,0.007507376707126996,,,overlapping,0.4884443736053554,0.4884443736053554,1.0,0.25,4
semiconductor,5,correction,market_regime_v1,2020-03-02,2026-03-31,ridge_current,12548,1.0,0.3617080637774961,0.24283957831848454,0.3473684210526316,0.006756756756756757,-0.0019571158844516514,0.002772343403674522,0.013587970598632721,0.061422576540668836,0.06292595675915923,overlapping,0.30682180427159705,0.5210478771454381,0.47054984499918423,,0
semiconductor,5,correction,market_regime_v1,2020-03-02,2026-03-31,ridge_decay_market,12548,1.0,0.3552035279450414,0.24301715891225614,0.3858267716535433,0.010032760032760032,0.008216852348853972,0.0037132358310874645,0.011965327131927411,0.0616065627940543,0.054633888566813796,overlapping,0.3076984379980873,0.5129824561403509,0.47707619513786914,0.5,4
semiconductor,5,correction,market_regime_v1,2020-03-02,2026-03-31,ridge_decay_only,12548,1.0,0.36022995810528036,0.24251467623226042,0.3333333333333333,0.007371007371007371,0.004604491103806614,0.0036842161442072066,0.012260645568764855,0.06152970582678492,0.052549749181698524,overlapping,0.30650302837105514,0.516839842350412,0.47071300375265135,0.25,4
semiconductor,5,correction,market_regime_v1,2020-03-02,2026-03-31,ridge_decay_volume,12548,1.0,0.3591356075258365,0.24002463984833344,0.32727272727272727,0.007371007371007371,0.010264872635078737,0.0030856407633109307,0.013291691727503791,0.06151053096549533,0.06300734903291982,overlapping,0.3008447561364361,0.5219257324127635,0.45635503344754447,0.25,4
semiconductor,5,range_bound,market_regime_v1,2019-12-03,2026-07-14,logistic_decay_market,6974,1.0,0.3286586662757407,0.331850366948692,0.3446385748544022,0.3755132512131392,0.01632512259434566,0.008593625308152664,0.007914737783063055,,,overlapping,0.3948953254946946,0.4564791491743633,0.48397626112759645,0.25,4
semiconductor,5,range_bound,market_regime_v1,2019-12-03,2026-07-14,majority_baseline,6974,1.0,0.3333333333333333,0.217195153390049,0.0,0.0,,,0.011481863829984063,,,overlapping,0.48322340120447377,0.48322340120447377,1.0,0.0,4
semiconductor,5,range_bound,market_regime_v1,2019-12-03,2026-07-14,ridge_current,6974,1.0,0.3547516451225816,0.21253710539677265,0.2222222222222222,0.0029861888764464353,0.006144299814269397,0.012727031630674833,0.009269470477737119,0.05796622517444463,-0.06946306061233132,overlapping,0.25738457126469744,0.4543593941874744,0.3293768545994065,,0
semiconductor,5,range_bound,market_regime_v1,2019-12-03,2026-07-14,ridge_decay_market,6974,1.0,0.3491213237820712,0.21393007323990143,0.29130434782608694,0.025009331840238895,0.01184589597093101,0.011580760389949844,0.011218809670168252,0.05824964779914451,-0.05904830779071322,overlapping,0.244766274734729,0.461427193828351,0.28397626112759644,0.5,4
semiconductor,5,range_bound,market_regime_v1,2019-12-03,2026-07-14,ridge_decay_only,6974,1.0,0.35523176916353655,0.21493800473543123,0.21621621621621623,0.0029861888764464353,0.015297482839383007,0.012243846587571633,0.010090254407915788,0.05805925881945338,-0.0700605438489937,overlapping,0.2611127043303699,0.45396825396825397,0.3394658753709199,0.25,4
semiconductor,5,range_bound,market_regime_v1,2019-12-03,2026-07-14,ridge_decay_volume,6974,1.0,0.3547963475486146,0.21513763441805753,0.23255813953488372,0.007465472191116088,0.017476347406787295,0.011606888497129417,0.011030382845997808,0.058217633859797814,-0.062252398087032354,overlapping,0.25738457126469744,0.4602177554438861,0.3261127596439169,0.5,4
semiconductor,5,under_pressure,market_regime_v1,2019-09-24,2026-07-17,logistic_decay_market,17825,1.0,0.3374642921078374,0.3245796254935018,0.40672239018317624,0.30436518498802234,0.007857310348428834,-0.00015178116982361812,0.0015178272961504482,,,overlapping,0.41918653576437587,0.4346243826358201,0.6395511921458625,0.25,4
semiconductor,5,under_pressure,market_regime_v1,2019-09-24,2026-07-17,majority_baseline,17825,1.0,0.3333333333333333,0.20370370370370372,0.0,0.0,,,0.0034557404522207145,,,overlapping,0.44,0.44,1.0,0.25,4
semiconductor,5,under_pressure,market_regime_v1,2019-09-24,2026-07-17,ridge_current,17825,1.0,0.3480652335902703,0.17731616396051963,0.29411764705882354,0.004657971785999467,0.009398972942288811,0.0033786608058654303,0.0035607509615144385,0.058933898431397985,-0.04604464550286353,overlapping,0.20583450210378681,0.43173636111880365,0.19877597857962515,,0
semiconductor,5,under_pressure,market_regime_v1,2019-09-24,2026-07-17,ridge_decay_market,17825,1.0,0.34650892798729177,0.18746183893336946,0.30434782608695654,0.011179132286398722,0.008997683151644323,0.003834627175909882,0.0018412907637572842,0.05915998590725551,-0.05161013296818907,overlapping,0.2138008415147265,0.4228613209846454,0.22121637128649752,0.25,4
semiconductor,5,under_pressure,market_regime_v1,2019-09-24,2026-07-17,ridge_decay_only,17825,1.0,0.3472448218387248,0.18152586934647286,0.23423423423423423,0.006920415224913495,0.01417240358822499,0.003320887530947294,0.003319486140226627,0.05913284006396283,-0.05393492419109754,overlapping,0.20886395511921457,0.4323607427055703,0.2078286370011475,0.5,4
semiconductor,5,under_pressure,market_regime_v1,2019-09-24,2026-07-17,ridge_decay_volume,17825,1.0,0.34671342477132144,0.18797315115454385,0.3186119873817035,0.01344157572531275,0.0051436205796754,0.0034958311074701834,0.003182992161463398,0.05914176488954802,-0.049527440059534,overlapping,0.21329593267882188,0.43070308548305514,0.217136299885248,0.75,4
semiconductor,5,uptrend,market_regime_v1,2019-09-18,2026-07-10,logistic_decay_market,41596,1.0,0.36345938941589306,0.36345124997427725,0.41643893210006305,0.46647436274798376,0.006236303152699727,0.007701202903029498,0.0072024758504138165,,,overlapping,0.39965381286662177,0.4379077071756463,0.3995150713616576,0.75,4
semiconductor,5,uptrend,market_regime_v1,2019-09-18,2026-07-10,majority_baseline,41596,1.0,0.3333333333333333,0.20250071138041278,0.0,0.0,,,0.006832584825993725,,,overlapping,0.4362679103759977,0.4362679103759977,1.0,0.25,4
semiconductor,5,uptrend,market_regime_v1,2019-09-18,2026-07-10,ridge_current,41596,1.0,0.34370439470982217,0.16457487985497776,0.36619718309859156,0.012244657679401895,0.003917370765669213,0.006748318693678812,0.007694490503982387,0.05461708772551463,-0.027039858448961816,overlapping,0.19905760169247044,0.4276461880088823,0.12734887309197113,,0
semiconductor,5,uptrend,market_regime_v1,2019-09-18,2026-07-10,ridge_decay_market,41596,1.0,0.3478148536302054,0.19733732379000338,0.43418467583497056,0.05203979513745806,-0.0017127818311313875,0.0065798683195123905,0.011004259713296022,0.054649195029303106,-0.010661438672324351,overlapping,0.2179776901625156,0.4455749354005168,0.15203614922576733,0.75,4
semiconductor,5,uptrend,market_regime_v1,2019-09-18,2026-07-10,ridge_decay_only,41596,1.0,0.3474194779773789,0.17556312327765042,0.395985401459854,0.02554894919644434,0.0017544658164296643,0.006554174443868093,0.009600157245562835,0.05463714819106858,-0.021479126236289527,overlapping,0.20554861044331185,0.43425574244890575,0.13230837052956412,0.75,4
semiconductor,5,uptrend,market_regime_v1,2019-09-18,2026-07-10,ridge_decay_volume,41596,1.0,0.34703358082311914,0.18697135477001003,0.40454222853087296,0.03355507152528404,0.002476907639486655,0.006395952161354473,0.010213506327964078,0.054677447944479096,-0.019483690962078873,overlapping,0.21268872006923742,0.44213410702772404,0.15115446079241748,0.5,4
semiconductor,5,acute_selloff,market_regime_v1,2020-02-25,2025-04-07,logistic_decay_market,542,1.0,0.3296077403816459,0.24525981973962394,0.26666666666666666,0.03508771929824561,0.044433733904296356,-0.014017383958009466,0.014103550559761747,,,non_overlapping,0.4483394833948339,0.45956607495069035,0.9209486166007905,0.3333333333333333,3
semiconductor,5,acute_selloff,market_regime_v1,2020-02-25,2025-04-07,majority_baseline,542,1.0,0.3333333333333333,0.2121593291404612,0.0,0.0,,,0.015522924780697502,,,non_overlapping,0.466789667896679,0.466789667896679,1.0,0.0,3
semiconductor,5,acute_selloff,market_regime_v1,2020-02-25,2025-04-07,ridge_current,542,1.0,0.41250085731835373,0.28664149150786994,0.4,0.008771929824561403,-0.007295056755712204,-0.005067444119903523,0.027406736133889498,0.08210492599463162,0.1210955468997506,non_overlapping,0.3856088560885609,0.5058139534883721,0.6877470355731226,,0
semiconductor,5,acute_selloff,market_regime_v1,2020-02-25,2025-04-07,ridge_decay_market,542,1.0,0.3761569061208931,0.27276960583792614,0.2,0.0043859649122807015,0.16279387670690165,-0.0017605162294912,0.019926928092438533,0.08246757934354614,0.10811716546409446,non_overlapping,0.3929889298892989,0.4796954314720812,0.7470355731225297,0.6666666666666666,3
semiconductor,5,acute_selloff,market_regime_v1,2020-02-25,2025-04-07,ridge_decay_only,542,1.0,0.42947746588441343,0.28841185410334347,0.2857142857142857,0.008771929824561403,0.05222582443736058,-0.0011058117133314323,0.025641723044281074,0.08190878738224656,0.11039696093593936,non_overlapping,0.37453874538745385,0.5015479876160991,0.6403162055335968,0.3333333333333333,3
semiconductor,5,acute_selloff,market_regime_v1,2020-02-25,2025-04-07,ridge_decay_volume,542,1.0,0.4351862588066962,0.2845911385133056,0.14285714285714285,0.0043859649122807015,0.10637395184938384,-0.007561365833551577,0.03269340491951528,0.08167817959240682,0.13841924910400133,non_overlapping,0.36531365313653136,0.5326460481099656,0.6126482213438735,0.6666666666666666,3
semiconductor,5,correction,market_regime_v1,2020-03-03,2026-03-30,logistic_decay_market,2463,1.0,0.3320199308898406,0.3015409644888702,0.3101851851851852,0.15839243498817968,0.013793365789152303,0.02176423966024277,0.013621664837579813,,,non_overlapping,0.48558668290702395,0.5262631315657829,0.8055130168453293,0.5,4
semiconductor,5,correction,market_regime_v1,2020-03-03,2026-03-30,majority_baseline,2463,1.0,0.3333333333333333,0.231007340585478,0.0,0.0,,,0.013757571132912552,,,non_overlapping,0.5302476654486399,0.5302476654486399,1.0,0.5,4
semiconductor,5,correction,market_regime_v1,2020-03-03,2026-03-30,ridge_current,2463,1.0,0.3518407949496339,0.24269866990983394,0.15789473684210525,0.0035460992907801418,0.020567301313891815,0.008633477748809343,0.02008809822691436,0.060175503905802875,0.05094149054935062,non_overlapping,0.31871701177425904,0.5517560073937153,0.4571209800918836,,0
semiconductor,5,correction,market_regime_v1,2020-03-03,2026-03-30,ridge_decay_market,2463,1.0,0.343441276287882,0.23778883224833283,0.19230769230769232,0.00591016548463357,0.02317578389181396,0.011906395385614445,0.01576742865659548,0.06050040737448047,0.017191544438898428,non_overlapping,0.3114088509947219,0.5266968325791855,0.445635528330781,0.5,4
semiconductor,5,correction,market_regime_v1,2020-03-03,2026-03-30,ridge_decay_only,2463,1.0,0.34867624318180174,0.24090350075892322,0.15,0.0035460992907801418,0.023952865492679644,0.009442725986170172,0.019023134518418815,0.06030424386105129,0.043478841614115374,non_overlapping,0.31628095818108,0.5495829471733086,0.4540581929555896,0.5,4
semiconductor,5,correction,market_regime_v1,2020-03-03,2026-03-30,ridge_decay_volume,2463,1.0,0.3447598628062522,0.23574236335763032,0.1,0.002364066193853428,0.030675264437110467,0.010580030290883538,0.017525192508837623,0.060436577365051605,0.03842934091428727,non_overlapping,0.3089727974015428,0.5378858746492049,0.44027565084226644,0.5,4
semiconductor,5,range_bound,market_regime_v1,2020-04-15,2026-04-14,logistic_decay_market,1377,1.0,0.3292499453678755,0.3339078753695251,0.34558823529411764,0.34306569343065696,0.019433728901741484,0.007683716076419379,-0.0017433811468318874,,,non_overlapping,0.38925199709513436,0.4385245901639344,0.4938461538461538,0.25,4
semiconductor,5,range_bound,market_regime_v1,2020-04-15,2026-04-14,majority_baseline,1377,1.0,0.3333333333333333,0.2137806281861536,0.0,0.0,,,0.0073143419366628794,,,non_overlapping,0.4720406681190995,0.4720406681190995,1.0,0.25,4
semiconductor,5,range_bound,market_regime_v1,2020-04-15,2026-04-14,ridge_current,1377,1.0,0.3452188369474183,0.20367256167921144,0.25,0.0036496350364963502,0.009136018780300625,0.01069774441498987,0.0011174322344151273,0.06335889023681006,-0.1330556976260979,non_overlapping,0.2440087145969499,0.4247422680412371,0.3169230769230769,,0
semiconductor,5,range_bound,market_regime_v1,2020-04-15,2026-04-14,ridge_decay_market,1377,1.0,0.3300273108343083,0.2069447999413504,0.3584905660377358,0.03467153284671533,0.0076822378437230434,0.010474968705379286,0.0005594773731747784,0.06353362134704667,-0.09749276110483755,non_overlapping,0.23166303558460422,0.419811320754717,0.27384615384615385,0.5,4
semiconductor,5,range_bound,market_regime_v1,2020-04-15,2026-04-14,ridge_decay_only,1377,1.0,0.33944316011028897,0.19968149819764736,0.4,0.0036496350364963502,0.007312599967819677,0.01014679682008165,0.002232093377706214,0.06355863373352157,-0.11500544631300165,non_overlapping,0.23965141612200436,0.41140529531568226,0.31076923076923074,0.25,4
semiconductor,5,range_bound,market_regime_v1,2020-04-15,2026-04-14,ridge_decay_volume,1377,1.0,0.3266005016745138,0.19749184822860252,0.2608695652173913,0.010948905109489052,0.010237699312015845,0.010234104188548079,0.0018228169318834735,0.0637610988654148,-0.10157138835153716,non_overlapping,0.23238925199709515,0.40585774058577406,0.29846153846153844,0.25,4
semiconductor,5,under_pressure,market_regime_v1,2019-10-02,2026-07-17,logistic_decay_market,3724,1.0,0.3439515751355065,0.33025361008993404,0.4210970464135021,0.3107098381070984,0.00746777051082155,0.0003058486690513202,-0.0005079153448124307,,,non_overlapping,0.4186358754027927,0.4245833333333333,0.6449367088607595,0.5,4
semiconductor,5,under_pressure,market_regime_v1,2019-10-02,2026-07-17,majority_baseline,3724,1.0,0.3333333333333333,0.19859225741578682,0.0,0.0,,,0.0020603716951589236,,,non_overlapping,0.4242749731471536,0.4242749731471536,1.0,0.25,4
semiconductor,5,under_pressure,market_regime_v1,2019-10-02,2026-07-17,ridge_current,3724,1.0,0.34437506508374405,0.1743901292760198,0.3157894736842105,0.0037359900373599006,-0.0027235666275560177,0.0035660187232554943,-0.0038395513320295346,0.05750990895656389,-0.07003687924509738,non_overlapping,0.20327604726100967,0.40350877192982454,0.18924050632911393,,0
semiconductor,5,under_pressure,market_regime_v1,2019-10-02,2026-07-17,ridge_decay_market,3724,1.0,0.3464693869606,0.1893669657490149,0.3877551020408163,0.011830635118306352,-0.00023724399838386914,0.0029971154539906245,-0.0008975630778490284,0.05761567496493933,-0.05635376129802758,non_overlapping,0.21535982814178303,0.408187134502924,0.2208860759493671,0.25,4
semiconductor,5,under_pressure,market_regime_v1,2019-10-02,2026-07-17,ridge_decay_only,3724,1.0,0.34470537161643405,0.1825486191687594,0.3333333333333333,0.008717310087173101,-0.0002861728058920699,0.004020082228587335,-0.00477732112745626,0.057786259808920104,-0.08827950350617068,non_overlapping,0.20945220193340494,0.40173053152039556,0.20569620253164558,0.5,4
semiconductor,5,under_pressure,market_regime_v1,2019-10-02,2026-07-17,ridge_decay_volume,3724,1.0,0.3447881250293127,0.18831998514980872,0.3620689655172414,0.013075965130759652,-0.0026230431832478126,0.003196302213946866,-0.0013887192453334643,0.057695252864825755,-0.06723799221865806,non_overlapping,0.21374865735767992,0.4028268551236749,0.21645569620253163,0.5,4
semiconductor,5,uptrend,market_regime_v1,2019-09-18,2026-07-10,logistic_decay_market,8202,1.0,0.3727057498015361,0.37197336850081103,0.42017913593256057,0.47583532219570407,0.004570970437583572,0.007222858809912813,0.009800119060512981,,,non_overlapping,0.40819312362838334,0.4539800995024876,0.40231468724166436,1.0,4
semiconductor,5,uptrend,market_regime_v1,2019-09-18,2026-07-10,majority_baseline,8202,1.0,0.3333333333333333,0.20449102639957173,0.0,0.0,,,0.007006070307665598,,,non_overlapping,0.4424530602292124,0.4424530602292124,1.0,0.0,4
semiconductor,5,uptrend,market_regime_v1,2019-09-18,2026-07-10,ridge_current,8202,1.0,0.3478465516262999,0.16416863023179099,0.38596491228070173,0.013126491646778043,0.0033075242043351214,0.0064482800612826715,0.011080244163183883,0.054552812703410974,-0.009390163972114817,non_overlapping,0.196781272860278,0.4413145539906103,0.12951226233122073,,0
semiconductor,5,uptrend,market_regime_v1,2019-09-18,2026-07-10,ridge_decay_market,8202,1.0,0.347506027884884,0.19611149610093628,0.4491725768321513,0.056682577565632455,-0.0024780788542762833,0.006458161415266634,0.013353143389827432,0.05450885165348598,0.00893011954392595,non_overlapping,0.21409412338454037,0.455,0.15045467070818408,0.5,4
semiconductor,5,uptrend,market_regime_v1,2019-09-18,2026-07-10,ridge_decay_only,8202,1.0,0.34898663829459314,0.17382330175004176,0.42201834862385323,0.027446300715990454,0.0029916382242457257,0.006196530500657042,0.013042157378774438,0.05450525222816702,-0.0013578640344766306,non_overlapping,0.2016581321628871,0.4458955223880597,0.13171672637090107,0.5,4
semiconductor,5,uptrend,market_regime_v1,2019-09-18,2026-07-10,ridge_decay_volume,8202,1.0,0.34758911626811817,0.18538959193620028,0.4416961130742049,0.03729116945107398,-0.0010542067704010988,0.005959015582547472,0.014918917939584183,0.05453420376469535,-0.001558676946571398,non_overlapping,0.2086076566691051,0.4576271186440678,0.1488013226784238,0.5,4
semiconductor,20,acute_selloff,market_regime_v1,2020-02-25,2025-04-08,logistic_decay_market,2373,1.0,0.35224078739578896,0.3305266071832474,0.3708086785009862,0.25578231292517006,0.04454613090998024,0.05924190208369642,0.06529998568549726,,,overlapping,0.5259165613147914,0.5742251223491027,0.7874720357941835,0.75,4
semiconductor,20,acute_selloff,market_regime_v1,2020-02-25,2025-04-08,majority_baseline,2373,1.0,0.3333333333333333,0.2407108239095315,0.0,0.0,,,0.06079692094532207,,,overlapping,0.5651074589127687,0.5651074589127687,1.0,0.5,4
semiconductor,20,acute_selloff,market_regime_v1,2020-02-25,2025-04-08,ridge_current,2373,1.0,0.35150190055910735,0.28660308057572603,0.5,0.006802721088435374,-0.02076897148577451,-0.0398223673204452,0.07099000476330723,0.12760689864717323,0.2356257203197778,overlapping,0.5482511588706279,0.5875522526706921,0.9433258762117822,,0
semiconductor,20,acute_selloff,market_regime_v1,2020-02-25,2025-04-08,ridge_decay_market,2373,1.0,0.33597027358612525,0.29364459743354776,0.5230769230769231,0.04625850340136054,-0.03646387762649236,0.03040557723931007,0.06990205098964251,0.1324865660801072,0.07890403149733634,overlapping,0.5014749262536873,0.5774793388429752,0.8337061894108874,0.375,4
semiconductor,20,acute_selloff,market_regime_v1,2020-02-25,2025-04-08,ridge_decay_only,2373,1.0,0.3483881718461456,0.28580834558716944,0.6153846153846154,0.010884353741496598,-0.05088233281931812,-0.02792098748049947,0.07176038092795402,0.12730331015263868,0.25023805946192795,overlapping,0.5419300463548251,0.5895981087470449,0.9299030574198359,0.25,4
semiconductor,20,acute_selloff,market_regime_v1,2020-02-25,2025-04-08,ridge_decay_volume,2373,1.0,0.34181987892438515,0.28222760295181876,0.5714285714285714,0.010884353741496598,-0.05322341664325051,0.005885963838030059,0.06963473998890116,0.12954753384172601,0.1662359289539545,overlapping,0.5233881163084703,0.5824015556635878,0.8933631618195377,0.375,4
semiconductor,20,correction,market_regime_v1,2020-03-02,2026-03-31,logistic_decay_market,12548,1.0,0.3195492960957117,0.26554726486841546,0.2486238532110092,0.05675392670157068,0.07210819246126321,0.04523155448301916,0.04532666508936246,,,overlapping,0.4772075231112528,0.5127091813658978,0.8606134224111752,0.25,4
semiconductor,20,correction,market_regime_v1,2020-03-02,2026-03-31,majority_baseline,12548,1.0,0.3333333333333333,0.22946935646841574,0.0,0.0,,,0.047650026203565156,,,overlapping,0.5248645202422697,0.5248645202422697,1.0,0.25,4
semiconductor,20,correction,market_regime_v1,2020-03-02,2026-03-31,ridge_current,12548,1.0,0.338388017250111,0.26195588531441866,0.4578313253012048,0.007958115183246073,-0.006564761812924215,0.02560974906496008,0.050265985880684656,0.14203864361971394,0.08194169447655578,overlapping,0.4870895760280523,0.5254746136865343,0.9035833586395384,,0
semiconductor,20,correction,market_regime_v1,2020-03-02,2026-03-31,ridge_decay_market,12548,1.0,0.33713294248239634,0.2623514107264081,0.2894736842105263,0.006910994764397905,0.031848805231091994,0.03474455159034227,0.049413509331408555,0.1435476874277125,0.04423640907543917,overlapping,0.4733025183296143,0.5197975049719762,0.8730640753112663,0.5,4
semiconductor,20,correction,market_regime_v1,2020-03-02,2026-03-31,ridge_decay_only,12548,1.0,0.3375639265467177,0.26143515903315856,0.44047619047619047,0.0077486910994764395,-0.002867888196151531,0.029288356783560943,0.04987325191430173,0.14229825523263384,0.07405585174756121,overlapping,0.48509722664966526,0.5232250088308018,0.8996355906468266,0.25,4
semiconductor,20,correction,market_regime_v1,2020-03-02,2026-03-31,ridge_decay_volume,12548,1.0,0.3389974473804827,0.2634316106619021,0.4111111111111111,0.0077486910994764395,0.010276462159473986,0.030155936260709556,0.04989944534020489,0.14262286637108917,0.06435096109339479,overlapping,0.4811922218680268,0.5227049692211616,0.8896143334345582,0.75,4
semiconductor,20,range_bound,market_regime_v1,2019-12-03,2026-04-14,logistic_decay_market,6922,1.0,0.3651147688499467,0.34304173707395513,0.5264817150063051,0.2783333333333333,-0.013875558101742942,0.015589710991380188,0.036798705679098175,,,overlapping,0.45608205720889916,0.4676050507141379,0.7467768595041322,0.5,4
semiconductor,20,range_bound,market_regime_v1,2019-12-03,2026-04-14,majority_baseline,6922,1.0,0.3333333333333333,0.20274119500016755,0.0,0.0,,,0.023640669753973702,,,overlapping,0.4370124241548685,0.4370124241548685,1.0,0.5,4
semiconductor,20,range_bound,market_regime_v1,2019-12-03,2026-04-14,ridge_current,6922,1.0,0.3362202474732119,0.2504091332906225,0.49,0.01633333333333333,0.001107593946226627,0.03504060490691637,0.01952765296924173,0.12869952687267802,-0.030707164459222478,overlapping,0.3488876047385149,0.43097781429745274,0.6935537190082645,,0
semiconductor,20,range_bound,market_regime_v1,2019-12-03,2026-04-14,ridge_decay_market,6922,1.0,0.35027973870661616,0.27403817617857645,0.5691699604743083,0.048,-0.011767299949229782,0.014531694116385207,0.029922724114616203,0.12765118292014915,0.041522467720149794,overlapping,0.3572666859289223,0.4486641642746743,0.6717355371900826,0.5,4
semiconductor,20,range_bound,market_regime_v1,2019-12-03,2026-04-14,ridge_decay_only,6922,1.0,0.33780665579479807,0.25220363013738334,0.47107438016528924,0.019,0.013366710206247393,0.027436508231939674,0.022210572803744937,0.12840981393659767,-0.01882900152249447,overlapping,0.34513146489453916,0.43534666099532116,0.6766942148760331,0.75,4
semiconductor,20,range_bound,market_regime_v1,2019-12-03,2026-04-14,ridge_decay_volume,6922,1.0,0.34681183068139587,0.26773989057267816,0.5566502463054187,0.03766666666666667,-0.010839727982633074,0.016866236666446592,0.02818698179591972,0.12811881691567442,0.01744647556077756,overlapping,0.35755561976307426,0.4481569303729252,0.6872727272727273,0.75,4
semiconductor,20,under_pressure,market_regime_v1,2019-09-24,2026-06-25,logistic_decay_market,17201,1.0,0.3312388921679663,0.3099419655592098,0.3637881679389313,0.22413286302175192,0.024141792397520432,0.030938865338592175,0.033458647731736804,,,overlapping,0.4327655368873903,0.4679647733699604,0.7140039447731755,0.25,4
semiconductor,20,under_pressure,market_regime_v1,2019-09-24,2026-06-25,majority_baseline,17201,1.0,0.3333333333333333,0.2136451625646901,0.0,0.0,,,0.031095485122963916,,,overlapping,0.47160048834370094,0.47160048834370094,1.0,0.25,4
semiconductor,20,under_pressure,market_regime_v1,2019-09-24,2026-06-25,ridge_current,17201,1.0,0.35487512824108175,0.26169181219128573,0.21337579617834396,0.009847148736037625,0.049242978449681826,0.022353648731107553,0.0357998901564689,0.1252683853250284,-0.022840903462122603,overlapping,0.3508516946689146,0.4692562766461393,0.6105769230769231,,0
semiconductor,20,under_pressure,market_regime_v1,2019-09-24,2026-06-25,ridge_decay_market,17201,1.0,0.351754701205863,0.26396736461099257,0.22505800464037123,0.014256319811875367,0.04251947468327341,0.023560636083089743,0.03484438249622824,0.12576766648010046,-0.02905700431195321,overlapping,0.3541073193418987,0.46766400297342503,0.6204388560157791,0.25,4
semiconductor,20,under_pressure,market_regime_v1,2019-09-24,2026-06-25,ridge_decay_only,17201,1.0,0.3535793571528452,0.2619378327703789,0.23202614379084968,0.010435038212815991,0.03936702709202248,0.02269835530340215,0.03578423213087812,0.1253232627840783,-0.02110100223752366,overlapping,0.35282832393465496,0.47041697971450036,0.6174802761341223,0.25,4
semiconductor,20,under_pressure,market_regime_v1,2019-09-24,2026-06-25,ridge_decay_volume,17201,1.0,0.3546156363661211,0.2655165051228133,0.26038781163434904,0.013815402704291593,0.03773838936876668,0.023386745127020006,0.03514977070853411,0.12548101011254606,-0.020354913490058118,overlapping,0.35759548863438173,0.4700886262924668,0.6277120315581854,0.5,4
semiconductor,20,uptrend,market_regime_v1,2019-09-18,2026-06-22,logistic_decay_market,41492,1.0,0.3412128472592623,0.325160070614296,0.36578334189013073,0.600960290682585,0.029222060485095,0.03573926022515304,0.03442025292586966,,,overlapping,0.40501783476332787,0.49397172949002216,0.3507157967235696,0.5,4
semiconductor,20,uptrend,market_regime_v1,2019-09-18,2026-06-22,majority_baseline,41492,1.0,0.3333333333333333,0.21920984379128317,0.0,0.0,,,0.03130327430108895,,,overlapping,0.48990166779138145,0.48990166779138145,1.0,0.5,4
semiconductor,20,uptrend,market_regime_v1,2019-09-18,2026-06-22,ridge_current,41492,1.0,0.33867571285999026,0.23663192627775043,0.3049391553328561,0.08292239813132624,0.02568760481792066,0.026221858971299895,0.046688398594815356,0.12151440841192633,-0.014429848635483336,overlapping,0.25091583919791766,0.5043703774853521,0.2583263639494269,,0
semiconductor,20,uptrend,market_regime_v1,2019-09-18,2026-06-22,ridge_decay_market,41492,1.0,0.33156380568653204,0.24370257768439285,0.2882976512159634,0.0899948092395536,0.02830344347093434,0.02668948545696095,0.04260823868241881,0.1218247085255289,-0.009315263856924477,overlapping,0.25879687650631444,0.5012133818686081,0.2844984503369902,0.25,4
semiconductor,20,uptrend,market_regime_v1,2019-09-18,2026-06-22,ridge_decay_only,41492,1.0,0.3380903010133503,0.23881931892636155,0.3000453926463913,0.08577731637684921,0.02833110206945009,0.025591750520304907,0.04683600874140225,0.12170022602047546,-0.016327065897692093,overlapping,0.2528921237828979,0.5044866345518089,0.2627539725488267,0.25,4
semiconductor,20,uptrend,market_regime_v1,2019-09-18,2026-06-22,ridge_decay_volume,41492,1.0,0.33347851519600114,0.24688692026414696,0.3027727180732645,0.09706722034778095,0.025496463159091827,0.026748931287138004,0.043830528254799134,0.12178453061775016,-0.006679572091040232,overlapping,0.2607731610912947,0.5038074398249452,0.28317016775717024,0.5,4
semiconductor,20,acute_selloff,market_regime_v1,2020-03-10,2022-10-07,logistic_decay_market,138,1.0,0.21156462585034017,0.17318977641980696,0.03333333333333333,0.02040816326530612,0.12932075638689933,0.05158482980088963,0.011010163753391648,,,non_overlapping,0.3188405797101449,0.41346153846153844,0.6142857142857143,0.0,2
semiconductor,20,acute_selloff,market_regime_v1,2020-03-10,2022-10-07,majority_baseline,138,1.0,0.3333333333333333,0.22435897435897437,0.0,0.0,,,0.03790593508089326,,,non_overlapping,0.5072463768115942,0.5072463768115942,1.0,0.0,2
semiconductor,20,acute_selloff,market_regime_v1,2020-03-10,2022-10-07,ridge_current,138,1.0,0.37576083064804866,0.31907308377896615,1.0,0.04081632653061224,-0.06749075891655876,0.09302662189169567,0.0361077154989283,0.11053509347059784,-0.17316644938571515,non_overlapping,0.5072463768115942,0.5078125,0.9285714285714286,,0
semiconductor,20,acute_selloff,market_regime_v1,2020-03-10,2022-10-07,ridge_decay_market,138,1.0,0.2832438238453276,0.23234913234913235,0.3333333333333333,0.02040816326530612,0.029393005573569424,0.12903483375189206,0.01742699255132055,0.11911005193002674,-0.3333302891168499,non_overlapping,0.3695652173913043,0.42727272727272725,0.6714285714285714,0.0,2
semiconductor,20,acute_selloff,market_regime_v1,2020-03-10,2022-10-07,ridge_decay_only,138,1.0,0.35821697099892585,0.2949899007428618,0.6666666666666666,0.04081632653061224,-0.04950318005503033,0.08679376391733601,0.03689116905503679,0.11072938481828518,-0.16654984485911745,non_overlapping,0.5,0.5118110236220472,0.9285714285714286,0.25,2
semiconductor,20,acute_selloff,market_regime_v1,2020-03-10,2022-10-07,ridge_decay_volume,138,1.0,0.3138560687432868,0.2633300757560005,1.0,0.04081632653061224,-0.06749075891655876,0.11021758683874622,0.02580011972406993,0.1131267803226438,-0.25048345963026464,non_overlapping,0.41304347826086957,0.45614035087719296,0.7428571428571429,0.25,2
semiconductor,20,correction,market_regime_v1,2020-04-07,2025-04-29,logistic_decay_market,565,1.0,0.3248364339762189,0.2526033518429859,0.3125,0.046296296296296294,0.054294059070564754,0.09005949644484715,0.044891599810394076,,,non_overlapping,0.4654867256637168,0.48549323017408125,0.899641577060932,0.125,4
semiconductor,20,correction,market_regime_v1,2020-04-07,2025-04-29,majority_baseline,565,1.0,0.3333333333333333,0.22037914691943128,0.0,0.0,,,0.04670321935460064,,,non_overlapping,0.49380530973451325,0.49380530973451325,1.0,0.625,4
semiconductor,20,correction,market_regime_v1,2020-04-07,2025-04-29,ridge_current,565,1.0,0.3383925015645446,0.24827164968520532,1.0,0.004629629629629629,-0.1281604184829992,-0.03406973658483536,0.05353718063294147,0.13121805786436963,0.2097321881070255,non_overlapping,0.479646017699115,0.5095785440613027,0.953405017921147,,0
semiconductor,20,correction,market_regime_v1,2020-04-07,2025-04-29,ridge_decay_market,565,1.0,0.3288516242817318,0.23902878333773572,0.5,0.004629629629629629,-0.05214962355820241,-0.025855649387233903,0.05263067716626218,0.13294789588263403,0.16220046270724978,non_overlapping,0.47079646017699117,0.5009560229445507,0.9390681003584229,0.125,4
semiconductor,20,correction,market_regime_v1,2020-04-07,2025-04-29,ridge_decay_only,565,1.0,0.33719775843431754,0.24718372773844585,1.0,0.004629629629629629,-0.1281604184829992,-0.032196909880832916,0.05257450667822235,0.13157800788991672,0.19678559328471537,non_overlapping,0.4778761061946903,0.5028462998102466,0.9498207885304659,0.375,4
semiconductor,20,correction,market_regime_v1,2020-04-07,2025-04-29,ridge_decay_volume,565,1.0,0.3395872446947716,0.24871525067787725,1.0,0.004629629629629629,-0.1281604184829992,-0.0371482788636381,0.0522436394657861,0.13213641769783896,0.16938060697712873,non_overlapping,0.4814159292035398,0.5028248587570622,0.956989247311828,0.5,4
semiconductor,20,range_bound,market_regime_v1,2020-04-16,2026-04-14,logistic_decay_market,345,1.0,0.38057314798098335,0.37039918964893853,0.5161290322580645,0.256,-0.0007744293071168171,0.05305612679267636,0.1142811516684282,,,non_overlapping,0.5507246376811594,0.6046511627906976,0.8167539267015707,1.0,3
semiconductor,20,range_bound,market_regime_v1,2020-04-16,2026-04-14,majority_baseline,345,1.0,0.3333333333333333,0.23756218905472637,0.0,0.0,,,0.08916790053110188,,,non_overlapping,0.553623188405797,0.553623188405797,1.0,0.6666666666666666,3
semiconductor,20,range_bound,market_regime_v1,2020-04-16,2026-04-14,ridge_current,345,1.0,0.32640885839802614,0.24228911444487822,0.75,0.024,0.03791515189523867,0.09989412559781552,0.08461699394646198,0.16689635057566504,-0.14589969432544114,non_overlapping,0.35942028985507246,0.48672566371681414,0.5759162303664922,,0
semiconductor,20,range_bound,market_regime_v1,2020-04-16,2026-04-14,ridge_decay_market,345,1.0,0.32723259312752,0.2420164462497584,0.3333333333333333,0.016,0.0924924439425921,0.0721965521682456,0.09886324907307974,0.1638827046774098,0.00945925410731924,non_overlapping,0.36231884057971014,0.5209302325581395,0.5863874345549738,0.3333333333333333,3
semiconductor,20,range_bound,market_regime_v1,2020-04-16,2026-04-14,ridge_decay_only,345,1.0,0.3289777938256003,0.24171045294251625,0.5,0.016,0.08034799559296976,0.09458053580088373,0.08667473227580479,0.16569203582706257,-0.09274709667615448,non_overlapping,0.3652173913043478,0.49344978165938863,0.5916230366492147,0.6666666666666666,3
semiconductor,20,range_bound,market_regime_v1,2020-04-16,2026-04-14,ridge_decay_volume,345,1.0,0.33246819522176085,0.24530318363823778,0.5,0.016,0.08761140769763506,0.08216832236620261,0.09285172471247276,0.16426903240958846,-0.01455986954768348,non_overlapping,0.3710144927536232,0.5133928571428571,0.6020942408376964,0.6666666666666666,3
semiconductor,20,under_pressure,market_regime_v1,2020-09-28,2026-06-10,logistic_decay_market,1099,1.0,0.3290115021247097,0.3124993412161207,0.36451612903225805,0.25681818181818183,0.02758825399765186,0.024451932013369006,0.021694187488918094,,,non_overlapping,0.3976342129208371,0.4256198347107438,0.6477987421383647,0.25,4
semiconductor,20,under_pressure,market_regime_v1,2020-09-28,2026-06-10,majority_baseline,1099,1.0,0.3333333333333333,0.2017766497461929,0.0,0.0,,,0.023514841285776942,,,non_overlapping,0.4340309372156506,0.4340309372156506,1.0,0.25,4
semiconductor,20,under_pressure,market_regime_v1,2020-09-28,2026-06-10,ridge_current,1099,1.0,0.356132372170108,0.26372801353462055,0.2857142857142857,0.013636363636363636,0.008125393346659167,0.020706071094065265,0.026119694152848236,0.11630065757359329,-0.0700664969555634,non_overlapping,0.3275705186533212,0.42326332794830374,0.549266247379455,,0
semiconductor,20,under_pressure,market_regime_v1,2020-09-28,2026-06-10,ridge_decay_market,1099,1.0,0.36264938764938764,0.2701621116544241,0.2413793103448276,0.015909090909090907,0.03547149046450249,0.0192708592459906,0.02602499444146297,0.11676880320687262,-0.07013283554559793,non_overlapping,0.3330300272975432,0.42673107890499196,0.5555555555555556,0.75,4
semiconductor,20,under_pressure,market_regime_v1,2020-09-28,2026-06-10,ridge_decay_only,1099,1.0,0.35833898805596914,0.2634566924958303,0.2631578947368421,0.011363636363636364,0.008888478087500339,0.021270410585825558,0.025670876476240466,0.11671164391909249,-0.07955668970517092,non_overlapping,0.3275705186533212,0.4250814332247557,0.5471698113207547,0.75,4
semiconductor,20,under_pressure,market_regime_v1,2020-09-28,2026-06-10,ridge_decay_volume,1099,1.0,0.35290324629947273,0.2621170678081725,0.23076923076923078,0.013636363636363636,0.03846832833532559,0.021186728214941285,0.024599794010602114,0.11670479631264909,-0.07314571769654146,non_overlapping,0.3248407643312102,0.42071197411003236,0.5450733752620545,0.25,4
semiconductor,20,uptrend,market_regime_v1,2019-09-18,2026-06-17,logistic_decay_market,1976,1.0,0.3393838060261271,0.32341920086425385,0.3633305298570227,0.5877551020408164,0.022936424555851764,0.013532786442140095,0.030096854045328435,,,non_overlapping,0.40384615384615385,0.49359886201991465,0.3648790746582545,0.25,4
semiconductor,20,uptrend,market_regime_v1,2019-09-18,2026-06-17,majority_baseline,1976,1.0,0.3333333333333333,0.21660403143149984,0.0,0.0,,,0.02508413524894403,,,non_overlapping,0.4812753036437247,0.4812753036437247,1.0,0.25,4
semiconductor,20,uptrend,market_regime_v1,2019-09-18,2026-06-17,ridge_current,1976,1.0,0.3356710580094832,0.24506850602691985,0.3090128755364807,0.09795918367346938,0.022733130518860372,0.020879860145793912,0.036353014579782406,0.11365649791979232,-0.029128593911845618,non_overlapping,0.25708502024291496,0.48722986247544203,0.2607781282860147,,0
semiconductor,20,uptrend,market_regime_v1,2019-09-18,2026-06-17,ridge_decay_market,1976,1.0,0.3238358674264876,0.250844671476695,0.3125,0.11564625850340136,0.01972531380663478,0.024466568642189497,0.029097441207167063,0.1135359729253137,0.00015145111257187463,non_overlapping,0.2611336032388664,0.48523985239852396,0.2765509989484753,0.5,4
semiconductor,20,uptrend,market_regime_v1,2019-09-18,2026-06-17,ridge_decay_only,1976,1.0,0.3347942694246559,0.24684861013478143,0.32644628099173556,0.10748299319727891,0.017553480779351684,0.02197976815522596,0.03630460100243964,0.11382111138043992,-0.021118599080941488,non_overlapping,0.25708502024291496,0.4831013916500994,0.2555205047318612,0.75,4
semiconductor,20,uptrend,market_regime_v1,2019-09-18,2026-06-17,ridge_decay_volume,1976,1.0,0.32605174054102587,0.25242882916524173,0.3215547703180212,0.12380952380952381,0.020219530022921168,0.023974572395187573,0.030139673134532554,0.1135906454125233,-0.0010154049298743935,non_overlapping,0.2611336032388664,0.48295454545454547,0.26813880126182965,0.5,4
software,5,acute_selloff,market_regime_v1,2020-02-25,2025-04-08,logistic_decay_market,4152,1.0,0.3377978462320636,0.26795357574710865,0.3333333333333333,0.02366412213740458,0.04362025198883958,0.08654028422788991,0.02763821928488383,,,overlapping,0.5676782273603083,0.576511570042299,0.969861866889912,0.5,4
software,5,acute_selloff,market_regime_v1,2020-02-25,2025-04-08,majority_baseline,4152,1.0,0.3333333333333333,0.24348978239820618,0.0,0.0,,,0.02856365561416806,,,overlapping,0.5753853564547207,0.5753853564547207,1.0,0.25,4
software,5,acute_selloff,market_regime_v1,2020-02-25,2025-04-08,ridge_current,4152,1.0,0.36146992560021,0.361270355543575,0.34587080948487325,0.32290076335877865,0.012324796448723233,0.023489583574618216,0.03765030207509967,0.1136196344736726,0.13275197532280872,overlapping,0.47519267822736033,0.6064437194127243,0.6224361657597322,,0
software,5,acute_selloff,market_regime_v1,2020-02-25,2025-04-08,ridge_decay_market,4152,1.0,0.34784095534019,0.34095533708942943,0.3320815450643777,0.4725190839694656,0.01827148090269303,0.030019158378732175,0.03830255615138983,0.14858678507779263,0.11658212473414013,overlapping,0.43954720616570325,0.6107628004179728,0.48932607785684384,0.0,4
software,5,acute_selloff,market_regime_v1,2020-02-25,2025-04-08,ridge_decay_only,4152,1.0,0.3533990458625997,0.3529274410357926,0.3319700068166326,0.3717557251908397,0.017855681236145293,0.022137159312631993,0.036652236803686046,0.15279630376063055,0.10377532981428451,overlapping,0.4619460500963391,0.6081021576398062,0.5780661364587694,0.25,4
software,5,acute_selloff,market_regime_v1,2020-02-25,2025-04-08,ridge_decay_volume,4152,1.0,0.3513951947115177,0.3497385665299512,0.33612363168061815,0.3984732824427481,0.017026706418052456,0.03385076648850396,0.03572075347424893,0.1574068832474502,0.10108212287401806,overlapping,0.45977842003853564,0.6023287057769816,0.5629970699037254,0.25,4
software,5,correction,market_regime_v1,2020-03-02,2026-03-31,logistic_decay_market,23113,1.0,0.33287913274624065,0.27373537504662016,0.36650485436893204,0.0973565441650548,0.011032315587370804,-0.015993542780345652,0.0018346869804663454,,,overlapping,0.4515640548609008,0.467314268721812,0.8663971331434347,0.5,4
software,5,correction,market_regime_v1,2020-03-02,2026-03-31,majority_baseline,23113,1.0,0.3333333333333333,0.2134172647762482,0.0,0.0,,,0.0024604923413996315,,,overlapping,0.4708605546662052,0.4708605546662052,1.0,0.25,4
software,5,correction,market_regime_v1,2020-03-02,2026-03-31,ridge_current,23113,1.0,0.3468765896813177,0.3460076014230671,0.40814558058925476,0.4049000644745326,-0.0019698733305464657,0.00029483760791078817,0.00728209531162928,0.09526629454385965,0.06500880126917892,overlapping,0.4041881192402544,0.5001969279243796,0.46678305614260773,,0
software,5,correction,market_regime_v1,2020-03-02,2026-03-31,ridge_decay_market,23113,1.0,0.3504109532787432,0.34883479519417726,0.41580022279985146,0.4813023855577047,-0.0007225450313609682,0.0036385398330164727,0.0057625874223188765,0.10647533081145003,0.048135111362155564,overlapping,0.4119759442737853,0.49655839965584,0.4242396398052008,0.75,4
software,5,correction,market_regime_v1,2020-03-02,2026-03-31,ridge_decay_only,23113,1.0,0.34975895992517986,0.3487681664010587,0.41414530738099825,0.46185256823554693,-0.0007265759124511008,0.003496309053508749,0.00556457080821577,0.10655705726599908,0.04769950511889855,overlapping,0.4108510362133864,0.49500728104847097,0.4372875126343839,0.75,4
software,5,correction,market_regime_v1,2020-03-02,2026-03-31,ridge_decay_volume,23113,1.0,0.34692971147530516,0.34538747047091256,0.4136935258500233,0.47721899849559424,-0.0003857885527868724,0.003261738738681214,0.005477911149929142,0.10711373661422621,0.04239453734638322,overlapping,0.40851468870332713,0.49237542955326463,0.42129927409721585,0.25,4
software,5,range_bound,market_regime_v1,2019-12-03,2026-07-14,logistic_decay_market,12883,1.0,0.33534762751898906,0.32974625842672217,0.3124811121184648,0.2218408066938425,0.016963127651221026,0.009209900698908889,0.009227951326987874,,,overlapping,0.3943180936117364,0.4702549575070821,0.5833865814696486,0.5,4
software,5,range_bound,market_regime_v1,2019-12-03,2026-07-14,majority_baseline,12883,1.0,0.3333333333333333,0.21800832332097023,0.0,0.0,,,0.011212199011635914,,,overlapping,0.4859116665372972,0.4859116665372972,1.0,0.25,4
software,5,range_bound,market_regime_v1,2019-12-03,2026-07-14,ridge_current,12883,1.0,0.344482676703698,0.3415535527204849,0.33645833333333336,0.27719373524994634,0.008381550227726306,0.0074962726789638305,0.013896159447789063,0.08138402331907485,0.011432699790349405,overlapping,0.40161453077699294,0.5026622535616635,0.5579872204472843,,0
software,5,range_bound,market_regime_v1,2019-12-03,2026-07-14,ridge_decay_market,12883,1.0,0.3392874824818737,0.33795515628693057,0.3464391691394659,0.30057927483372665,0.009550505185582535,0.012544805004410542,0.011812993267454795,0.08913378999035378,-0.008568194402112718,overlapping,0.3991306372739269,0.49168233762476493,0.5429712460063898,0.25,4
software,5,range_bound,market_regime_v1,2019-12-03,2026-07-14,ridge_decay_only,12883,1.0,0.33643997884311344,0.3362218315335741,0.3316201117318436,0.31838661231495385,0.010001722714690445,0.011075194311079143,0.012087962882018443,0.09105859440748493,-0.018701805324062473,overlapping,0.3900489016533416,0.49074930619796486,0.5084664536741214,0.25,4
software,5,range_bound,market_regime_v1,2019-12-03,2026-07-14,ridge_decay_volume,12883,1.0,0.33700099278329115,0.3366278228401409,0.33753375337533753,0.32181935207037116,0.010044883451146151,0.010603678813004142,0.012201890967682887,0.09028150992153691,-0.013447603813506117,overlapping,0.39129084840487466,0.4935748567889766,0.5092651757188499,0.25,4
software,5,under_pressure,market_regime_v1,2019-09-24,2026-07-17,logistic_decay_market,32653,1.0,0.3511490976879316,0.3198014431326767,0.4324231495792547,0.18821946479294363,0.004816442165383461,0.004605518500382761,0.0012467250143521323,,,overlapping,0.42075766392061986,0.42560388395877274,0.7663370593293207,0.75,4
software,5,under_pressure,market_regime_v1,2019-09-24,2026-07-17,majority_baseline,32653,1.0,0.3333333333333333,0.1996180995086786,0.0,0.0,,,0.0020582820134086824,,,overlapping,0.4274033013811901,0.4274033013811901,1.0,0.75,4
software,5,under_pressure,market_regime_v1,2019-09-24,2026-07-17,ridge_current,32653,1.0,0.3276452585046223,0.3235959357190836,0.3764615972487581,0.36821647480938857,0.006162087682676844,0.0008817400753112878,-0.0016353457159157653,0.08439809262565769,-0.0472496861058024,overlapping,0.34710440082075156,0.41609912201526217,0.36335626253940956,,0
software,5,under_pressure,market_regime_v1,2019-09-24,2026-07-17,ridge_decay_market,32653,1.0,0.322173531433751,0.3199235629152921,0.37220825852782763,0.38742711915084466,0.007235551207126598,0.00032091283559420594,-0.0029382140953123177,0.09085652503969814,-0.06377902188054166,overlapping,0.3472575261078614,0.4094916371426217,0.35611923187159644,0.0,4
software,5,under_pressure,market_regime_v1,2019-09-24,2026-07-17,ridge_decay_only,32653,1.0,0.32379917132346303,0.3219657297286705,0.37520117044623263,0.38339064135147255,0.00672005640437051,0.0013680749519393107,-0.0026744272661054953,0.09132279923196432,-0.061699767715384705,overlapping,0.35025878173521574,0.410364928531502,0.3682287188306105,0.5,4
software,5,under_pressure,market_regime_v1,2019-09-24,2026-07-17,ridge_decay_volume,32653,1.0,0.3213503308864485,0.3192822402924357,0.3715779536707574,0.3824936462849454,0.007300050939143366,0.0006467833138811745,-0.0030418493361361564,0.09097045117001552,-0.06552247070342491,overlapping,0.34673690013168773,0.4073233959818535,0.36027515047291486,0.0,4
software,5,uptrend,market_regime_v1,2019-09-18,2026-07-10,logistic_decay_market,74322,1.0,0.38439832170025867,0.38022666124059573,0.4437956817609006,0.35475638830126593,0.006573699181138873,0.001824941224968192,0.0029163057616956854,,,overlapping,0.3986571943704421,0.4247813326359225,0.47410242272889436,1.0,4
software,5,uptrend,market_regime_v1,2019-09-18,2026-07-10,majority_baseline,74322,1.0,0.3333333333333333,0.19547651878972308,0.0,0.0,,,0.0038513406720632973,,,overlapping,0.414856973708996,0.414856973708996,1.0,0.25,4
software,5,uptrend,market_regime_v1,2019-09-18,2026-07-10,ridge_current,74322,1.0,0.34063573454510226,0.3389861918778954,0.3862748548301953,0.3685571337429905,0.004630656057894221,0.0011793754266657124,0.004590453946825929,0.08130705692098399,-0.013137202978288276,overlapping,0.36095637899948874,0.42127053074521514,0.40262056887101483,,0
software,5,uptrend,market_regime_v1,2019-09-18,2026-07-10,ridge_decay_market,74322,1.0,0.3406586938130936,0.3403892369414289,0.3929422025426856,0.3933380343171821,0.004424375001645235,0.0003885990238338223,0.004944240652167932,0.09083044427328181,-0.013192357905401858,overlapping,0.367643497214822,0.4185087923411894,0.4083287386890669,0.5,4
software,5,uptrend,market_regime_v1,2019-09-18,2026-07-10,ridge_decay_only,74322,1.0,0.33829452164636836,0.33815052615777924,0.38510063082006607,0.3874282260501662,0.0046549240307919276,9.375971541134608e-05,0.004815292170540257,0.09039799771546939,-0.01503409904998575,overlapping,0.3655579774494766,0.41903658334712796,0.41050173515389354,0.25,4
software,5,uptrend,market_regime_v1,2019-09-18,2026-07-10,ridge_decay_volume,74322,1.0,0.34079448479623337,0.34050109466264605,0.39291603456236396,0.40005372552970014,0.00457528603402342,0.00024703703089499606,0.004870053979942582,0.09084479672816334,-0.012779760447917773,overlapping,0.3676165872823659,0.4189335498714305,0.40158271981318716,0.5,4
software,5,acute_selloff,market_regime_v1,2020-02-26,2025-04-07,logistic_decay_market,929,1.0,0.3378343575668823,0.2552614274641187,0.3333333333333333,0.018691588785046728,0.06474789083613626,0.05402886779290043,0.016428079348416332,,,non_overlapping,0.5209903121636168,0.5295429208472687,0.9693877551020408,0.6666666666666666,3
software,5,acute_selloff,market_regime_v1,2020-02-26,2025-04-07,majority_baseline,929,1.0,0.3333333333333333,0.23020906741836974,0.0,0.0,,,0.017930950871561366,,,non_overlapping,0.527448869752422,0.527448869752422,1.0,0.0,3
software,5,acute_selloff,market_regime_v1,2020-02-26,2025-04-07,ridge_current,929,1.0,0.4104826702844399,0.41122882656904797,0.49063670411985016,0.40809968847352024,-0.006947525859574094,0.00944137935209279,0.030992608935750728,0.10151256955628693,0.2039221460306538,non_overlapping,0.5209903121636168,0.5922671353251318,0.6877551020408164,,0
software,5,acute_selloff,market_regime_v1,2020-02-26,2025-04-07,ridge_decay_market,929,1.0,0.38723729208669583,0.3791478265265889,0.4073226544622426,0.5545171339563862,0.0012641355240884005,0.016268490297253278,0.03546595216788187,0.1257308786557877,0.2031969576887907,non_overlapping,0.47793326157158234,0.6066350710900474,0.5224489795918368,0.3333333333333333,3
software,5,acute_selloff,market_regime_v1,2020-02-26,2025-04-07,ridge_decay_only,929,1.0,0.40215001043450277,0.40102965170675303,0.43804034582132567,0.4735202492211838,-0.0019346742518302317,0.010027768169936304,0.0330598808957132,0.1272704396117931,0.21518709249315018,non_overlapping,0.5026910656620022,0.6032064128256514,0.6142857142857143,0.3333333333333333,3
software,5,acute_selloff,market_regime_v1,2020-02-26,2025-04-07,ridge_decay_volume,929,1.0,0.40838054002951835,0.4073905400578209,0.441340782122905,0.49221183800623053,-0.0029100425529029585,0.012144376343590382,0.033546383702297455,0.1323211910638093,0.21026729893740706,non_overlapping,0.5091496232508074,0.5984095427435387,0.6142857142857143,0.6666666666666666,3
software,5,correction,market_regime_v1,2020-03-05,2026-03-30,logistic_decay_market,4579,1.0,0.327125159921526,0.27218709123448676,0.3301158301158301,0.09693877551020408,0.016977849094648383,-0.03270538161842394,0.0057555214975437375,,,non_overlapping,0.4623280192181699,0.4867658179984875,0.8578409595735229,0.25,4
software,5,correction,market_regime_v1,2020-03-05,2026-03-30,majority_baseline,4579,1.0,0.3333333333333333,0.21971693509028792,0.0,0.0,,,0.006235504201714788,,,non_overlapping,0.4915920506660843,0.4915920506660843,1.0,0.25,4
software,5,correction,market_regime_v1,2020-03-05,2026-03-30,ridge_current,4579,1.0,0.3378671375752038,0.3367634602960865,0.3772489843296576,0.36848072562358275,0.002646534661976931,0.00045392253898495524,0.01125639362214761,0.09568484514186122,0.06259781999105528,non_overlapping,0.3976850840794933,0.5126130414088529,0.47845402043536206,,0
software,5,correction,market_regime_v1,2020-03-05,2026-03-30,ridge_decay_market,4579,1.0,0.3550300851047969,0.35207700992434643,0.4111111111111111,0.5034013605442177,0.00037036136908146693,0.0018899946144725268,0.014501798863671115,0.1043194683049733,0.08469432798976588,non_overlapping,0.42301812622843415,0.5315560391730142,0.43402932030208796,0.75,4
software,5,correction,market_regime_v1,2020-03-05,2026-03-30,ridge_decay_only,4579,1.0,0.35908662620768955,0.356962698544447,0.40963855421686746,0.481859410430839,0.0005980255945510093,0.00544233553721669,0.0125693472277209,0.10352650576754437,0.07186276159950235,non_overlapping,0.42279973793404674,0.5213541666666667,0.44469124833407375,0.5,4
software,5,correction,market_regime_v1,2020-03-05,2026-03-30,ridge_decay_volume,4579,1.0,0.3469516693970129,0.3440354370809409,0.4062209842154132,0.49603174603174605,0.0005630020701884244,0.0026105217669998306,0.014128697203124591,0.10344343860275597,0.07807141300597116,non_overlapping,0.4145009827473247,0.5235745614035088,0.42425588627276767,0.5,4
software,5,range_bound,market_regime_v1,2020-04-16,2026-07-14,logistic_decay_market,2554,1.0,0.34561137479324033,0.3383706374744757,0.33843797856049007,0.22972972972972974,0.013323338571407686,0.010637481369233856,0.00614677127211601,,,non_overlapping,0.40524667188723573,0.4731113956466069,0.6097359735973598,0.75,4
software,5,range_bound,market_regime_v1,2020-04-16,2026-07-14,majority_baseline,2554,1.0,0.3333333333333333,0.2145512480084971,0.0,0.0,,,0.008577722395593068,,,non_overlapping,0.4745497259201253,0.4745497259201253,1.0,0.5,4
software,5,range_bound,market_regime_v1,2020-04-16,2026-07-14,ridge_current,2554,1.0,0.32823726239567824,0.32295095551472736,0.31501340482573725,0.2442827442827443,0.010898663121008786,0.006036294981463454,0.008105282686366795,0.08148020549976992,-0.05233158923232785,non_overlapping,0.37823022709475335,0.47326589595375723,0.5404290429042904,,0
software,5,range_bound,market_regime_v1,2020-04-16,2026-07-14,ridge_decay_market,2554,1.0,0.33402544324899724,0.33274323566214764,0.3510011778563015,0.3097713097713098,0.007160102773939643,0.015562699614839035,0.007421386230785339,0.08875628205315822,-0.03552079126989621,non_overlapping,0.3860610806577917,0.47072243346007603,0.5107260726072608,0.75,4
software,5,range_bound,market_regime_v1,2020-04-16,2026-07-14,ridge_decay_only,2554,1.0,0.3342724533969974,0.3338506348973309,0.3402173913043478,0.32536382536382535,0.0068902811017448815,0.01236098504182785,0.00866337707568784,0.09113799633322914,-0.04281258099792095,non_overlapping,0.38488645262333593,0.48003194888178913,0.49587458745874585,0.75,4
software,5,range_bound,market_regime_v1,2020-04-16,2026-07-14,ridge_decay_volume,2554,1.0,0.3333673995477018,0.3326550661746239,0.34463894967177244,0.32744282744282743,0.007536348122967611,0.010827396445487183,0.008607080665562872,0.09003278777249227,-0.03216506878777888,non_overlapping,0.3825371965544244,0.48012976480129765,0.4884488448844885,0.75,4
software,5,under_pressure,market_regime_v1,2019-09-26,2026-07-17,logistic_decay_market,6792,1.0,0.3528213839423275,0.31799105975298203,0.440466278101582,0.1826657458563536,0.003081356437417079,0.0015138774741397653,-0.0004924325429849853,,,non_overlapping,0.4174028268551237,0.4209418070444104,0.774568510038746,0.75,4
software,5,under_pressure,market_regime_v1,2019-09-26,2026-07-17,majority_baseline,6792,1.0,0.3333333333333333,0.19651818779635208,0.0,0.0,,,0.00024791438601202124,,,non_overlapping,0.41799175500588925,0.41799175500588925,1.0,0.75,4
software,5,under_pressure,market_regime_v1,2019-09-26,2026-07-17,ridge_current,6792,1.0,0.31894500892965283,0.31463039877105076,0.38545853123858237,0.36429558011049723,0.005621159293013991,0.0007474991254289672,-0.005845246118385103,0.08849000339133671,-0.06330955644791345,non_overlapping,0.3399587750294464,0.39401103230890466,0.3522367030644593,,0
software,5,under_pressure,market_regime_v1,2019-09-26,2026-07-17,ridge_decay_market,6792,1.0,0.3132156924738527,0.31074230046806955,0.38308977035490605,0.38017955801104975,0.007167584500667334,-0.0009339620003726974,-0.006964215054785364,0.09458183539045532,-0.07789986916212281,non_overlapping,0.3401060070671378,0.38893280632411065,0.34660091581542796,0.25,4
software,5,under_pressure,market_regime_v1,2019-09-26,2026-07-17,ridge_decay_only,6792,1.0,0.31831291261405453,0.3163924845502217,0.38912280701754387,0.38294198895027626,0.005918583142861599,-0.0010069277136607437,-0.005345348758191211,0.09436049454993586,-0.06110027975173674,non_overlapping,0.34776207302709067,0.39961315280464216,0.36386051426558647,0.25,4
software,5,under_pressure,market_regime_v1,2019-09-26,2026-07-17,ridge_decay_volume,6792,1.0,0.314042356921521,0.31180845204479274,0.3853727144866385,0.3784530386740331,0.006862412635944918,-0.0003778804496347118,-0.006748638738787093,0.0941623532251114,-0.07069877139504722,non_overlapping,0.3418727915194346,0.39142300194931773,0.35364564987671715,0.25,4
software,5,uptrend,market_regime_v1,2019-09-18,2026-07-10,logistic_decay_market,14656,1.0,0.39132577793777035,0.38783183094110685,0.45054257095158595,0.3720489402033431,0.005035470369881741,0.001781887450793629,0.005993046098934282,,,non_overlapping,0.4076146288209607,0.4390498954287422,0.4779638965685477,1.0,4
software,5,uptrend,market_regime_v1,2019-09-18,2026-07-10,majority_baseline,14656,1.0,0.3333333333333333,0.19703596891772812,0.0,0.0,,,0.004769105336910151,,,non_overlapping,0.4195551310043668,0.4195551310043668,1.0,0.5,4
software,5,uptrend,market_regime_v1,2019-09-18,2026-07-10,ridge_current,14656,1.0,0.3401684476889586,0.33837369913605503,0.37899786780383793,0.3675684990522144,0.005706686021015848,0.001128054018382696,0.005879208841646989,0.08164653197862694,-0.012042861040727954,non_overlapping,0.35923853711790393,0.4199380165289256,0.3966498617661408,,0
software,5,uptrend,market_regime_v1,2019-09-18,2026-07-10,ridge_decay_market,14656,1.0,0.338814502109207,0.33860052704775123,0.3803786574870912,0.38083749784594173,0.006646837752802171,-0.00029109151755537025,0.005303500457038809,0.09249421921861976,-0.027840852076577965,non_overlapping,0.3646970524017467,0.4177821847628491,0.4111237599609693,0.25,4
software,5,uptrend,market_regime_v1,2019-09-18,2026-07-10,ridge_decay_only,14656,1.0,0.3360933512095224,0.3361489159573123,0.37670068027210885,0.38169912114423576,0.006392260880608034,0.001209125118879594,0.004774394884980914,0.09181967913308062,-0.024050411236162552,non_overlapping,0.3639465065502183,0.4178442326651331,0.41356318100504147,0.25,4
software,5,uptrend,market_regime_v1,2019-09-18,2026-07-10,ridge_decay_volume,14656,1.0,0.33868171149777004,0.3385256500909907,0.38204911092294663,0.3887644321902464,0.0065498221991883935,-0.0004721620668107645,0.005443366376664591,0.09262276268141012,-0.02600729782266762,non_overlapping,0.3650382096069869,0.41750334672021416,0.4057570336640104,0.25,4
software,20,acute_selloff,market_regime_v1,2020-02-25,2025-04-08,logistic_decay_market,4152,1.0,0.3350371238720753,0.2630766697578213,0.34394904458598724,0.03744798890429958,0.08573629572975841,0.0605146743958854,0.0438374235684679,,,overlapping,0.5342003853564548,0.5434618291761149,0.9518976169461606,0.5,4
software,20,acute_selloff,market_regime_v1,2020-02-25,2025-04-08,majority_baseline,4152,1.0,0.3333333333333333,0.23537966136906618,0.0,0.0,,,0.04552618355180977,,,overlapping,0.5457610789980732,0.5457610789980732,1.0,0.5,4
software,20,acute_selloff,market_regime_v1,2020-02-25,2025-04-08,ridge_current,4152,1.0,0.38548708208902377,0.3834204123037908,0.40934065934065933,0.30998613037447986,0.008434439876956534,0.008430896555302774,0.06570711905521022,0.25399451710653703,0.18340829196285308,overlapping,0.5113198458574181,0.6013387876534028,0.7135922330097088,,0
software,20,acute_selloff,market_regime_v1,2020-02-25,2025-04-08,ridge_decay_market,4152,1.0,0.3583602831175647,0.3525967617898469,0.3705220061412487,0.5020804438280166,0.028604574319356906,0.02690040033657482,0.06578862731886556,0.3536597448933302,0.10617992818652701,overlapping,0.45447976878612717,0.5937992643194955,0.49867608120035306,0.0,4
software,20,acute_selloff,market_regime_v1,2020-02-25,2025-04-08,ridge_decay_only,4152,1.0,0.3493219294190168,0.3479307034887628,0.3511111111111111,0.3287101248266297,0.031109231034760418,0.028215305538732482,0.05509073697038894,0.3638716327427477,0.10102622903840916,overlapping,0.4701348747591522,0.5697904310003954,0.6359223300970874,0.25,4
software,20,acute_selloff,market_regime_v1,2020-02-25,2025-04-08,ridge_decay_volume,4152,1.0,0.35375808919498236,0.35224523023594473,0.3705512909979065,0.3682385575589459,0.025194317036752224,0.019101052438736294,0.06105597400605007,0.36936523141323135,0.14579134903126836,overlapping,0.4735067437379576,0.5824678022434566,0.6187113857016769,0.0,4
software,20,correction,market_regime_v1,2020-03-02,2026-03-31,logistic_decay_market,23113,1.0,0.3257795677664591,0.24915809495070204,0.2856104651162791,0.046371681415929206,0.09024536680524173,0.08633818279160385,0.024577447238797265,,,overlapping,0.49011378877687883,0.5038090401218893,0.9227906976744186,0.25,4
software,20,correction,market_regime_v1,2020-03-02,2026-03-31,majority_baseline,23113,1.0,0.3333333333333333,0.2256377964775698,0.0,0.0,,,0.028695320067791623,,,overlapping,0.5116168390083503,0.5116168390083503,1.0,0.0,4
software,20,correction,market_regime_v1,2020-03-02,2026-03-31,ridge_current,23113,1.0,0.34453160230730884,0.3442134763419548,0.3662777396476779,0.37781710914454275,0.0223302614904222,0.027749767989998862,0.033860259692851745,0.2123119847448587,0.056583070041106014,overlapping,0.4151343399818284,0.5267431597528685,0.504693446088795,,0
software,20,correction,market_regime_v1,2020-03-02,2026-03-31,ridge_decay_market,23113,1.0,0.35838339353157184,0.35547629453045043,0.39259680015147214,0.48932153392330385,0.01774190149087066,0.025984948292739916,0.04081566906588652,0.24128035259758487,0.07578660840301411,overlapping,0.43326266603210317,0.5483902922238733,0.46816067653276955,0.5,4
software,20,correction,market_regime_v1,2020-03-02,2026-03-31,ridge_decay_only,23113,1.0,0.351873609386335,0.35080912185442675,0.38016945733306434,0.4447197640117994,0.021003154722578674,0.02722182436670537,0.03618667983608327,0.24219312606694177,0.05284289947999966,overlapping,0.4266862804482326,0.5376545522667666,0.4854122621564482,0.75,4
software,20,correction,market_regime_v1,2020-03-02,2026-03-31,ridge_decay_volume,23113,1.0,0.35287669617672024,0.35045712802027257,0.38599865371670355,0.4736283185840708,0.020582083234761205,0.02578796932271386,0.03771382023676948,0.24433613142108218,0.05558099852579949,overlapping,0.4262536235019253,0.5406919598977786,0.4652008456659619,0.5,4
software,20,range_bound,market_regime_v1,2019-12-03,2026-04-14,logistic_decay_market,12784,1.0,0.32063541844077575,0.24985716615516065,0.3409387222946545,0.09193179820706626,0.0963116040508527,0.004108669346456643,0.0010909121963932093,,,overlapping,0.39447747183979975,0.404039489176705,0.8364897806112882,0.75,4
software,20,range_bound,market_regime_v1,2019-12-03,2026-04-14,majority_baseline,12784,1.0,0.3333333333333333,0.1962429394123383,0.0,0.0,,,0.012566135330709863,,,overlapping,0.41716207759699625,0.41716207759699625,1.0,0.75,4
software,20,range_bound,market_regime_v1,2019-12-03,2026-04-14,ridge_current,12784,1.0,0.31610196464995055,0.3084484051749771,0.3839527442776274,0.2742133942696432,0.028256570910536953,0.00751025857583677,0.004741534831950966,0.20225179505914598,-0.09305459717523523,overlapping,0.3620150187734668,0.39549295774647886,0.5265329083067691,,0
software,20,range_bound,market_regime_v1,2019-12-03,2026-04-14,ridge_decay_market,12784,1.0,0.3341331606299025,0.3264736220219639,0.4231531978185424,0.30005273334505184,0.015433293257164877,0.012502405713887287,0.010988588204519579,0.22049741216582966,-0.04185984739916889,overlapping,0.38720275344180227,0.41185368536853684,0.5615975998499906,0.75,4
software,20,range_bound,market_regime_v1,2019-12-03,2026-04-14,ridge_decay_only,12784,1.0,0.32284247104517444,0.3197499520198474,0.4046815689582455,0.337317630515029,0.01716647538286579,0.00800794129184231,0.01026771351066835,0.22405058076956533,-0.06814517916132722,overlapping,0.37632978723404253,0.4046894031668697,0.498406150384399,0.75,4
software,20,range_bound,market_regime_v1,2019-12-03,2026-04-14,ridge_decay_volume,12784,1.0,0.3257470074117593,0.32295552093249796,0.4092158106108645,0.34030585340130076,0.01846986854257308,0.003925715003247994,0.010351315600552148,0.22398693351030372,-0.06502172836042966,overlapping,0.3768773466833542,0.4054304227090404,0.492780798799925,0.5,4
software,20,under_pressure,market_regime_v1,2019-09-24,2026-06-25,logistic_decay_market,31465,1.0,0.3381639583544443,0.2928156345182788,0.39768339768339767,0.17933836331979106,0.03821210351963192,0.0017193076087509485,0.01558290976124207,,,overlapping,0.4456062291434928,0.45754054897067997,0.8101484294097342,0.75,4
software,20,under_pressure,market_regime_v1,2019-09-24,2026-06-25,majority_baseline,31465,1.0,0.3333333333333333,0.21015596663039537,0.0,0.0,,,0.019328015219314237,,,overlapping,0.4603527729222946,0.4603527729222946,1.0,0.5,4
software,20,under_pressure,market_regime_v1,2019-09-24,2026-06-25,ridge_current,31465,1.0,0.3346854821231715,0.33429812504631334,0.36637080867850097,0.36962109277837657,0.018779037893269408,0.010659945746285792,0.023175969111111194,0.1910656949050429,0.008786969183466777,overlapping,0.37651358652471,0.46503093970355447,0.44618570935450463,,0
software,20,under_pressure,market_regime_v1,2019-09-24,2026-06-25,ridge_decay_market,31465,1.0,0.3292126197025258,0.3292210492857872,0.3623367591376246,0.3887737335212669,0.02183505764315969,0.011072148158221362,0.01984576247648397,0.20986264226229287,-0.01395851747504031,overlapping,0.373907516287939,0.4553994028981286,0.43175698998964446,0.5,4
software,20,under_pressure,market_regime_v1,2019-09-24,2026-06-25,ridge_decay_only,31465,1.0,0.332977393699929,0.33299126727796147,0.3690485590209238,0.3875300555509493,0.01895785680525966,0.012747638193313673,0.021958480689928582,0.20920399262507824,-0.0029635793875740796,overlapping,0.3787700619736215,0.4601865136298422,0.44287193648602,0.25,4
software,20,under_pressure,market_regime_v1,2019-09-24,2026-06-25,ridge_decay_volume,31465,1.0,0.3290222957352596,0.3290023114027045,0.36197226982396014,0.38529143520437775,0.021916885665992085,0.012416978686094718,0.01936264445886582,0.20920637444036735,-0.01678817921604774,overlapping,0.37298585730176387,0.45472397992581276,0.43161891612012426,0.25,4
software,20,uptrend,market_regime_v1,2019-09-18,2026-06-22,logistic_decay_market,74124,1.0,0.339672660557971,0.3404260711084315,0.39113229606979044,0.44462241003271535,0.038011545711765425,0.009678755141990679,0.003925218575353943,,,overlapping,0.39331390642706815,0.42228423592337433,0.44059931454914925,0.75,4
software,20,uptrend,market_regime_v1,2019-09-18,2026-06-22,majority_baseline,74124,1.0,0.3333333333333333,0.20524456479449713,0.0,0.0,,,0.019758749254654675,,,overlapping,0.4448086989369165,0.4448086989369165,1.0,0.25,4
software,20,uptrend,market_regime_v1,2019-09-18,2026-06-22,ridge_current,74124,1.0,0.33264451411228096,0.33228615370549636,0.37738250548891084,0.4041712104689204,0.022425288621997115,0.012038956313097135,0.020200542956573173,0.19947508983305232,-0.016830748041685863,overlapping,0.3717959095569586,0.44939903048011154,0.410512268357041,,0
software,20,uptrend,market_regime_v1,2019-09-18,2026-06-22,ridge_decay_market,74124,1.0,0.3382496461524718,0.33807164749575974,0.3874842554760222,0.4298323336968375,0.02422296924523239,0.010429213759673947,0.018348175305303385,0.22657900363131053,-0.01569317381844458,overlapping,0.3827100534239922,0.4500783596708894,0.4180946892723909,0.75,4
software,20,uptrend,market_regime_v1,2019-09-18,2026-06-22,ridge_decay_only,74124,1.0,0.3365295749905097,0.336483250908592,0.3835688282840748,0.4236982006543075,0.022277876780702748,0.009684691613771163,0.020637646983640744,0.22232137927353654,-0.0118693819097494,overlapping,0.3816577626679618,0.45056296104568394,0.4223711746686482,0.5,4
software,20,uptrend,market_regime_v1,2019-09-18,2026-06-22,ridge_decay_volume,74124,1.0,0.3381840569693255,0.3377992636664804,0.38691883372734437,0.435046346782988,0.024362363825842937,0.009387262295589643,0.01854901266129437,0.22621890305175268,-0.017485039197487593,overlapping,0.38115859910420374,0.4491695017010206,0.4084498498680659,0.75,4
software,20,acute_selloff,market_regime_v1,2020-03-11,2022-10-07,logistic_decay_market,233,1.0,0.3356674561493838,0.2372662359741584,1.0,0.024096385542168676,-0.2683408500751675,0.22504864913789202,0.020992293774948947,,,non_overlapping,0.5021459227467812,0.5021834061135371,0.9829059829059829,0.0,2
software,20,acute_selloff,market_regime_v1,2020-03-11,2022-10-07,majority_baseline,233,1.0,0.3333333333333333,0.22285714285714286,0.0,0.0,,,0.020260304174200678,,,non_overlapping,0.5021459227467812,0.5021459227467812,1.0,0.0,2
software,20,acute_selloff,market_regime_v1,2020-03-11,2022-10-07,ridge_current,233,1.0,0.4757429094778492,0.463768115942029,0.5327102803738317,0.6867469879518072,-0.033135136940612694,-0.06402430780002165,0.0805170489082708,0.1987042825577935,0.39694922264849747,non_overlapping,0.5836909871244635,0.672566371681416,0.6495726495726496,,0
software,20,acute_selloff,market_regime_v1,2020-03-11,2022-10-07,ridge_decay_market,233,1.0,0.4440419018732271,0.39558346379869763,0.4457831325301205,0.891566265060241,-0.01958318821631059,0.06924164402714374,0.12477947680510516,0.27987960974573406,0.3388024954178573,non_overlapping,0.5278969957081545,0.8,0.41025641025641024,0.0,2
software,20,acute_selloff,market_regime_v1,2020-03-11,2022-10-07,ridge_decay_only,233,1.0,0.46098301519988266,0.4462356689495999,0.4796747967479675,0.7108433734939759,-0.023126717981890494,0.0024639461570003054,0.07689459010691108,0.2537437384278695,0.37316002777746154,non_overlapping,0.5579399141630901,0.6938775510204082,0.5811965811965812,0.25,2
software,20,acute_selloff,market_regime_v1,2020-03-11,2022-10-07,ridge_decay_volume,233,1.0,0.47653239219504284,0.4564438422161999,0.48872180451127817,0.7831325301204819,-0.024977179483389126,-0.09287284927483734,0.10405784017247227,0.28547914014639014,0.4255046049111463,non_overlapping,0.5708154506437768,0.7386363636363636,0.5555555555555556,0.5,2
software,20,correction,market_regime_v1,2020-04-08,2026-03-26,logistic_decay_market,1074,1.0,0.2985939464757009,0.239135116333932,0.1440677966101695,0.044270833333333336,0.15124978862795635,0.008686031974698416,0.028776982406840353,,,non_overlapping,0.4543761638733706,0.4916142557651992,0.8360071301247772,0.5,4
software,20,correction,market_regime_v1,2020-04-08,2026-03-26,majority_baseline,1074,1.0,0.3333333333333333,0.22874617737003058,0.0,0.0,,,0.042195612977815586,,,non_overlapping,0.5223463687150838,0.5223463687150838,1.0,0.75,4
software,20,correction,market_regime_v1,2020-04-08,2026-03-26,ridge_current,1074,1.0,0.3308067853638989,0.329682626596738,0.3515151515151515,0.3020833333333333,0.033073089182654704,0.05157571911062599,0.044861055641238774,0.20023278223959043,-0.0005114106875045438,non_overlapping,0.41247672253258844,0.5228426395939086,0.5508021390374331,,0
software,20,correction,market_regime_v1,2020-04-08,2026-03-26,ridge_decay_market,1074,1.0,0.3528036434799431,0.3526472810792911,0.37037037037037035,0.390625,0.04913037806185107,0.03942661251598031,0.037656022608449635,0.22590388120863913,0.0019207783764429549,non_overlapping,0.4292364990689013,0.5407407407407407,0.5204991087344029,0.75,4
software,20,correction,market_regime_v1,2020-04-08,2026-03-26,ridge_decay_only,1074,1.0,0.3339601124100098,0.33332495102960774,0.34146341463414637,0.328125,0.058650706334684756,0.03951884116699953,0.03207256835194722,0.22818605334195657,-0.07079952373886857,non_overlapping,0.4068901303538175,0.5177935943060499,0.5187165775401069,0.5,4
software,20,correction,market_regime_v1,2020-04-08,2026-03-26,ridge_decay_volume,1074,1.0,0.33363517182771624,0.3327997339949232,0.3482587064676617,0.3645833333333333,0.059986047753854126,0.03042685348763651,0.03186847557798479,0.2275020103665739,-0.08634155664996641,non_overlapping,0.40037243947858475,0.5142857142857142,0.48128342245989303,0.5,4
software,20,range_bound,market_regime_v1,2021-03-31,2026-04-14,logistic_decay_market,645,1.0,0.3209378683204898,0.24716660642549992,0.3466666666666667,0.0962962962962963,0.06265685743106222,0.021999989245618502,0.016047205285105073,,,non_overlapping,0.40310077519379844,0.41061946902654867,0.8467153284671532,0.3333333333333333,3
software,20,range_bound,market_regime_v1,2021-03-31,2026-04-14,majority_baseline,645,1.0,0.3333333333333333,0.19876677548059485,0.0,0.0,,,0.021513077890918025,,,non_overlapping,0.4248062015503876,0.4248062015503876,1.0,0.3333333333333333,3
software,20,range_bound,market_regime_v1,2021-03-31,2026-04-14,ridge_current,645,1.0,0.35765986168770975,0.35521448017481866,0.44954128440366975,0.362962962962963,0.008061139134131083,0.011291599212032533,0.034754924115131106,0.1568877413145516,0.056057522352886635,non_overlapping,0.40310077519379844,0.45980707395498394,0.5218978102189781,,0
software,20,range_bound,market_regime_v1,2021-03-31,2026-04-14,ridge_decay_market,645,1.0,0.3839647143952027,0.38408864944604887,0.5078125,0.48148148148148145,-0.012252695119978906,0.045122487895159456,0.043227671751789966,0.15558694567937822,0.1779453486129976,non_overlapping,0.44651162790697674,0.5017543859649123,0.5218978102189781,0.3333333333333333,3
software,20,range_bound,market_regime_v1,2021-03-31,2026-04-14,ridge_decay_only,645,1.0,0.38320561172094497,0.38234991119577866,0.48056537102473496,0.5037037037037037,-0.01081960861265722,0.027813035720232953,0.05270276596044958,0.16103496086414645,0.15773287406197128,non_overlapping,0.448062015503876,0.5036231884057971,0.5072992700729927,0.6666666666666666,3
software,20,range_bound,market_regime_v1,2021-03-31,2026-04-14,ridge_decay_volume,645,1.0,0.38462683251293495,0.384473002343082,0.4842105263157895,0.5111111111111111,-0.0010805435916992929,0.022259272097112655,0.04608379799794612,0.15645458604283957,0.1711802200496955,non_overlapping,0.4418604651162791,0.5019305019305019,0.4744525547445255,0.6666666666666666,3
software,20,under_pressure,market_regime_v1,2020-09-16,2026-06-23,logistic_decay_market,1991,1.0,0.32277801530954764,0.27822046774911996,0.31329113924050633,0.14042553191489363,0.09884128614244532,0.02768391314662515,0.016188990986923023,,,non_overlapping,0.4480160723254646,0.4772313296903461,0.805327868852459,0.75,4
software,20,under_pressure,market_regime_v1,2020-09-16,2026-06-23,majority_baseline,1991,1.0,0.3333333333333333,0.21930120211212223,0.0,0.0,,,0.029468741408629054,,,non_overlapping,0.49020592667001506,0.49020592667001506,1.0,0.75,4
software,20,under_pressure,market_regime_v1,2020-09-16,2026-06-23,ridge_current,1991,1.0,0.32671152579157464,0.32616708257404037,0.32122905027932963,0.3262411347517731,0.03840324312498794,0.00969591564362365,0.029667518214185135,0.20328619679729393,-0.04105213414775447,non_overlapping,0.36916122551481667,0.470276008492569,0.45389344262295084,,0
software,20,under_pressure,market_regime_v1,2020-09-16,2026-06-23,ridge_decay_market,1991,1.0,0.3164231497212752,0.3160372991817265,0.31859557867360205,0.3475177304964539,0.0398776164091701,0.023622946165225395,0.022672766156420984,0.22384094571242757,-0.08008333173443859,non_overlapping,0.35760924158714213,0.45364238410596025,0.42110655737704916,0.25,4
software,20,under_pressure,market_regime_v1,2020-09-16,2026-06-23,ridge_decay_only,1991,1.0,0.32098940108239477,0.3209644225016991,0.3185483870967742,0.33617021276595743,0.03832732505151348,0.029744613429482303,0.022351437906763732,0.22485286731926737,-0.07250414987924274,non_overlapping,0.36263184329482673,0.4541577825159915,0.4364754098360656,0.25,4
software,20,under_pressure,market_regime_v1,2020-09-16,2026-06-23,ridge_decay_volume,1991,1.0,0.31253764566010706,0.31229411161904047,0.31283422459893045,0.33191489361702126,0.03999034513885269,0.02559840412622398,0.022280258412365226,0.22455143366821506,-0.07719178629602698,non_overlapping,0.35509794073329987,0.45336225596529284,0.42827868852459017,0.25,4
software,20,uptrend,market_regime_v1,2019-09-18,2026-06-22,logistic_decay_market,3512,1.0,0.3202479887262496,0.31752824218171927,0.3741976893453145,0.4230769230769231,0.03463587297260668,0.004603778576720209,0.0010701174438385644,,,non_overlapping,0.3712984054669704,0.3975757575757576,0.4321475625823452,0.75,4
software,20,uptrend,market_regime_v1,2019-09-18,2026-06-22,majority_baseline,3512,1.0,0.3333333333333333,0.20119284294234593,0.0,0.0,,,0.01626649560392306,,,non_overlapping,0.43223234624145784,0.43223234624145784,1.0,0.75,4
software,20,uptrend,market_regime_v1,2019-09-18,2026-06-22,ridge_current,3512,1.0,0.3135407455546914,0.31308768246680374,0.3637574950033311,0.39622641509433965,0.025817950209762682,0.005658776193691432,0.010316159929117885,0.2069970456623642,-0.045064752876503786,non_overlapping,0.354498861047836,0.40745672436750996,0.4031620553359684,,0
software,20,uptrend,market_regime_v1,2019-09-18,2026-06-22,ridge_decay_market,3512,1.0,0.3258610066444357,0.3260025464635332,0.3739130434782609,0.4056603773584906,0.03008969273624305,0.00039015981131195664,0.0076192429309034325,0.24288056846627157,-0.05295743740153247,non_overlapping,0.36759681093394075,0.4067472947167409,0.4209486166007905,0.5,4
software,20,uptrend,market_regime_v1,2019-09-18,2026-06-22,ridge_decay_only,3512,1.0,0.31560193065525305,0.31409352255165973,0.37283621837549935,0.40638606676342526,0.026753365463372727,0.0038643793835020446,0.009747055713087196,0.24002317874273496,-0.04091252156427873,non_overlapping,0.3621867881548975,0.40897435897435896,0.42028985507246375,0.5,4
software,20,uptrend,market_regime_v1,2019-09-18,2026-06-22,ridge_decay_volume,3512,1.0,0.3201486213176123,0.31983451327929685,0.36955107351984384,0.41219158200290273,0.028821388636040012,0.004755357528204341,0.007042534580220785,0.24220783639121232,-0.05269202020740049,non_overlapping,0.3607630979498861,0.4045242847638057,0.4005270092226614,0.5,4
