scope,horizon,sample_mode,fold,specification,sample_count,coverage,balanced_accuracy,macro_f1,down_precision,down_recall,mean_return_predicted_down,mean_return_predicted_neutral,mean_return_predicted_up
all,5,overlapping,0,logistic_global,384686,1.0,0.4007685561006345,0.3548046160766105,0.4178393372222683,0.3038146865095585,0.0091609151847253,0.0023481357921886,0.0047131777736581
all,5,overlapping,0,logistic_group,384686,1.0,0.4002051747909401,0.3619971773307346,0.4177080520160729,0.3420084562346303,0.0084146447579749,0.0023059791103402,0.004741871150522
all,5,overlapping,0,logistic_time,384686,1.0,0.400005599332448,0.3516643868497538,0.4159378928725464,0.3037141765892293,0.0086110639764139,0.0022296864139291,0.0055134264701923
all,5,overlapping,0,logistic_time_group,384686,1.0,0.3997826047160226,0.3579653261499583,0.415700560313641,0.3310863782255309,0.0081834024053262,0.0022891420970856,0.0052611601514923
all,5,overlapping,0,logistic_time_group_ticker,384686,1.0,0.4045246307628863,0.3584716391066274,0.4209045409649654,0.3397972379873893,0.0080944565508221,0.0022685212702157,0.0054962776981181
all,5,overlapping,0,majority_baseline,384686,1.0,0.3333333333333333,0.202699597828309,0.0,0.0,,,0.0049593451112392
all,5,overlapping,0,ridge_current,384686,1.0,0.3534908724749677,0.3268329565068227,0.3760287002191803,0.2437097541527348,0.003701328674056,0.0030652177146519,0.0079801034120171
all,5,overlapping,1,logistic_global,66607,1.0,0.3891063694744205,0.3466175888256715,0.3738417070475219,0.364710760937176,0.0115790611412421,0.0033387807479585,0.0037172273558391
all,5,overlapping,1,logistic_group,66607,1.0,0.3900553279909887,0.358090678641455,0.3780035478148685,0.3888036491810077,0.0103552651363825,0.0031492404204869,0.0050498480704345
all,5,overlapping,1,logistic_time,66607,1.0,0.3869400035469725,0.351101019221115,0.3756875687568757,0.3681940700808625,0.00977947572391,0.0033008837705788,0.0061291673025803
all,5,overlapping,1,logistic_time_group,66607,1.0,0.386590201185845,0.3580821570295547,0.3777893722908974,0.3903379639228695,0.0090527012545856,0.0033551220536976,0.0064192423408543
all,5,overlapping,1,logistic_time_group_ticker,66607,1.0,0.3979101383140513,0.3639963086499859,0.3888641605632663,0.3985071532241344,0.0081803697807557,0.0031674984994595,0.0081558396949595
all,5,overlapping,1,majority_baseline,66607,1.0,0.3333333333333333,0.2071480067195816,0.0,0.0,,,0.0063407181187032
all,5,overlapping,1,ridge_current,66607,1.0,0.3544757371233671,0.3524884389882496,0.3685641704533257,0.4271615177275554,0.0031903625172842,0.000603563877912,0.0107018689865934
all,5,overlapping,2,logistic_global,74196,1.0,0.3990493261893004,0.3595419042965677,0.4026915682504806,0.2569846110702142,0.0089408307631985,0.0027243669492804,0.0026734639470306
all,5,overlapping,2,logistic_group,74196,1.0,0.3967230446988217,0.3641583419380127,0.4028877005347593,0.2641006765520384,0.0095714738437997,0.0027247693122954,0.0021464618076399
all,5,overlapping,2,logistic_time,74196,1.0,0.398902574799408,0.3373129993945434,0.4015465341066004,0.2038770287797525,0.0098831948186596,0.0023330548179079,0.0037136835810257
all,5,overlapping,2,logistic_time_group,74196,1.0,0.3999235495523618,0.3474184473927739,0.4003493110809237,0.2169523609212325,0.010035728071802,0.0026217876093853,0.0028150159449467
all,5,overlapping,2,logistic_time_group_ticker,74196,1.0,0.4027833912669196,0.3507398047067268,0.4059558344680599,0.2403687734427034,0.0098195066690294,0.0025470248745516,0.0026391683947004
all,5,overlapping,2,majority_baseline,74196,1.0,0.3333333333333333,0.2003419061266561,0.0,0.0,,,0.0042318111433049
all,5,overlapping,2,ridge_current,74196,1.0,0.3424273683650114,0.3372698139203567,0.3559769870019177,0.2928103200476741,0.0060719998202491,0.0018681530201518,0.0042090027392154
all,5,overlapping,3,logistic_global,78662,1.0,0.4066650920978381,0.364519432498779,0.4602552619793999,0.253851616289481,0.0006780069107035,0.0002221588395251,0.0048452011550505
all,5,overlapping,3,logistic_group,78662,1.0,0.4075196419292572,0.3747585588876034,0.4585853386522541,0.3300812004075458,0.000478127158114,0.000577736152523,0.0050975638370535
all,5,overlapping,3,logistic_time,78662,1.0,0.4075084544700234,0.3552809157069663,0.4487895716945996,0.3273951032758035,0.0038108305377365,0.0001013678569985,0.0035398630980095
all,5,overlapping,3,logistic_time_group,78662,1.0,0.4065659985356641,0.3599670580233371,0.4489148460595573,0.3844515113155701,0.0032012305372026,0.0004822222967054,0.0033040702459607
all,5,overlapping,3,logistic_time_group_ticker,78662,1.0,0.4084627748463643,0.3561296329690299,0.4502238939638187,0.3880329741578931,0.0035145764732248,0.0005391075482597,0.0029276672396728
all,5,overlapping,3,majority_baseline,78662,1.0,0.3333333333333333,0.1992667724320695,0.0,0.0,,,0.0021424682270739
all,5,overlapping,3,ridge_current,78662,1.0,0.3560847625743754,0.3223775943309608,0.4141404358353511,0.2640402605822964,-0.0014329672532033,0.0013715231924065,0.0062341951918673
all,5,overlapping,4,logistic_global,81443,1.0,0.3980652998485054,0.3288254220446854,0.4348097317529631,0.2721416021344439,0.007983318547513,0.004110334013061,0.0062483668866828
all,5,overlapping,4,logistic_group,81443,1.0,0.3978833214558257,0.3424014919849736,0.4252220703792279,0.3239734495997917,0.0076041206192736,0.0041904165052244,0.0055420134153828
all,5,overlapping,4,logistic_time,81443,1.0,0.3976121223633463,0.3305320784310334,0.4346833998859098,0.2727272727272727,0.008148847781968,0.0039667486524264,0.0063499833734899
all,5,overlapping,4,logistic_time_group,81443,1.0,0.3965506637799539,0.3410677227714961,0.4270657480494593,0.3045487082709702,0.0083388539414354,0.0040492615051652,0.00519191546147
all,5,overlapping,4,logistic_time_group_ticker,81443,1.0,0.4024544467424243,0.3455656221066154,0.4328801307976938,0.3273573241361359,0.007822491908023,0.0040083125370884,0.0057051029079375
all,5,overlapping,4,majority_baseline,81443,1.0,0.3333333333333333,0.2025246480879922,0.0,0.0,,,0.0054719528885875
all,5,overlapping,4,ridge_current,81443,1.0,0.3517817319674821,0.2959541758551974,0.3565330363771343,0.1875122014706839,0.0056387124786622,0.0049788202444988,0.0063635950735833
all,5,overlapping,5,logistic_global,83778,1.0,0.4079593081673773,0.3607977313851809,0.425476719897581,0.3772778873155284,0.013247845224528,0.0006571841450821,0.0064725736147826
all,5,overlapping,5,logistic_group,83778,1.0,0.4065654254415402,0.3608479616549783,0.4218710888610763,0.4027902252494473,0.0126147516499162,0.0003860455407954,0.0067948139640503
all,5,overlapping,5,logistic_time,83778,1.0,0.4010986569454282,0.3704336482877921,0.4167263097623819,0.3478819382207086,0.011341275979247,0.0008717108714885,0.0075008960080846
all,5,overlapping,5,logistic_time_group,83778,1.0,0.4026667362678037,0.3704528420542728,0.416100166481687,0.3583975622871482,0.0111139621776247,0.0004532751037044,0.0081427303881182
all,5,overlapping,5,logistic_time_group_ticker,83778,1.0,0.4067540395236027,0.3668499532944083,0.419011544011544,0.3469857202605007,0.0118068432534221,0.0007745358476002,0.0079055598043394
all,5,overlapping,5,majority_baseline,83778,1.0,0.3333333333333333,0.2045681443361519,0.0,0.0,,,0.0066519595521224
all,5,overlapping,5,ridge_current,83778,1.0,0.3785768119113379,0.2862383003376898,0.4004237288135593,0.1016311166875784,0.0076279451701062,0.0033512347862273,0.0123837704366382
all,5,non_overlapping,0,logistic_global,77175,1.0,0.4055523201554571,0.360146896611,0.4216486337795709,0.3088418012693509,0.0087777618028089,0.0023407551679868,0.006755288248962
all,5,non_overlapping,0,logistic_group,77175,1.0,0.4034695013446355,0.365692539665206,0.4192641486370859,0.3455455186540851,0.0082870594688258,0.0022797995446937,0.0065754548990196
all,5,non_overlapping,0,logistic_time,77175,1.0,0.4008026186239402,0.3530332358718446,0.4149656771377915,0.3065247321938278,0.0087704502804891,0.0023725827043978,0.0068620237196816
all,5,non_overlapping,0,logistic_time_group,77175,1.0,0.4014304277730194,0.3598342869614666,0.4153051017005668,0.3345982067900198,0.0085002552410519,0.0023439780291896,0.0065397037787196
all,5,non_overlapping,0,logistic_time_group_ticker,77175,1.0,0.4065782214658517,0.360626367206448,0.4187677959806875,0.3407770576580812,0.0086454253900951,0.0021986625729822,0.0067801948685653
all,5,non_overlapping,0,majority_baseline,77175,1.0,0.3333333333333333,0.2035453459832814,0.0,0.0,,,0.0054538345064285
all,5,non_overlapping,0,ridge_current,77175,1.0,0.3550084961639052,0.3293212617376855,0.377717254249256,0.2514859464723463,0.0035493068163221,0.003252226927212,0.0093538921169239
all,5,non_overlapping,1,logistic_global,13365,1.0,0.384596478124326,0.344090452166353,0.3734866828087167,0.3734866828087167,0.0120549296724847,0.0023618615243636,0.0022832478756986
all,5,non_overlapping,1,logistic_group,13365,1.0,0.3888296061450069,0.3587305983649427,0.3811929279191762,0.3958837772397094,0.0109185943679365,0.0016141376916874,0.004445092753648
all,5,non_overlapping,1,logistic_time,13365,1.0,0.3887390749333346,0.3559195966846888,0.3856858846918489,0.3914447134786117,0.0080547984924982,0.0021178872321537,0.0084212129791504
all,5,non_overlapping,1,logistic_time_group,13365,1.0,0.3868885872626659,0.3602298242963107,0.3852631578947368,0.4061743341404358,0.0084068432460711,0.0016977376485056,0.0077084904958674
all,5,non_overlapping,1,logistic_time_group_ticker,13365,1.0,0.4020952856440327,0.3709087447275299,0.4006661442006269,0.4126311541565778,0.0073343263585833,0.0014501647859136,0.0101301052578061
all,5,non_overlapping,1,majority_baseline,13365,1.0,0.3333333333333333,0.2035208095089579,0.0,0.0,,,0.0059378980664923
all,5,non_overlapping,1,ridge_current,13365,1.0,0.3516644388499605,0.3491337565421251,0.3709097138941237,0.4368442292171106,0.0033634226894718,0.0002571777416028,0.0099668006215486
all,5,non_overlapping,2,logistic_global,14889,1.0,0.4050695421652556,0.366712393977284,0.418850939899391,0.2763318777292576,0.0070492107370564,0.0028815619011179,0.0042729204168036
all,5,non_overlapping,2,logistic_group,14889,1.0,0.4009068640822688,0.370269027447918,0.421923474663909,0.2850655021834061,0.0075132246278848,0.002930193404078,0.0037236237482528
all,5,non_overlapping,2,logistic_time,14889,1.0,0.4013884042822853,0.3410115497841242,0.4119223040857334,0.2148471615720524,0.0087159444513447,0.0024552028880006,0.0047979216207194
all,5,non_overlapping,2,logistic_time_group,14889,1.0,0.401942987472828,0.3523708727613825,0.4184308841843088,0.2347598253275109,0.0080496586512514,0.0029206605635199,0.0040965667648359
all,5,non_overlapping,2,logistic_time_group_ticker,14889,1.0,0.4051899766814648,0.3545410561175512,0.4159215460051918,0.2518777292576419,0.0083207369928359,0.0026003481433257,0.0041578128711112
all,5,non_overlapping,2,majority_baseline,14889,1.0,0.3333333333333333,0.2005916326243132,0.0,0.0,,,0.0044149208433409
all,5,non_overlapping,2,ridge_current,14889,1.0,0.3454646921635506,0.3408652420912914,0.3643092105263157,0.3095196506550218,0.0051050625585231,0.002244244941506,0.0051252995146508
all,5,non_overlapping,3,logistic_global,15779,1.0,0.4192515400210917,0.3740658036572284,0.465394474508687,0.2592827673754364,-0.0010895018008008,0.0008923971219473,0.0096261676525978
all,5,non_overlapping,3,logistic_group,15779,1.0,0.4188300356435029,0.3829981211721197,0.4611219406541044,0.3378292605522056,-0.0008349165555989,0.0013182656781711,0.0103947864123225
all,5,non_overlapping,3,logistic_time,15779,1.0,0.4114944627877507,0.353355993862355,0.4294750158127767,0.3232307204062202,0.0067999805210217,0.0009132271254147,0.0056126596993367
all,5,non_overlapping,3,logistic_time_group,15779,1.0,0.4150094989661186,0.3611791812109355,0.4349229114377913,0.3849571564582672,0.0057615239217058,0.0013658830826469,0.0054971779079245
all,5,non_overlapping,3,logistic_time_group_ticker,15779,1.0,0.4161249783548251,0.35711342029965,0.4373214285714286,0.3886067914947635,0.0054196124951531,0.0016579953005852,0.0058010695635139
all,5,non_overlapping,3,majority_baseline,15779,1.0,0.3333333333333333,0.2059188530214766,0.0,0.0,,,0.0039440255477434
all,5,non_overlapping,3,ridge_current,15779,1.0,0.3624673849286454,0.3288740889604508,0.4193471527281391,0.2792764201840685,-0.0019130878131446,0.0027447408177237,0.0105898510376941
all,5,non_overlapping,4,logistic_global,16337,1.0,0.403564865244755,0.3349331844893257,0.4302477183833116,0.2721873968987133,0.0094543563718502,0.0040601521590013,0.0109854422394266
all,5,non_overlapping,4,logistic_group,16337,1.0,0.3980069028819776,0.3430479980477085,0.4108212147134303,0.3168921148135928,0.0098585732005851,0.0042561625985395,0.0083388981687709
all,5,non_overlapping,4,logistic_time,16337,1.0,0.3995244453957609,0.3325045416126353,0.4302023871302542,0.2735070933685252,0.0098021138751244,0.004211716231096,0.010045224353013
all,5,non_overlapping,4,logistic_time_group,16337,1.0,0.3984988707918087,0.343434365275201,0.4203228006365083,0.3050148465852854,0.0099488370469997,0.0042218555487012,0.0085514850028373
all,5,non_overlapping,4,logistic_time_group_ticker,16337,1.0,0.4029005485983759,0.3463003655586412,0.4232001709036531,0.3267898383371824,0.0105925521735473,0.0042210829635822,0.0075066852890767
all,5,non_overlapping,4,majority_baseline,16337,1.0,0.3333333333333333,0.2040718088118699,0.0,0.0,,,0.0067638573569567
all,5,non_overlapping,4,ridge_current,16337,1.0,0.3478997345204646,0.293344223434941,0.3399938518290809,0.1824480369515011,0.0068273584823549,0.0057776230829142,0.0087673381949114
all,5,non_overlapping,5,logistic_global,16805,1.0,0.4075722453781489,0.364080430462076,0.4325832897261468,0.3682803682803682,0.0126738573467185,0.000707304070049,0.0055077935147091
all,5,non_overlapping,5,logistic_group,16805,1.0,0.4061786301380028,0.3632915561018118,0.4243785084202085,0.3929313929313929,0.0121710126579356,0.0004877624642019,0.005484379386669
all,5,non_overlapping,5,logistic_time,16805,1.0,0.396961287312092,0.3690529454963275,0.4203194650817236,0.336055836055836,0.010466659321137,0.0012410712607663,0.0065816076122246
all,5,non_overlapping,5,logistic_time_group,16805,1.0,0.4008910642294767,0.3708610661193551,0.4180709931875224,0.3463023463023463,0.0104435549640998,0.0004713954036146,0.0072767486050386
all,5,non_overlapping,5,logistic_time_group_ticker,16805,1.0,0.4055086935403492,0.3671717549532318,0.41460695038097,0.3313038313038313,0.0117614997012769,0.0001871695836319,0.0070529623912223
all,5,non_overlapping,5,majority_baseline,16805,1.0,0.3333333333333333,0.2034127246664461,0.0,0.0,,,0.006133412506992
all,5,non_overlapping,5,ridge_current,16805,1.0,0.3833457286054684,0.2917553072979932,0.409307875894988,0.1018711018711018,0.006997980986147,0.002169805160065,0.013026279887448
all,20,overlapping,0,logistic_global,381086,1.0,0.3864757913515711,0.3469434653221533,0.3841212765777856,0.318976091512522,0.0378184484656532,0.0088793268969324,0.0252264063079397
all,20,overlapping,0,logistic_group,381086,1.0,0.3879260689369804,0.3536005545186305,0.3853752598013261,0.3418051573922856,0.0368533952118443,0.0083310506892325,0.0245197694452631
all,20,overlapping,0,logistic_time,381086,1.0,0.3885855562042,0.3431005155361291,0.3882829249126643,0.3186326391858077,0.0380651315735138,0.0093726438799592,0.025830448993343
all,20,overlapping,0,logistic_time_group,381086,1.0,0.3906018541843459,0.3507185515509201,0.3895784011287275,0.3425621543572885,0.0369639974515621,0.0089706306151545,0.0249634784342964
all,20,overlapping,0,logistic_time_group_ticker,381086,1.0,0.3961677198396305,0.3523128038836833,0.3979685545545228,0.3523470410530669,0.0376235448114879,0.0092917430584717,0.0243345195980931
all,20,overlapping,0,majority_baseline,381086,1.0,0.3333333333333333,0.2122853204752161,0.0,0.0,,,0.0229784794387481
all,20,overlapping,0,ridge_current,381086,1.0,0.3459234730221103,0.3297423288262247,0.3476255622577369,0.2350966222515052,0.0169908601101306,0.0146605543298972,0.0319553102627852
all,20,overlapping,1,logistic_global,66607,1.0,0.3790477165898623,0.3416292615014171,0.3179994824016563,0.4693244211028885,0.0394456858182869,0.0086898628958686,0.0403145788498196
all,20,overlapping,1,logistic_group,66607,1.0,0.381783262326935,0.3488459707552771,0.3210576324497887,0.4678443542611601,0.0393993060005594,0.0065979264095982,0.0411697267918107
all,20,overlapping,1,logistic_time,66607,1.0,0.3761624471007696,0.3408452319305594,0.3180721341012194,0.4719980902363332,0.0377885508222884,0.0099193489150096,0.0411438314490603
all,20,overlapping,1,logistic_time_group,66607,1.0,0.3792446372025561,0.347688734931301,0.3207467119219346,0.4692289329195512,0.0377076352072126,0.0085033028812645,0.0415378156130751
all,20,overlapping,1,logistic_time_group_ticker,66607,1.0,0.393550484602432,0.3561682576520629,0.3328520352035203,0.4622582955359274,0.0368661018775429,0.0095266809770278,0.044760631317421
all,20,overlapping,1,majority_baseline,66607,1.0,0.3333333333333333,0.2290960451977401,0.0,0.0,,,0.0306238512961695
all,20,overlapping,1,ridge_current,66607,1.0,0.348434484196251,0.3434257297746683,0.3180805176132279,0.422487467175937,0.0209176344312645,0.0106260494740564,0.0425435664893777
all,20,overlapping,2,logistic_global,74196,1.0,0.3804962250134338,0.3499337059038385,0.396332529892717,0.2932577982934676,0.0207452492300413,0.0108027452938884,0.0138964150715662
all,20,overlapping,2,logistic_group,74196,1.0,0.3816897680371949,0.35652287652691,0.3927080434177567,0.2960553923625681,0.0230714456214945,0.0102797643172855,0.0122261485264837
all,20,overlapping,2,logistic_time,74196,1.0,0.3788661780080542,0.3384256146495349,0.3929214157168566,0.2519583158483704,0.0165948392830588,0.0115170625425079,0.017121195143984
all,20,overlapping,2,logistic_time_group,74196,1.0,0.3806248490790112,0.3471716015008801,0.3871612733491186,0.2573087145055252,0.0188366217405086,0.0107451365126578,0.0157478284139171
all,20,overlapping,2,logistic_time_group_ticker,74196,1.0,0.3891038513377813,0.3498294944844993,0.4035206499661476,0.2709469855923905,0.0237097165964648,0.010447966264093,0.0128842165285064
all,20,overlapping,2,majority_baseline,74196,1.0,0.3333333333333333,0.2050765210899589,0.0,0.0,,,0.0147487319910592
all,20,overlapping,2,ridge_current,74196,1.0,0.3196226670814614,0.3145524182403467,0.3223388305847076,0.2481116240033571,0.0214811184786016,0.0093770610958234,0.0128461489345849
all,20,overlapping,3,logistic_global,78662,1.0,0.396809368421693,0.3567170628225164,0.4518901413713645,0.2171219964690744,0.0127314226355367,-0.0037530457863362,0.0170277802496431
all,20,overlapping,3,logistic_group,78662,1.0,0.3996375805220157,0.3661558809093792,0.4576925137988318,0.2555731769352763,0.008096626791566,-0.0004577695875395,0.0166534278786556
all,20,overlapping,3,logistic_time,78662,1.0,0.4043989905600971,0.3618689774449854,0.4698239964466159,0.25320925222179,0.0109311672157245,-0.0016863790649938,0.0183478352282999
all,20,overlapping,3,logistic_time_group,78662,1.0,0.4057260386119188,0.3695442320030466,0.4691381257056831,0.298393129656782,0.0087212637011741,0.0012015890860449,0.0170154352215475
all,20,overlapping,3,logistic_time_group_ticker,78662,1.0,0.4027700410380919,0.3635737167231376,0.4640376329904159,0.3158382955803585,0.0106219117072071,0.0014038053479002,0.0165850844160433
all,20,overlapping,3,majority_baseline,78662,1.0,0.3333333333333333,0.1984279340815676,0.0,0.0,,,0.0093299495101163
all,20,overlapping,3,ridge_current,78662,1.0,0.3589918824848044,0.3351954577371363,0.4294436549292068,0.2441425536371525,-0.0006977649231705,0.0043827521745316,0.0187108986521257
all,20,overlapping,4,logistic_global,81443,1.0,0.398434968619044,0.3296858001647602,0.4319185532983124,0.3167098445595855,0.0385950947451274,0.0177509880786028,0.0260597043446967
all,20,overlapping,4,logistic_group,81443,1.0,0.3967362101095782,0.3380204419222073,0.4190741248873035,0.3644327788382874,0.0388763909832362,0.0172788048832471,0.0217572544524397
all,20,overlapping,4,logistic_time,81443,1.0,0.3967817391675839,0.3184048767482151,0.435523635973845,0.2769975456776656,0.0451814706529663,0.0170425167464532,0.0244992425074697
all,20,overlapping,4,logistic_time_group,81443,1.0,0.3973053714635042,0.3300176051304318,0.4258710999772261,0.3187210253613308,0.0442206345244099,0.0169515980908542,0.0203035685724946
all,20,overlapping,4,logistic_time_group_ticker,81443,1.0,0.4026231623864016,0.3397402024213636,0.4285654989208036,0.3519566403054268,0.0404432160556298,0.0169202513480878,0.022151838398518
all,20,overlapping,4,majority_baseline,81443,1.0,0.3333333333333333,0.2146161680917611,0.0,0.0,,,0.0250563213741138
all,20,overlapping,4,ridge_current,81443,1.0,0.3391169857086626,0.3090695556870643,0.330249356817732,0.227536133078811,0.0225386994253408,0.0224110728057227,0.0299890353504825
all,20,overlapping,5,logistic_global,80178,1.0,0.3957916597947096,0.3439202919928371,0.3726503433446625,0.3537681493431666,0.0619936096371211,0.0056321903046448,0.0410990490231874
all,20,overlapping,5,logistic_group,80178,1.0,0.3968621674678072,0.3488401107481279,0.3720285261489698,0.3709873901162216,0.0601110859293964,0.0034919942136928,0.0426783272247037
all,20,overlapping,5,logistic_time,80178,1.0,0.3996548732196137,0.3434156186627526,0.3801226202000645,0.3878444671254074,0.0625320671515268,0.0058074049412213,0.0381543323358792
all,20,overlapping,5,logistic_time_group,80178,1.0,0.4011432884421106,0.3492834616524827,0.3793643001779468,0.4071049945675435,0.0603650237932679,0.003407518835848,0.0404187284722941
all,20,overlapping,5,logistic_time_group_ticker,80178,1.0,0.4027343286979124,0.3476330959620033,0.3834610574919037,0.3937378592829157,0.0644116149238859,0.0055881324138488,0.0346378696138776
all,20,overlapping,5,majority_baseline,80178,1.0,0.3333333333333333,0.2151453205160694,0.0,0.0,,,0.0355227439355616
all,20,overlapping,5,ridge_current,80178,1.0,0.3786537302099622,0.3073734263900295,0.3711714132186996,0.0909689526882428,0.019120806403293,0.0176852136869955,0.0555928926938163
all,20,non_overlapping,0,logistic_global,19137,1.0,0.3926241966660144,0.3523338403096243,0.3778897966278463,0.3078884010763348,0.036887457571064,0.0094050117313989,0.0269652222239056
all,20,non_overlapping,0,logistic_group,19137,1.0,0.3922946532202291,0.3585392220168082,0.3769931662870159,0.3281404900155785,0.0361868486509811,0.0083576177050452,0.0263645842332392
all,20,non_overlapping,0,logistic_time,19137,1.0,0.3976753078784193,0.3527899845649964,0.3927508317282437,0.3176603880470188,0.034572683378009,0.010955049196428,0.0285259826244246
all,20,non_overlapping,0,logistic_time_group,19137,1.0,0.3979249451136257,0.3584114775254203,0.3873355263157895,0.3335221639994335,0.0358190916335274,0.0097719022328849,0.0265296143089921
all,20,non_overlapping,0,logistic_time_group_ticker,19137,1.0,0.4011842491597346,0.3587096434740613,0.3932438984968482,0.3445687579662937,0.0362508430195369,0.010045024392954,0.0260168431972813
all,20,non_overlapping,0,majority_baseline,19137,1.0,0.3333333333333333,0.211690025320067,0.0,0.0,,,0.02317613650083
all,20,non_overlapping,0,ridge_current,19137,1.0,0.3432084489021962,0.3291026815305393,0.3329338925504294,0.2360855402917434,0.0195616423045407,0.0139684581762769,0.0317257391691785
all,20,non_overlapping,1,logistic_global,3347,1.0,0.3544409953633152,0.3245287330515545,0.2831149927219796,0.3711832061068702,0.0424839692656189,0.0115405249035552,0.0146959451862211
all,20,non_overlapping,1,logistic_group,3347,1.0,0.3569864862378336,0.334274936373021,0.2885174418604651,0.3788167938931298,0.0412567682102377,0.0063048576350491,0.021448104933758
all,20,non_overlapping,1,logistic_time,3347,1.0,0.3614703284085074,0.3343993955764424,0.2931642001409443,0.3969465648854962,0.0348695899190187,0.0137284131259252,0.0224731497464453
all,20,non_overlapping,1,logistic_time_group,3347,1.0,0.3591215031808084,0.3356637960049456,0.2886819484240687,0.3845419847328244,0.0371732961835193,0.0091128355354665,0.0238733445319791
all,20,non_overlapping,1,logistic_time_group_ticker,3347,1.0,0.3757646140131743,0.3463753381613559,0.3118994826311899,0.4026717557251908,0.0344401909270556,0.010294258374191,0.0284533826167186
all,20,non_overlapping,1,majority_baseline,3347,1.0,0.3333333333333333,0.2227968967575094,0.0,0.0,,,0.0250899303314935
all,20,non_overlapping,1,ridge_current,3347,1.0,0.3318616063048107,0.3231771364614189,0.2979139504563233,0.4360687022900763,0.0235022187907978,0.0165145113240031,0.0284315319760954
all,20,non_overlapping,2,logistic_global,3731,1.0,0.3825044282360439,0.3519724278019052,0.3747553816046967,0.2781408859840232,0.0210882261786672,0.0157622117606052,0.0232975975340752
all,20,non_overlapping,2,logistic_group,3731,1.0,0.3845368774120605,0.358848007590497,0.3626062322946176,0.2788671023965142,0.0251643111648634,0.0141461681254891,0.021016755486698
all,20,non_overlapping,2,logistic_time,3731,1.0,0.3845357123306723,0.3453007737391593,0.3844515441959531,0.262164124909223,0.0131898191569054,0.0179076712280361,0.0273823863765174
all,20,non_overlapping,2,logistic_time_group,3731,1.0,0.3865846844791017,0.3530526730537013,0.3640973630831643,0.2607116920842411,0.0237740289389193,0.013691713751429,0.0232695038196828
all,20,non_overlapping,2,logistic_time_group_ticker,3731,1.0,0.3901510162607761,0.3515196721817998,0.3771144278606965,0.2752360203340595,0.025167092220391,0.0143315914279157,0.022159119053657
all,20,non_overlapping,2,majority_baseline,3731,1.0,0.3333333333333333,0.2087628865979381,0.0,0.0,,,0.019986047155711
all,20,non_overlapping,2,ridge_current,3731,1.0,0.3233335986541403,0.3191186235206277,0.3163737280296022,0.2483660130718954,0.0229311696257938,0.0188221162821507,0.0187704718621587
all,20,non_overlapping,3,logistic_global,3947,1.0,0.4227145346739445,0.3860999280362417,0.521978021978022,0.230722525804493,-0.0205213094281021,-0.0076318353700849,0.0314048791044842
all,20,non_overlapping,3,logistic_group,3947,1.0,0.4267594825368134,0.3926158920555336,0.5168539325842697,0.2513661202185792,-0.0188309654489735,-0.0032577306637909,0.029122017234819
all,20,non_overlapping,3,logistic_time,3947,1.0,0.4269542133743325,0.3848290029663647,0.5302826379542396,0.2392228293867638,-0.0100294220678017,-0.0040988748799756,0.0283053278386117
all,20,non_overlapping,3,logistic_time_group,3947,1.0,0.4308706780187636,0.3931470032763517,0.5211912943871707,0.2762598664238008,-0.0118255127237913,8.994765777132724e-05,0.0279843239622926
all,20,non_overlapping,3,logistic_time_group_ticker,3947,1.0,0.4238856398652646,0.3857414068889615,0.4938650306748466,0.2932604735883424,-0.0022086832500332,0.0003825325691923,0.0253940679689728
all,20,non_overlapping,3,majority_baseline,3947,1.0,0.3333333333333333,0.2014380009429514,0.0,0.0,,,0.0097019966120736
all,20,non_overlapping,3,ridge_current,3947,1.0,0.3553335272339941,0.3356572090330052,0.4231177094379639,0.2422586520947176,0.0002615143809587,0.0018963171961045,0.020435363447974
all,20,non_overlapping,4,logistic_global,4088,1.0,0.4058884659996664,0.3306625995514701,0.3909090909090909,0.3093525179856115,0.0501522100253224,0.0178336759238403,0.0361746190713756
all,20,non_overlapping,4,logistic_group,4088,1.0,0.4052938817016895,0.3413275177986723,0.384441087613293,0.3661870503597122,0.0506483243898782,0.0175503539407639,0.0265614231081929
all,20,non_overlapping,4,logistic_time,4088,1.0,0.4053199165440337,0.3241357402649262,0.4099378881987577,0.2848920863309352,0.0553107500451958,0.0190963362753662,0.0319325605104683
all,20,non_overlapping,4,logistic_time_group,4088,1.0,0.4068466986883523,0.3366028210224923,0.3967828418230563,0.3194244604316547,0.0554344355587342,0.0190128273507928,0.0243778597653235
all,20,non_overlapping,4,logistic_time_group_ticker,4088,1.0,0.4089041769317852,0.3428500186101988,0.3975903614457831,0.356115107913669,0.0496157672174371,0.0199521811504761,0.0254056973842378
all,20,non_overlapping,4,majority_baseline,4088,1.0,0.3333333333333333,0.2167932210850665,0.0,0.0,,,0.0301281533983886
all,20,non_overlapping,4,ridge_current,4088,1.0,0.344116296186011,0.3165704117167521,0.3103448275862069,0.2266187050359712,0.0253952342160591,0.0268555702903577,0.0375159439352957
all,20,non_overlapping,5,logistic_global,4024,1.0,0.4038766120781288,0.339179494636427,0.3871811641595814,0.3702313946216385,0.0602096041311818,0.0040268983524792,0.0267578087903115
all,20,non_overlapping,5,logistic_group,4024,1.0,0.395805420130008,0.3408574402325958,0.3865069356872636,0.383364602876798,0.0548620902020689,0.0022403197329443,0.0335061195003673
all,20,non_overlapping,5,logistic_time,4024,1.0,0.4144870072119093,0.3473048659338959,0.4111922141119221,0.4227642276422764,0.0545018750250032,0.0036278995522714,0.0342759362346222
all,20,non_overlapping,5,logistic_time_group,4024,1.0,0.4080224700235562,0.3503252185302192,0.406799531066823,0.434021263289556,0.0531872815612693,0.0022163549251433,0.0340655492551467
all,20,non_overlapping,5,logistic_time_group_ticker,4024,1.0,0.4120230242915789,0.3526649841659108,0.4072229140722291,0.4090056285178236,0.0577720559084055,0.0016571894015666,0.0306497143219173
all,20,non_overlapping,5,majority_baseline,4024,1.0,0.3333333333333333,0.2094978413996819,0.0,0.0,,,0.0306958533147243
all,20,non_overlapping,5,ridge_current,4024,1.0,0.3891597609983135,0.3117057091120689,0.3548387096774194,0.0963101938711694,0.0255331203634197,0.008044478571266,0.0550934996466497
all,60,overlapping,0,logistic_global,371486,1.0,0.385405050519179,0.3639630155218484,0.3668005671077505,0.3608489469524385,0.1000422227821163,0.0284855010340429,0.0959262276761808
all,60,overlapping,0,logistic_group,371486,1.0,0.3866344673807362,0.3666715094712691,0.3651878469041859,0.3614610938056937,0.1039101514361403,0.0258485897701516,0.0922453371588219
all,60,overlapping,0,logistic_time,371486,1.0,0.3791882428582423,0.3535830015827662,0.3567501880678201,0.3343949044585987,0.1156362242319684,0.0293104492514016,0.0850455357652691
all,60,overlapping,0,logistic_time_group,371486,1.0,0.3809982423551528,0.3582089060603953,0.3564587919592499,0.3437863220047422,0.1171302141392191,0.0269434866363068,0.0817228763312647
all,60,overlapping,0,logistic_time_group_ticker,371486,1.0,0.3909528210763808,0.362186996604794,0.3681248996628672,0.3553628713561765,0.127337819346937,0.0268529818329899,0.0749554510946215
all,60,overlapping,0,majority_baseline,371486,1.0,0.3333333333333333,0.2171121538587208,0.0,0.0,,,0.0764523758552529
all,60,overlapping,0,ridge_current,371486,1.0,0.3447270827167443,0.3330740493112496,0.3087189121693606,0.2088195639034822,0.0531051875568505,0.0365871851985841,0.1076015195258283
all,60,overlapping,1,logistic_global,66607,1.0,0.4104020283532379,0.3738811426428363,0.307535862461697,0.6247452211755633,0.0997072125488075,0.0084058514836221,0.2177551642516268
all,60,overlapping,1,logistic_group,66607,1.0,0.4106271401994231,0.3788957852840715,0.3070391125343092,0.5915826585137443,0.1030659481586143,0.0018363582911444,0.2096301016516553
all,60,overlapping,1,logistic_time,66607,1.0,0.4092121236956689,0.3713320713147439,0.3071091824708025,0.6315760480361373,0.098818144284193,0.0115756592403292,0.2197522045012286
all,60,overlapping,1,logistic_time_group,66607,1.0,0.4098523721156686,0.3766028339505696,0.3065631854226421,0.6005618905965956,0.1025422478500671,0.0034895627009957,0.2118371603041126
all,60,overlapping,1,logistic_time_group_ticker,66607,1.0,0.4158787727366399,0.3796266530398944,0.3087678593234827,0.5571530876439156,0.1117314917948922,0.0121869219868015,0.2043469963753691
all,60,overlapping,1,majority_baseline,66607,1.0,0.3333333333333333,0.2431075542667824,0.0,0.0,,,0.1152343993303159
all,60,overlapping,1,ridge_current,66607,1.0,0.3598807919664863,0.3447158422663869,0.2901306807099668,0.4916542720211535,0.0800476737378647,0.0501805091761894,0.1596157713720818
all,60,overlapping,2,logistic_global,74196,1.0,0.3295835039511163,0.3255137562790697,0.3776504698361687,0.3515200780360917,0.0417534296093163,0.0316413463759134,0.0013760741254562
all,60,overlapping,2,logistic_group,74196,1.0,0.3409826775995415,0.3309354341747158,0.3818358978522999,0.3058039343196228,0.0489874440311411,0.0271914774502075,0.0009893939758492
all,60,overlapping,2,logistic_time,74196,1.0,0.3269958477027944,0.3215782425741689,0.3728807496959725,0.3389692732888961,0.0374395916499518,0.0314825274348842,0.0056020734754944
all,60,overlapping,2,logistic_time_group,74196,1.0,0.3379844018433505,0.3272698755842513,0.3762241229701252,0.2960494228580718,0.0442706467428191,0.0270924758955013,0.0051158800747057
all,60,overlapping,2,logistic_time_group_ticker,74196,1.0,0.3464315217981473,0.3278839873378225,0.3975665604094643,0.2879206633067794,0.0496780187797434,0.0276286621089592,0.0004572323183888
all,60,overlapping,2,majority_baseline,74196,1.0,0.3333333333333333,0.1924738604698724,0.0,0.0,,,0.0235283116820978
all,60,overlapping,2,ridge_current,74196,1.0,0.305361694322367,0.2939664595094872,0.3247593337747669,0.2073158835961632,0.0542998168868564,0.0156047004726379,0.0116072840441567
all,60,overlapping,3,logistic_global,78662,1.0,0.4072567769653186,0.3944152161846579,0.4350896252036936,0.2700060675520798,0.0182980817625455,0.0012383157271012,0.0564046432247895
all,60,overlapping,3,logistic_group,78662,1.0,0.4074657366416132,0.3946093351427422,0.4318133728311468,0.2751634868199285,0.0190059026845312,0.00359205262793,0.0558886943781993
all,60,overlapping,3,logistic_time,78662,1.0,0.4119562503945708,0.3892462467409426,0.4620099786172487,0.218499292118924,0.0052925440429955,0.0032108149274378,0.0587715272262812
all,60,overlapping,3,logistic_time_group,78662,1.0,0.4114650349467954,0.3931385085492656,0.4505364271457086,0.2434773815141913,0.0114174537881198,0.0052964868109767,0.0569362997332923
all,60,overlapping,3,logistic_time_group_ticker,78662,1.0,0.4228142214198596,0.4018220416400234,0.4627066176041119,0.2670397087575001,0.0338454661349375,0.0065193098528811,0.0511127329349855
all,60,overlapping,3,majority_baseline,78662,1.0,0.3333333333333333,0.2000777035343245,0.0,0.0,,,0.033431988072701
all,60,overlapping,3,ridge_current,78662,1.0,0.3630888323331727,0.3449541881390228,0.3855598558654744,0.1947684217622868,-0.0006709542291923,0.021273114525018,0.0517874690122913
all,60,overlapping,4,logistic_global,81443,1.0,0.3998285440592459,0.3345912450686614,0.423570876786404,0.3226791231425629,0.1444914592307606,0.0553554813092977,0.0752536525313408
all,60,overlapping,4,logistic_group,81443,1.0,0.400332546123004,0.3459548118220083,0.4099922949024697,0.3718552302486391,0.1370126315488422,0.0564403800831344,0.0640579865742652
all,60,overlapping,4,logistic_time,81443,1.0,0.3881721257396212,0.3127707646600237,0.4190145066538784,0.2570987200235398,0.1875085774634259,0.0565670242847832,0.0539845478860875
all,60,overlapping,4,logistic_time_group,81443,1.0,0.3874261653281095,0.3269447901020003,0.3968050533253994,0.3188539061350596,0.1684509623291344,0.0555749542329931,0.0434718528214847
all,60,overlapping,4,logistic_time_group_ticker,81443,1.0,0.4060397943379552,0.3486579039329038,0.4119139681005316,0.3761585993820803,0.1540665416910704,0.0509174939044112,0.0525507588050407
all,60,overlapping,4,majority_baseline,81443,1.0,0.3333333333333333,0.2198723962190659,0.0,0.0,,,0.0827673812759653
all,60,overlapping,4,ridge_current,81443,1.0,0.3203682526018779,0.2924680836848151,0.2440783868219256,0.1580476680888627,0.0572656617682761,0.0561944111652625,0.1223407139389779
all,60,overlapping,5,logistic_global,70578,1.0,0.4124229204933933,0.3675874402470466,0.3418106922181427,0.3277520178602095,0.2014689490907693,0.0138069697028328,0.2111030008206403
all,60,overlapping,5,logistic_group,70578,1.0,0.4039175804887342,0.366884243396527,0.3350429437863801,0.3533831358406319,0.1922841458688584,0.0094888167785106,0.2045165493555862
all,60,overlapping,5,logistic_time,70578,1.0,0.396672254196313,0.3407570335684375,0.3121570198277588,0.3345783960157994,0.2423424629975396,0.0118914456373425,0.1770829947328571
all,60,overlapping,5,logistic_time_group,70578,1.0,0.3942512447650848,0.3467441940346291,0.3156874440799284,0.3635583032800962,0.2235883947229815,0.012259492749232,0.171319967683173
all,60,overlapping,5,logistic_time_group_ticker,70578,1.0,0.3926947734879047,0.3382710358328269,0.3167524092457068,0.3753649321655504,0.2424736596596092,0.0200149971719583,0.1367501487919047
all,60,overlapping,5,majority_baseline,70578,1.0,0.3333333333333333,0.2303171938805476,0.0,0.0,,,0.1361502475016573
all,60,overlapping,5,ridge_current,70578,1.0,0.4004583387133418,0.3345740226196203,0.3652194102623636,0.0675339172247982,0.0253330015287848,0.0326365524643434,0.2183661047291957
all,60,non_overlapping,0,logistic_global,6239,1.0,0.3546914739534211,0.333935632812428,0.3171506352087114,0.3266355140186915,0.1112738377060467,0.0275630978363342,0.0633008665961614
all,60,non_overlapping,0,logistic_group,6239,1.0,0.3688048055320578,0.3495015413220251,0.3285845588235294,0.3341121495327103,0.1151300540670624,0.0248831710595106,0.0611266000972128
all,60,non_overlapping,0,logistic_time,6239,1.0,0.3552759299948422,0.3292129677390203,0.3148235294117647,0.3126168224299065,0.1223873529984187,0.0270988102359659,0.0569860404882642
all,60,non_overlapping,0,logistic_time_group,6239,1.0,0.3640718657542546,0.3411518772822854,0.3204158790170132,0.3168224299065421,0.1260664236314429,0.0234344173612825,0.0552808802011845
all,60,non_overlapping,0,logistic_time_group_ticker,6239,1.0,0.3868599936414861,0.3574045207248741,0.3548233046800382,0.347196261682243,0.1216796563225699,0.027313265067906,0.0586391303355339
all,60,non_overlapping,0,majority_baseline,6239,1.0,0.3333333333333333,0.2162298750992708,0.0,0.0,,,0.0692785234564143
all,60,non_overlapping,0,ridge_current,6239,1.0,0.3223923083237062,0.3122861917685149,0.2781104457751164,0.1953271028037383,0.0517537719715372,0.0421381718137993,0.0928176243207349
all,60,non_overlapping,1,logistic_global,1119,1.0,0.3732363728566155,0.3476659799987869,0.2946428571428571,0.4969879518072289,0.0909490716639022,-0.0031873894224023,0.1207449348503509
all,60,non_overlapping,1,logistic_group,1119,1.0,0.3743336598955968,0.3550659860239628,0.3035381750465549,0.4909638554216867,0.0905462084773618,-0.0094367267317733,0.1194688493180947
all,60,non_overlapping,1,logistic_time,1119,1.0,0.3868054692908512,0.3598572757767059,0.3096085409252669,0.5240963855421686,0.0832719631882365,0.0053861868840849,0.1263772501400927
all,60,non_overlapping,1,logistic_time_group,1119,1.0,0.3690776083871783,0.3491681803390231,0.3020257826887661,0.4939759036144578,0.088844072017361,-0.0083732499729351,0.1227839760218836
all,60,non_overlapping,1,logistic_time_group_ticker,1119,1.0,0.3998424920350967,0.373127199952728,0.3333333333333333,0.5120481927710844,0.0812335547938595,0.0061465658423428,0.1347188635403349
all,60,non_overlapping,1,majority_baseline,1119,1.0,0.3333333333333333,0.2311733800350262,0.0,0.0,,,0.0774809863264581
all,60,non_overlapping,1,ridge_current,1119,1.0,0.3300448527418584,0.3191118652297264,0.2756756756756757,0.4608433734939759,0.0715557754083024,-0.0110797930637208,0.0991412662233129
all,60,non_overlapping,2,logistic_global,1253,1.0,0.2874964243678853,0.2761863312954448,0.2319078947368421,0.3325471698113207,0.1074235466249824,0.0213577171092714,0.0176317758978266
all,60,non_overlapping,2,logistic_group,1253,1.0,0.3199476069125325,0.3064207019458638,0.2480916030534351,0.3066037735849056,0.1137348776001572,0.0308684151275748,0.0205012856958088
all,60,non_overlapping,2,logistic_time,1253,1.0,0.2782969049111023,0.2666156205200372,0.228099173553719,0.3254716981132075,0.1045749073956603,0.0192090171713436,0.0244446431652344
all,60,non_overlapping,2,logistic_time_group,1253,1.0,0.3153647742582748,0.3011659285482413,0.2313725490196078,0.2783018867924528,0.1170819743481895,0.0223594298074512,0.0254810107301535
all,60,non_overlapping,2,logistic_time_group_ticker,1253,1.0,0.3293467865868913,0.303452142111843,0.2532751091703056,0.2735849056603773,0.117977581906126,0.0376774202182677,0.0225724073871476
all,60,non_overlapping,2,majority_baseline,1253,1.0,0.3333333333333333,0.2148909320353344,0.0,0.0,,,0.0619899331389627
all,60,non_overlapping,2,ridge_current,1253,1.0,0.3185814165318388,0.3132312506245647,0.3084415584415584,0.2240566037735849,0.0414368315980581,0.0602142372103155,0.0706147410118354
all,60,non_overlapping,3,logistic_global,1318,1.0,0.3713809482757749,0.3472355687565173,0.3531746031746032,0.1692015209125475,0.0570092115497557,-0.0101130616061265,0.0189892672073006
all,60,non_overlapping,3,logistic_group,1318,1.0,0.3781027018854585,0.3554936206538318,0.3660377358490566,0.1844106463878327,0.0625023035893136,-0.0064418605874098,0.0159690337656484
all,60,non_overlapping,3,logistic_time,1318,1.0,0.3799407022588852,0.3483936716460722,0.3761904761904762,0.150190114068441,0.063556176423706,-0.0052465299931165,0.0190121143462194
all,60,non_overlapping,3,logistic_time_group,1318,1.0,0.3811651333210012,0.3526412759927677,0.3766233766233766,0.1653992395437262,0.0618183706834086,-0.0041444868974487,0.0180933493997572
all,60,non_overlapping,3,logistic_time_group_ticker,1318,1.0,0.4047394655318883,0.374405911275089,0.4342105263157895,0.188212927756654,0.0576072065392044,0.0030945733505888,0.0171705984766419
all,60,non_overlapping,3,majority_baseline,1318,1.0,0.3333333333333333,0.1896489323199421,0.0,0.0,,,0.0200539649142244
all,60,non_overlapping,3,ridge_current,1318,1.0,0.3151220286689503,0.2908594324282656,0.2886178861788618,0.1349809885931558,0.0228231290686204,0.0168398428245571,0.020744255957526
all,60,non_overlapping,4,logistic_global,1364,1.0,0.3973558435800999,0.3378341262427003,0.4358288770053476,0.3729977116704805,0.1061296299782866,0.0642125024064868,0.0935538278560712
all,60,non_overlapping,4,logistic_group,1364,1.0,0.40631988572492,0.3520005558127045,0.4192771084337349,0.3981693363844393,0.1157563953420061,0.0642909882871676,0.0742488824471863
all,60,non_overlapping,4,logistic_time,1364,1.0,0.3892839087347097,0.3142051673966567,0.4191419141914191,0.2906178489702517,0.1523245714203771,0.057254983775861,0.0761148849100726
all,60,non_overlapping,4,logistic_time_group,1364,1.0,0.3907697523258164,0.329541676101011,0.4,0.3432494279176201,0.1513294282162657,0.0584689860635804,0.0520409832298653
all,60,non_overlapping,4,logistic_time_group_ticker,1364,1.0,0.4132915986462896,0.3525276408304605,0.4212962962962963,0.4164759725400457,0.128676017967674,0.0543266627228779,0.0739676861937411
all,60,non_overlapping,4,majority_baseline,1364,1.0,0.3333333333333333,0.2245989304812834,0.0,0.0,,,0.0824389251173174
all,60,non_overlapping,4,ridge_current,1364,1.0,0.3119762684980076,0.2803420242949725,0.2483660130718954,0.1739130434782608,0.0508632760063243,0.0701197904320165,0.1165324553093423
all,60,non_overlapping,5,logistic_global,1185,1.0,0.3962581055599379,0.3467927215048509,0.3439024390243902,0.334916864608076,0.1827896070778896,0.0167647137543304,0.1378263250924793
all,60,non_overlapping,5,logistic_group,1185,1.0,0.4069844611709219,0.3682371458420104,0.3471264367816092,0.3586698337292161,0.1786220536023021,0.0043960198292381,0.1323391401392201
all,60,non_overlapping,5,logistic_time,1185,1.0,0.3968319153040904,0.3354955946339239,0.3393258426966292,0.3586698337292161,0.2033827430249972,0.016590620224384,0.110813277393468
all,60,non_overlapping,5,logistic_time_group,1185,1.0,0.4090024658823437,0.3588859506872409,0.3479212253829322,0.3776722090261282,0.192065284840618,0.0097773848289249,0.1162914691337797
all,60,non_overlapping,5,logistic_time_group_ticker,1185,1.0,0.4294842298108332,0.3700793429458652,0.3776824034334764,0.4180522565320665,0.1944460773146216,0.0154089739572211,0.1104798938224393
all,60,non_overlapping,5,majority_baseline,1185,1.0,0.3333333333333333,0.2210941906373378,0.0,0.0,,,0.1088407411858002
all,60,non_overlapping,5,ridge_current,1185,1.0,0.3768608879526762,0.3080357225894857,0.2613636363636363,0.0546318289786223,0.0469462225067593,0.0308029263331626,0.1810573826650092
semiconductor,5,overlapping,0,logistic_global,84382,1.0,0.3731778078501611,0.3588698687354048,0.4149321956422367,0.401060382916053,0.0097636422557646,0.0050858905996453,0.0051558382743188
semiconductor,5,overlapping,0,logistic_group,84382,1.0,0.3644516438410433,0.3633623798770737,0.4134330504818064,0.4233578792341679,0.0095888395858211,0.0059196251384116,0.0047649993260733
semiconductor,5,overlapping,0,logistic_time,84382,1.0,0.3743162474626991,0.3579941143557711,0.4130773387583839,0.3827687776141384,0.0089843579547371,0.0039846771402829,0.0069064051979502
semiconductor,5,overlapping,0,logistic_time_group,84382,1.0,0.3662209453189493,0.3620923790656127,0.4102997166003492,0.422179675994109,0.0091133688448832,0.0041507744698546,0.0059328526051971
semiconductor,5,overlapping,0,logistic_time_group_ticker,84382,1.0,0.3732348604138865,0.3631492212772237,0.4129172334414565,0.4649484536082474,0.0085091873478021,0.0039563867869314,0.0066011878810776
semiconductor,5,overlapping,0,majority_baseline,84382,1.0,0.3333333333333333,0.2080364373569871,0.0,0.0,,,0.0069307068891876
semiconductor,5,overlapping,0,ridge_current,84382,1.0,0.3454722492799709,0.3256404571010927,0.4022666919575113,0.2498674521354933,0.0039366037724729,0.0049569466631368,0.0102363118562126
semiconductor,5,overlapping,1,logistic_global,15177,1.0,0.362287665009178,0.3444220723763773,0.3615749961697564,0.4343025395656975,0.0129544268199708,0.0085183118479192,0.0050941199730617
semiconductor,5,overlapping,1,logistic_group,15177,1.0,0.3572369774181669,0.3545225289837166,0.3626327557294578,0.4775487670224512,0.012018612211107,0.0102344205621003,0.005846816554884
semiconductor,5,overlapping,1,logistic_time,15177,1.0,0.3568490826458245,0.3430280311157013,0.359854476431509,0.4186602870813397,0.0125690457897394,0.0083011423638839,0.0061921327233025
semiconductor,5,overlapping,1,logistic_time_group,15177,1.0,0.3504773056791616,0.3478908599609869,0.3601349451785212,0.4714758925285241,0.012056814224938,0.0105218124296068,0.0057799702749561
semiconductor,5,overlapping,1,logistic_time_group_ticker,15177,1.0,0.355428929868586,0.3426692309537381,0.3634232121922626,0.5704821494295178,0.0108530638980864,0.0086172755483231,0.0069963973531897
semiconductor,5,overlapping,1,majority_baseline,15177,1.0,0.3333333333333333,0.2138786956651451,0.0,0.0,,,0.0093760790902592
semiconductor,5,overlapping,1,ridge_current,15177,1.0,0.3580784967567239,0.3514509535442547,0.3810633648943918,0.4814133235185867,0.0034859598576106,0.0030857479592374,0.0165606645256065
semiconductor,5,overlapping,2,logistic_global,16269,1.0,0.3882793833613506,0.3708608771961597,0.4145164673799035,0.3034398034398034,0.0033180767732863,0.0045676476625558,0.0041029645672297
semiconductor,5,overlapping,2,logistic_group,16269,1.0,0.3768283631536041,0.3758681045324841,0.4134376789463638,0.3326167076167076,0.0042960783823018,0.0064710136178002,0.0031467300455252
semiconductor,5,overlapping,2,logistic_time,16269,1.0,0.3915407617713336,0.3533842210903222,0.4071604938271605,0.2532248157248157,0.0045066566836859,0.0031709119439332,0.0044452318816657
semiconductor,5,overlapping,2,logistic_time_group,16269,1.0,0.3863520130539277,0.366509620485483,0.4078377762588289,0.2748771498771499,0.0049100458878375,0.0045431817044811,0.0031548159386348
semiconductor,5,overlapping,2,logistic_time_group_ticker,16269,1.0,0.3857487959039705,0.3597551930600897,0.3967013888888889,0.2807125307125307,0.005691394280503,0.0031809153708345,0.0034337002790319
semiconductor,5,overlapping,2,majority_baseline,16269,1.0,0.3333333333333333,0.2032812099461676,0.0,0.0,,,0.0039958023074826
semiconductor,5,overlapping,2,ridge_current,16269,1.0,0.3447462116496029,0.3383106332489378,0.3842739378566899,0.2791769041769041,0.0059234115723719,0.0007485061600338,0.0041361475937184
semiconductor,5,overlapping,3,logistic_global,17025,1.0,0.3641131715841892,0.3491748108017397,0.4459023445902345,0.2825020441537204,0.0026311775252535,-0.0007997441234483,0.0041269825622273
semiconductor,5,overlapping,3,logistic_group,17025,1.0,0.3626642780915832,0.354228952944287,0.4557377049180328,0.3030798582720087,0.0022551580391553,-5.028237111625708e-05,0.0033012097667648
semiconductor,5,overlapping,3,logistic_time,17025,1.0,0.3708975319119753,0.3524841216793365,0.4450061007495206,0.347914963205233,0.0039581188794034,3.7060620725045434e-05,0.0032429280103943
semiconductor,5,overlapping,3,logistic_time_group,17025,1.0,0.3636246565121888,0.3585415741997055,0.4400633184630882,0.416734805124012,0.0041409680866967,-0.0011325043396783,0.0028105946717986
semiconductor,5,overlapping,3,logistic_time_group_ticker,17025,1.0,0.3782356882224624,0.3646626767465107,0.4490641520217174,0.4283183428727173,0.003381224901722,-0.000260234734999,0.0036415296033351
semiconductor,5,overlapping,3,majority_baseline,17025,1.0,0.3333333333333333,0.1994923509638471,0.0,0.0,,,0.0025751767030792
semiconductor,5,overlapping,3,ridge_current,17025,1.0,0.3423128287053432,0.3078825682718195,0.4348041646008924,0.2390297083674025,0.0003153778945831,0.0017090716742798,0.0050884642116295
semiconductor,5,overlapping,4,logistic_global,17823,1.0,0.3841384269893886,0.3592922835903258,0.46408484653704,0.3839914904932854,-0.0007067102451516,0.00383143333184,0.0043359646820459
semiconductor,5,overlapping,4,logistic_group,17823,1.0,0.3775026491159964,0.3635647004864479,0.4634385735318174,0.376678633160484,-0.001228856103555,0.0046339827509247,0.0041135980767256
semiconductor,5,overlapping,4,logistic_time,17823,1.0,0.3816409272169605,0.3631232969902067,0.4696726572528883,0.3891769711474538,-0.0018531220464803,0.0028779938897269,0.0061736414181545
semiconductor,5,overlapping,4,logistic_time_group,17823,1.0,0.3770362883032718,0.3654748838968628,0.4685575364667747,0.3843903736205292,-0.0012313217683366,0.0037632027887622,0.0047060690356583
semiconductor,5,overlapping,4,logistic_time_group_ticker,17823,1.0,0.3858332010476181,0.3712961101801286,0.4634585692228513,0.4789256747772902,-0.0005867247703946,0.0035884990866843,0.0056004999003097
semiconductor,5,overlapping,4,majority_baseline,17823,1.0,0.3333333333333333,0.2025985523095349,0.0,0.0,,,0.0024169322831791
semiconductor,5,overlapping,4,ridge_current,17823,1.0,0.3585972142462442,0.3011726733956049,0.4395104895104895,0.1671320303151176,-0.0037840068506989,0.0024089733110395,0.0050937516603654
semiconductor,5,overlapping,5,logistic_global,18088,1.0,0.3692876230864994,0.3441498466967721,0.4055779885435252,0.6044786564030791,0.019925684884157,0.0119943371124912,0.0097029364908588
semiconductor,5,overlapping,5,logistic_group,18088,1.0,0.3590813073797533,0.3408317368449265,0.4003691658609475,0.6375087473757872,0.0194559629694528,0.0107497459132031,0.0101687147121857
semiconductor,5,overlapping,5,logistic_time,18088,1.0,0.3554131600079082,0.3513083812861191,0.393836367624479,0.5025892232330301,0.0190575102466489,0.0106458431264667,0.0136978296687656
semiconductor,5,overlapping,5,logistic_time_group,18088,1.0,0.3432920601091255,0.3366257097445213,0.3910386965376782,0.5643107067879636,0.0184130165974744,0.0089876664870945,0.0134853895507301
semiconductor,5,overlapping,5,logistic_time_group_ticker,18088,1.0,0.3546945727551985,0.34616011487517,0.3984882256032561,0.5755073477956613,0.0181588783665953,0.012535190128647,0.0134825135858837
semiconductor,5,overlapping,5,majority_baseline,18088,1.0,0.3333333333333333,0.2201651423704965,0.0,0.0,,,0.0160658492468545
semiconductor,5,overlapping,5,ridge_current,18088,1.0,0.3608528952143557,0.2975369109206653,0.3995381062355658,0.1452764170748775,0.0156313898956011,0.0126328026413866,0.0196883590027293
semiconductor,5,non_overlapping,0,logistic_global,16928,1.0,0.3767278795663987,0.364404453336316,0.4287675411836485,0.4131393298059965,0.0084096704912382,0.0040974118375591,0.0082310706561774
semiconductor,5,non_overlapping,0,logistic_group,16928,1.0,0.3675397337447674,0.3666421585185141,0.4241374332322795,0.4318048206937095,0.0087179097963734,0.004841239094392,0.0068226521813454
semiconductor,5,non_overlapping,0,logistic_time,16928,1.0,0.3738636206020243,0.360136908056315,0.4204741717695086,0.3935920047031158,0.0086248077382481,0.0033268033568276,0.0086696962216614
semiconductor,5,non_overlapping,0,logistic_time_group,16928,1.0,0.3690115878392221,0.3651775569762447,0.4194235411046429,0.434156378600823,0.0088853048295888,0.0031424466875511,0.0074960206315703
semiconductor,5,non_overlapping,0,logistic_time_group_ticker,16928,1.0,0.3735842619246202,0.3644560663160268,0.4207102901001691,0.4753086419753086,0.0085019383683763,0.0036565383175125,0.0078357960668075
semiconductor,5,non_overlapping,0,majority_baseline,16928,1.0,0.3333333333333333,0.2083976285226995,0.0,0.0,,,0.0072924654207226
semiconductor,5,non_overlapping,0,ridge_current,16928,1.0,0.3463214238644025,0.3291660849523066,0.4164914739546835,0.2620517342739565,0.0030072930227935,0.0039313077178649,0.0125179289262147
semiconductor,5,non_overlapping,1,logistic_global,3045,1.0,0.3455701242700099,0.3318582017565529,0.3705062362435803,0.4395126196692776,0.0138752341743794,0.0077788310096945,0.0033188171874224
semiconductor,5,non_overlapping,1,logistic_group,3045,1.0,0.3496028742912458,0.3482329320483165,0.3741403026134801,0.4734551784160139,0.0131099307119038,0.0081207107581418,0.0046506896141951
semiconductor,5,non_overlapping,1,logistic_time,3045,1.0,0.3463243111669996,0.3362424376138693,0.3734848484848485,0.4290687554395126,0.0129332552965711,0.0062514407791722,0.0063111922430155
semiconductor,5,non_overlapping,1,logistic_time_group,3045,1.0,0.3484493772583865,0.3466110743827081,0.3760162601626016,0.4830287206266319,0.0126791026544717,0.0092166714288282,0.0046858465371611
semiconductor,5,non_overlapping,1,logistic_time_group_ticker,3045,1.0,0.3599032163261739,0.3496842187332108,0.3841288096607245,0.5813751087902524,0.011115749252027,0.0050355875108746,0.0072256202830981
semiconductor,5,non_overlapping,1,majority_baseline,3045,1.0,0.3333333333333333,0.2080132550082843,0.0,0.0,,,0.0091674959903469
semiconductor,5,non_overlapping,1,ridge_current,3045,1.0,0.363023862328566,0.3569335890097746,0.4018296973961998,0.4969538729329852,0.0034993218354975,0.0016701032480593,0.0167223661107944
semiconductor,5,non_overlapping,2,logistic_global,3264,1.0,0.3923163471186344,0.3785440892562512,0.4468302658486707,0.332572298325723,0.0001897700194068,0.0036980333346479,0.007239622731138
semiconductor,5,non_overlapping,2,logistic_group,3264,1.0,0.3887522940678119,0.3877157093050481,0.4535211267605634,0.3675799086757991,0.0012991218130439,0.0045111716162765,0.0058417593127685
semiconductor,5,non_overlapping,2,logistic_time,3264,1.0,0.3937627631653186,0.3624017139214094,0.4302325581395348,0.2815829528158295,0.0026075982382067,0.002289982070381,0.007147168335913
semiconductor,5,non_overlapping,2,logistic_time_group,3264,1.0,0.3901887218066636,0.3754533343218324,0.4467168998923573,0.3158295281582953,0.0020706956075913,0.0039669765404357,0.0056139155199825
semiconductor,5,non_overlapping,2,logistic_time_group_ticker,3264,1.0,0.3885291657111063,0.3681991245566243,0.4366492146596858,0.317351598173516,0.0031168795247409,0.0037446056382494,0.0052553253102113
semiconductor,5,non_overlapping,2,majority_baseline,3264,1.0,0.3333333333333333,0.2012121212121212,0.0,0.0,,,0.004159397947516
semiconductor,5,non_overlapping,2,ridge_current,3264,1.0,0.3568474340511494,0.3513317735291153,0.4083503054989816,0.3051750380517504,0.0044393948538642,-0.0008030086363614,0.0059756753282854
semiconductor,5,non_overlapping,3,logistic_global,3416,1.0,0.385989267678942,0.372142530922438,0.4837310195227766,0.3123249299719888,-0.003397173323831,-0.000213623532197,0.0099498468193698
semiconductor,5,non_overlapping,3,logistic_group,3416,1.0,0.377583985827363,0.3711740495502528,0.4768280123583934,0.3242296918767507,-0.0020783693655994,-0.0006909229449597,0.0079731576375865
semiconductor,5,non_overlapping,3,logistic_time,3416,1.0,0.3759418022517447,0.3550615272926281,0.428695652173913,0.3452380952380952,0.0076477848211618,0.0012324948694889,0.0028674917777225
semiconductor,5,non_overlapping,3,logistic_time_group,3416,1.0,0.3706323052406961,0.3632891488831463,0.4232130219391365,0.4187675070028011,0.0072089561913287,-0.0009635699504456,0.0031204497583329
semiconductor,5,non_overlapping,3,logistic_time_group_ticker,3416,1.0,0.3801551449436977,0.3640930951030974,0.4354953670705631,0.4278711484593837,0.0053465645504367,0.0012228745732777,0.0044326444515955
semiconductor,5,non_overlapping,3,majority_baseline,3416,1.0,0.3333333333333333,0.2066922507237595,0.0,0.0,,,0.0040177771890103
semiconductor,5,non_overlapping,3,ridge_current,3416,1.0,0.3391180234056936,0.3124964479921468,0.4507389162561576,0.2563025210084033,-0.003236185752992,0.0025165138564904,0.0105291938456873
semiconductor,5,non_overlapping,4,logistic_global,3575,1.0,0.388388734866175,0.3651258509679715,0.4625407166123778,0.3871847307430129,-0.0007863063487174,0.0022286264273889,0.0094339901289639
semiconductor,5,non_overlapping,4,logistic_group,3575,1.0,0.3719384290008758,0.3610239995985338,0.4514003294892916,0.3735514655760054,-0.000382958839055,0.0037127418024879,0.0070091699334433
semiconductor,5,non_overlapping,4,logistic_time,3575,1.0,0.3802527430399336,0.3644818737045658,0.4664561957379637,0.4028629856850715,-0.0016800446796042,0.0016673676621836,0.010560900311134
semiconductor,5,non_overlapping,4,logistic_time_group,3575,1.0,0.3764747969237683,0.3669423027115335,0.4671532846715328,0.3926380368098159,-0.0008387848846794,0.0018841153118053,0.0086130559245747
semiconductor,5,non_overlapping,4,logistic_time_group_ticker,3575,1.0,0.378846230503891,0.3665504872517299,0.4553459119496855,0.4935241990456714,0.0006925113947505,0.0026446612570226,0.0085863924333387
semiconductor,5,non_overlapping,4,majority_baseline,3575,1.0,0.3333333333333333,0.2066525123849964,0.0,0.0,,,0.0036478699349301
semiconductor,5,non_overlapping,4,ridge_current,3575,1.0,0.3444577740236521,0.29200642795274,0.4078014184397163,0.1567825494205862,-0.0015717333061806,0.0021151346131352,0.0077985348250982
semiconductor,5,non_overlapping,5,logistic_global,3628,1.0,0.3668968183745294,0.3469663137561971,0.4140435835351089,0.5912863070539419,0.0194353697252765,0.0095254631723973,0.0096916549643599
semiconductor,5,non_overlapping,5,logistic_group,3628,1.0,0.3526481470190415,0.337604439675298,0.4048582995951417,0.6224066390041494,0.0190852747899634,0.011271856632283,0.0083692769620402
semiconductor,5,non_overlapping,5,logistic_time,3628,1.0,0.3555154517552956,0.3530178368140271,0.4125282167042889,0.5055325034578146,0.0163378290481339,0.0107713720089597,0.0150068927097981
semiconductor,5,non_overlapping,5,logistic_time_group,3628,1.0,0.3468690015721016,0.3398282536519321,0.4066265060240964,0.5601659751037344,0.0164604100611464,0.0068671652732271,0.0145202655657945
semiconductor,5,non_overlapping,5,logistic_time_group_ticker,3628,1.0,0.3533209392191441,0.3469886165689138,0.407,0.5629322268326418,0.0172225845801949,0.0107904544227329,0.0132217196064055
semiconductor,5,non_overlapping,5,majority_baseline,3628,1.0,0.3333333333333333,0.2181840657642623,0.0,0.0,,,0.0152121534056392
semiconductor,5,non_overlapping,5,ridge_current,3628,1.0,0.3650394865187628,0.303967206300878,0.4282868525896414,0.148686030428769,0.0140566529321873,0.0095039314893271,0.0213141641483429
semiconductor,20,overlapping,0,logistic_global,83602,1.0,0.3627803794498895,0.3518287494792932,0.3788304915919611,0.4080595790337341,0.0417990611789209,0.0179300976640611,0.0332110121325493
semiconductor,20,overlapping,0,logistic_group,83602,1.0,0.3522107605106387,0.3515284729922716,0.3752980170960051,0.4073337751270157,0.0426764575792175,0.0187875491237742,0.0298252447111255
semiconductor,20,overlapping,0,logistic_time,83602,1.0,0.3654461307753817,0.3496507537025149,0.380912985669966,0.4068288680614724,0.0441812023026165,0.0175209959002743,0.031938512161226
semiconductor,20,overlapping,0,logistic_time_group,83602,1.0,0.3580128165703748,0.3529115883307709,0.3790220062713636,0.4233961311496103,0.044222545399214,0.019010881576886,0.0285515191013312
semiconductor,20,overlapping,0,logistic_time_group_ticker,83602,1.0,0.3652089201502718,0.3534975623952235,0.3822784810126582,0.4622108618132475,0.0433684422813275,0.0166368620240274,0.0299087273051939
semiconductor,20,overlapping,0,majority_baseline,83602,1.0,0.3333333333333333,0.2196342014431959,0.0,0.0,,,0.0336540199512257
semiconductor,20,overlapping,0,ridge_current,83602,1.0,0.336006218667449,0.3219188288452242,0.353277099596584,0.2127867714348827,0.023939718202887,0.0232754236202044,0.0424366261877484
semiconductor,20,overlapping,1,logistic_global,15177,1.0,0.3737791151002528,0.3444708437374381,0.2982805880887116,0.5592151366503153,0.0407266241725453,0.0310878860870655,0.0607038644880916
semiconductor,20,overlapping,1,logistic_group,15177,1.0,0.3708598910379745,0.3520562694319412,0.2982612006599822,0.5489371642139687,0.0416195030652253,0.0278018586377775,0.0554377224274968
semiconductor,20,overlapping,1,logistic_time,15177,1.0,0.3682808308281582,0.3407835632164862,0.2938255887969446,0.5391263723429105,0.0422650461878096,0.0276350970876206,0.0598195370957153
semiconductor,20,overlapping,1,logistic_time_group,15177,1.0,0.3636085749408372,0.3455337136895311,0.2937492010737568,0.5367904695164681,0.0423787477424715,0.0308874173791221,0.053294212896266
semiconductor,20,overlapping,1,logistic_time_group_ticker,15177,1.0,0.3767565425562553,0.3409107703495151,0.2995153117426746,0.635131978509694,0.0409615728789795,0.029384757708962,0.0606039065231608
semiconductor,20,overlapping,1,majority_baseline,15177,1.0,0.3333333333333333,0.2448196789660204,0.0,0.0,,,0.0452141062844437
semiconductor,20,overlapping,1,ridge_current,15177,1.0,0.3556556884257428,0.3438274244825274,0.3017902813299232,0.4685821069843494,0.0303125359458064,0.02125472895691,0.0621585071511382
semiconductor,20,overlapping,2,logistic_global,16269,1.0,0.375029073261762,0.3643407370376324,0.3987843065021182,0.3377535101404056,0.0150096750526371,0.0214872467741382,0.0135242269801289
semiconductor,20,overlapping,2,logistic_group,16269,1.0,0.3613818748203699,0.3627558126625661,0.3953736654804271,0.3466458658346333,0.0160822927705101,0.0216995474556339,0.0142678713528215
semiconductor,20,overlapping,2,logistic_time,16269,1.0,0.3718722890512957,0.3521857912404566,0.395011724578981,0.2890795631825273,0.0188748261481318,0.0222492260593652,0.0097649330276131
semiconductor,20,overlapping,2,logistic_time_group,16269,1.0,0.3656423502279822,0.3598161127415312,0.3946689595872742,0.2864274570982839,0.0177960086941904,0.0253541493292674,0.0117033940783044
semiconductor,20,overlapping,2,logistic_time_group_ticker,16269,1.0,0.3712034697057499,0.3628054608968677,0.3839603960396039,0.3024960998439938,0.0219448156936453,0.0159627074064475,0.0118972716399334
semiconductor,20,overlapping,2,majority_baseline,16269,1.0,0.3333333333333333,0.206212410670063,0.0,0.0,,,0.0158402247795983
semiconductor,20,overlapping,2,ridge_current,16269,1.0,0.3100429792252476,0.3000932556805435,0.309552026546575,0.2037441497659906,0.0336135829577955,0.0128696159527301,0.0087560480100354
semiconductor,20,overlapping,3,logistic_global,17025,1.0,0.3848207916694495,0.3649753689113682,0.5002316960148285,0.2770435005774413,0.0032140913736056,-0.0152652372428938,0.0219419504401361
semiconductor,20,overlapping,3,logistic_group,17025,1.0,0.3678825237090155,0.3522827420238799,0.4884723120017237,0.2909020916206852,0.0077645939961801,-0.0191182733652792,0.0155153899375857
semiconductor,20,overlapping,3,logistic_time,17025,1.0,0.3780618758419622,0.3594662373808848,0.4820051413881748,0.2887206467342487,0.0098700034843685,-0.010921215540156,0.0191726858141137
semiconductor,20,overlapping,3,logistic_time_group,17025,1.0,0.3724767490729301,0.3652146761582218,0.482695810564663,0.3400487617092262,0.0101344913065815,-0.0139850544817192,0.0157488584952434
semiconductor,20,overlapping,3,logistic_time_group_ticker,17025,1.0,0.3857431008148455,0.3684871580293198,0.4967492889069484,0.3137431027845502,0.0082448345183675,-0.0060668148472452,0.0186840063533681
semiconductor,20,overlapping,3,majority_baseline,17025,1.0,0.3333333333333333,0.1957318506839273,0.0,0.0,,,0.0106969337756548
semiconductor,20,overlapping,3,ridge_current,17025,1.0,0.3506726381751877,0.3224631322596036,0.4843572241183163,0.2185294495059669,-0.0042277404121228,0.0018237565385739,0.0221472124041343
semiconductor,20,overlapping,4,logistic_global,17823,1.0,0.3731351949744514,0.3546850625792135,0.4621824890024124,0.4336306750099853,0.009079528720483,0.009717805169183,0.0144542693873879
semiconductor,20,overlapping,4,logistic_group,17823,1.0,0.3662429985564328,0.3555302664499043,0.4549204478491455,0.4111303421648249,0.0107230169990088,0.0110367560816033,0.0113073585956993
semiconductor,20,overlapping,4,logistic_time,17823,1.0,0.3848166140338373,0.3599176272636474,0.4856275950175662,0.4048728531487152,0.0044942005218539,0.0092570412042437,0.0197271656683308
semiconductor,20,overlapping,4,logistic_time_group,17823,1.0,0.3811353315305307,0.3614033150917288,0.4866655623654133,0.3911596325389428,0.0044964519861312,0.0116110955958135,0.0165790974428912
semiconductor,20,overlapping,4,logistic_time_group_ticker,17823,1.0,0.382899754395446,0.3678888159464877,0.4813972162740899,0.4788976168286513,0.0038247542537327,0.0143898322338747,0.0175770858005
semiconductor,20,overlapping,4,majority_baseline,17823,1.0,0.3333333333333333,0.2045837546343107,0.0,0.0,,,0.0110214052288587
semiconductor,20,overlapping,4,ridge_current,17823,1.0,0.3472857882225836,0.3115789381297235,0.4093152375077113,0.1766742111569697,0.0047805211596265,0.0046399198667804,0.0180666573584142
semiconductor,20,overlapping,5,logistic_global,17308,1.0,0.3443645588308437,0.3128420773238991,0.3173035637612709,0.5191429574991219,0.1009611727726435,0.0532572522678096,0.0765182355692316
semiconductor,20,overlapping,5,logistic_group,17308,1.0,0.3367673144408505,0.317129876581862,0.3149165434185506,0.5235335440814893,0.0993754713535692,0.0531550244145441,0.0752358034700789
semiconductor,20,overlapping,5,logistic_time,17308,1.0,0.3593626061290799,0.3129759472603837,0.3317581251808275,0.6041447137337548,0.0964956297360443,0.0535656194319163,0.0811659555639734
semiconductor,20,overlapping,5,logistic_time_group,17308,1.0,0.3472549920276698,0.302942883644419,0.324208124945161,0.6489286968739023,0.0937382180081286,0.0535212659384793,0.079428667647837
semiconductor,20,overlapping,5,logistic_time_group_ticker,17308,1.0,0.3611754442971971,0.2996505731863223,0.3346900703807343,0.6931858096241658,0.0941093656302454,0.0451073614965438,0.0870964637116605
semiconductor,20,overlapping,5,majority_baseline,17308,1.0,0.3333333333333333,0.2443452163092013,0.0,0.0,,,0.0861494375444659
semiconductor,20,overlapping,5,ridge_current,17308,1.0,0.3405787659920999,0.2889681974097915,0.2740943267259056,0.0704250087811731,0.0772389296632302,0.0726025636172902,0.0937649662947088
semiconductor,20,non_overlapping,0,logistic_global,4198,1.0,0.3696295974855728,0.3566973692966597,0.373508353221957,0.3967046894803548,0.0461052601077429,0.019030680480049,0.0296311935512303
semiconductor,20,non_overlapping,0,logistic_group,4198,1.0,0.3591908139539008,0.3584491758401642,0.3702816057519473,0.3916349809885932,0.0450371951834566,0.0178117465984503,0.0293909320620596
semiconductor,20,non_overlapping,0,logistic_time,4198,1.0,0.3804256309446205,0.3628637625279832,0.3853541416566626,0.4068441064638783,0.0460021984592695,0.0191240080826083,0.0303526625489835
semiconductor,20,non_overlapping,0,logistic_time_group,4198,1.0,0.3681615059748928,0.3625924893376297,0.3767361111111111,0.4125475285171102,0.046832449770285,0.01927423128082,0.0272806512611929
semiconductor,20,non_overlapping,0,logistic_time_group_ticker,4198,1.0,0.3732491188424707,0.3619176706425732,0.3828207847295864,0.4575411913814955,0.0457107110942256,0.0155484112494882,0.0288629534066295
semiconductor,20,non_overlapping,0,majority_baseline,4198,1.0,0.3333333333333333,0.2192379429789501,0.0,0.0,,,0.0340088706983756
semiconductor,20,non_overlapping,0,ridge_current,4198,1.0,0.3371255477657995,0.3248071367226266,0.3482142857142857,0.2224334600760456,0.0250130075551629,0.0202152785737735,0.0444700267117256
semiconductor,20,non_overlapping,1,logistic_global,763,1.0,0.3265342953780028,0.3085723455288673,0.2704225352112676,0.4423963133640553,0.05034847432397,0.0400224409445662,0.021592291212185
semiconductor,20,non_overlapping,1,logistic_group,763,1.0,0.3399537006988165,0.3314974083475032,0.2790697674418604,0.4423963133640553,0.0492309404095547,0.0362189504570326,0.0276044194590831
semiconductor,20,non_overlapping,1,logistic_time,763,1.0,0.3223069600398087,0.3073469113396518,0.2606232294617563,0.423963133640553,0.0511399598630995,0.033720984725154,0.0242759854391186
semiconductor,20,non_overlapping,1,logistic_time_group,763,1.0,0.3201346069247023,0.3130779544230038,0.2528089887640449,0.4147465437788018,0.0510242599712939,0.0396141676609867,0.0239980855576476
semiconductor,20,non_overlapping,1,logistic_time_group_ticker,763,1.0,0.3415222517903117,0.3130568456793549,0.2860465116279069,0.5668202764976958,0.0448514245517687,0.0318345000714413,0.0295052783764973
semiconductor,20,non_overlapping,1,majority_baseline,763,1.0,0.3333333333333333,0.2388561816652649,0.0,0.0,,,0.0384499407091006
semiconductor,20,non_overlapping,1,ridge_current,763,1.0,0.3482621535665606,0.3338644324620269,0.2916666666666667,0.4838709677419355,0.0301054609270031,0.0342232016225124,0.047711421030679
semiconductor,20,non_overlapping,2,logistic_global,817,1.0,0.3688679109393066,0.3558301712010279,0.3837209302325581,0.308411214953271,0.0188265247723392,0.0340293797090112,0.0159406993873419
semiconductor,20,non_overlapping,2,logistic_group,817,1.0,0.359399286854473,0.3611573175211208,0.3754646840148699,0.3146417445482866,0.0146703988484301,0.0407468342600098,0.0207907999195655
semiconductor,20,non_overlapping,2,logistic_time,817,1.0,0.3790433950231713,0.3603434860445082,0.3929961089494163,0.3146417445482866,0.0165955047321359,0.037045149874322,0.0145526086665491
semiconductor,20,non_overlapping,2,logistic_time_group,817,1.0,0.367921284238122,0.3646309204287311,0.373015873015873,0.292834890965732,0.0187589994255772,0.0306016480542013,0.0196967704690834
semiconductor,20,non_overlapping,2,logistic_time_group_ticker,817,1.0,0.3871700588875401,0.379811285927101,0.3782771535580524,0.3146417445482866,0.0270657215802778,0.019337668596075,0.0179025334612337
semiconductor,20,non_overlapping,2,majority_baseline,817,1.0,0.3333333333333333,0.2062552831783601,0.0,0.0,,,0.0211693843470173
semiconductor,20,non_overlapping,2,ridge_current,817,1.0,0.3076870697523371,0.2979990043804232,0.3238095238095238,0.2118380062305296,0.0292896293489451,0.0198873785835273,0.0179106750612109
semiconductor,20,non_overlapping,3,logistic_global,855,1.0,0.3819037997460042,0.3568589828054183,0.5721649484536082,0.2700729927007299,-0.0093247517486817,-0.0208676370539636,0.0247526826347885
semiconductor,20,non_overlapping,3,logistic_group,855,1.0,0.3766736295953879,0.3512268489279983,0.5707070707070707,0.2749391727493917,-0.0063717104740122,-0.0253783635845296,0.018935490702085
semiconductor,20,non_overlapping,3,logistic_time,855,1.0,0.3860107264724668,0.3547163794586475,0.5862068965517241,0.2481751824817518,-0.009728086760595,-0.0143936621616637,0.0236342830111838
semiconductor,20,non_overlapping,3,logistic_time_group,855,1.0,0.3745527529871005,0.3527889454337249,0.5658536585365853,0.2822384428223844,-0.006300732983902,-0.0126055249972025,0.0194870534315378
semiconductor,20,non_overlapping,3,logistic_time_group_ticker,855,1.0,0.393998108701217,0.3653398211283392,0.5846153846153846,0.2773722627737226,-0.0075425145426706,-0.007440769051374,0.0221270653706855
semiconductor,20,non_overlapping,3,majority_baseline,855,1.0,0.3333333333333333,0.195981282686485,0.0,0.0,,,0.0095504989776908
semiconductor,20,non_overlapping,3,ridge_current,855,1.0,0.3430907533466378,0.3151345866320637,0.5136612021857924,0.2287104622871046,0.0052633814315593,0.0054985436580381,0.0133627958682369
semiconductor,20,non_overlapping,4,logistic_global,894,1.0,0.4188571017474379,0.3926677360153754,0.4265927977839335,0.4556213017751479,0.0138222577811222,0.0007006269706599,0.039357432992996
semiconductor,20,non_overlapping,4,logistic_group,894,1.0,0.4003926992837396,0.3847761694873949,0.4089635854341736,0.4319526627218935,0.021368234653193,-0.0016121413569114,0.0275082088890218
semiconductor,20,non_overlapping,4,logistic_time,894,1.0,0.4411048866250415,0.4048846625169355,0.4567901234567901,0.4378698224852071,0.010688417477432,0.0055702136607402,0.0393457437733012
semiconductor,20,non_overlapping,4,logistic_time_group,894,1.0,0.4293437400284786,0.4004777923134777,0.4506578947368421,0.4053254437869822,0.0140153517266442,0.0069018245817801,0.0309934832683814
semiconductor,20,non_overlapping,4,logistic_time_group_ticker,894,1.0,0.4139294861878914,0.3921259245907183,0.4373401534526854,0.5059171597633136,0.0141984908333269,0.0115345834797952,0.0284702969262239
semiconductor,20,non_overlapping,4,majority_baseline,894,1.0,0.3333333333333333,0.2123983739837398,0.0,0.0,,,0.0178902582667665
semiconductor,20,non_overlapping,4,ridge_current,894,1.0,0.3599059119214021,0.328489772676923,0.3536585365853658,0.1715976331360946,-0.003415492815955,0.0073066639491665,0.0344741385966589
semiconductor,20,non_overlapping,5,logistic_global,869,1.0,0.3800108715177898,0.3336942051072876,0.326771653543307,0.570446735395189,0.1011036042215814,0.05162290737293,0.0603474862126574
semiconductor,20,non_overlapping,5,logistic_group,869,1.0,0.3475399953035429,0.3212460220344583,0.3233532934131736,0.5567010309278351,0.0956455825803176,0.0502305780015821,0.0708738755033889
semiconductor,20,non_overlapping,5,logistic_time,869,1.0,0.3992865375390355,0.3362623580632888,0.3566308243727598,0.6838487972508591,0.0941789460913361,0.0442747095845164,0.0773489394269668
semiconductor,20,non_overlapping,5,logistic_time_group,869,1.0,0.3720445122446161,0.312618261634784,0.3502454991816694,0.7353951890034365,0.0901236532484885,0.0522074655832671,0.0737193508801409
semiconductor,20,non_overlapping,5,logistic_time_group_ticker,869,1.0,0.3789988566162325,0.3141475472266539,0.3532338308457711,0.7319587628865979,0.0922337003723129,0.0382811359916981,0.0791902512533724
semiconductor,20,non_overlapping,5,majority_baseline,869,1.0,0.3333333333333333,0.2406862745098039,0.0,0.0,,,0.0828273646752695
semiconductor,20,non_overlapping,5,ridge_current,869,1.0,0.3564906959388357,0.3037962292352615,0.2857142857142857,0.0893470790378006,0.085947972949955,0.0453345118358661,0.1018618389514423
semiconductor,60,overlapping,0,logistic_global,81522,1.0,0.367089279792671,0.3659213265888605,0.3680576958638969,0.4328066106117715,0.1140677739229947,0.0556919995532344,0.1258928845936477
semiconductor,60,overlapping,0,logistic_group,81522,1.0,0.3636399465035,0.3628828020724541,0.3729572048927636,0.4077631197448536,0.1140632006579216,0.0575675282059208,0.1183650836259789
semiconductor,60,overlapping,0,logistic_time,81522,1.0,0.3546981063944101,0.3520179959518856,0.3507192546192829,0.40381269933314,0.1414924777746255,0.0546356670276041,0.10678442040868
semiconductor,60,overlapping,0,logistic_time_group,81522,1.0,0.3520728181472209,0.3525780323301973,0.3537125061465334,0.3910553783705421,0.1402875659793073,0.0567536390147265,0.1022662546782051
semiconductor,60,overlapping,0,logistic_time_group_ticker,81522,1.0,0.3596856198191487,0.3576196866463796,0.3491378061150558,0.4366120614670919,0.1556795878686618,0.0534211272029745,0.0880317874611981
semiconductor,60,overlapping,0,majority_baseline,81522,1.0,0.3333333333333333,0.2286271570310548,0.0,0.0,,,0.1122634457721177
semiconductor,60,overlapping,0,ridge_current,81522,1.0,0.348762286124953,0.3370070687148337,0.3309171131421368,0.1902725427660191,0.0740014485153583,0.0580478651709059,0.1419870855825228
semiconductor,60,overlapping,1,logistic_global,15177,1.0,0.4339844028025013,0.3820003854277247,0.3001280111718841,0.7349672271302365,0.1208214352733474,0.0982050512396231,0.2132562834291176
semiconductor,60,overlapping,1,logistic_group,15177,1.0,0.4330230498009375,0.394310843123363,0.2983528824557025,0.6813907096038757,0.1217517192873311,0.0516347605080933,0.2074752162372198
semiconductor,60,overlapping,1,logistic_time,15177,1.0,0.4332361609498124,0.3791912433007028,0.2999769691386458,0.7423767455115418,0.1210038232149098,0.105961385275425,0.2128840407259332
semiconductor,60,overlapping,1,logistic_time_group,15177,1.0,0.4328602459757726,0.392194385306224,0.2969400244798041,0.6913650612710174,0.123286967619472,0.0538616035931463,0.2068262257622204
semiconductor,60,overlapping,1,logistic_time_group_ticker,15177,1.0,0.429619257557895,0.3727909711157983,0.2899177845088706,0.7637503562268453,0.1276203022844163,0.0782801184206523,0.2079163540905823
semiconductor,60,overlapping,1,majority_baseline,15177,1.0,0.3333333333333333,0.2606474050294275,0.0,0.0,,,0.1512026279063223
semiconductor,60,overlapping,1,ridge_current,15177,1.0,0.3587751883003164,0.3315764009207883,0.2530949105914718,0.524365916215446,0.1141746137516704,0.1249657581097929,0.1927003882626246
semiconductor,60,overlapping,2,logistic_global,16269,1.0,0.3086576384609422,0.3087952870724319,0.3717243610482044,0.3363090882482072,0.0569499812219305,0.0604401494712658,-0.0072228812308874
semiconductor,60,overlapping,2,logistic_group,16269,1.0,0.3200520269464449,0.3050992038601693,0.391458444090023,0.3232840626372018,0.0507776958055719,0.0901738071615854,0.0055712677423189
semiconductor,60,overlapping,2,logistic_time,16269,1.0,0.3076042847206084,0.3071538410636068,0.3722602739726027,0.3181618615542221,0.053878814955349,0.0648902947995061,-0.0063833538832867
semiconductor,60,overlapping,2,logistic_time_group,16269,1.0,0.3211775433358428,0.3085463997969066,0.3909634055265123,0.3064539733645544,0.0515059943781228,0.0764499726069027,0.0058328610734447
semiconductor,60,overlapping,2,logistic_time_group_ticker,16269,1.0,0.325880743249088,0.3252935197318308,0.3866086956521739,0.3253329430703937,0.0543877617526906,0.0462341027803898,0.0002721373320013
semiconductor,60,overlapping,2,majority_baseline,16269,1.0,0.3333333333333333,0.1931249272325067,0.0,0.0,,,0.0246107363037414
semiconductor,60,overlapping,2,ridge_current,16269,1.0,0.2979663881469196,0.2759239743294461,0.3189513926815948,0.1709351675691497,0.0857559469936625,0.0196190476904844,0.0044376498029741
semiconductor,60,overlapping,3,logistic_global,17025,1.0,0.4112218055300405,0.4009214230843869,0.5408942202835333,0.3530751708428246,-0.0282770605119674,-0.0343617206631358,0.0680405464241087
semiconductor,60,overlapping,3,logistic_group,17025,1.0,0.4054492970335095,0.38124603780058,0.5524253336157594,0.3712984054669704,-0.0489696982394512,-0.0521915563382018,0.0687033654800806
semiconductor,60,overlapping,3,logistic_time,17025,1.0,0.4093225769878182,0.3934042854906576,0.5619856649853995,0.3013952164009111,-0.0513640361960911,-0.0322295263965188,0.0707282757188082
semiconductor,60,overlapping,3,logistic_time_group,17025,1.0,0.4040228464578517,0.3808657541548858,0.5516378525932666,0.3452448747152619,-0.0517639334808251,-0.0454527021902268,0.0677453980050973
semiconductor,60,overlapping,3,logistic_time_group_ticker,17025,1.0,0.4131225379834073,0.400330301654708,0.5459132189707366,0.3080865603644647,0.011446557355181,-0.0326222919941137,0.0504305815332426
semiconductor,60,overlapping,3,majority_baseline,17025,1.0,0.3333333333333333,0.1989147606291641,0.0,0.0,,,0.0324655297030705
semiconductor,60,overlapping,3,ridge_current,17025,1.0,0.3796037896985232,0.3501538598756765,0.5412844036697247,0.1847949886104783,-0.0479049331912628,0.0132724979572739,0.0576293318870452
semiconductor,60,overlapping,4,logistic_global,17823,1.0,0.3783786348081004,0.3683471200127077,0.5087329780935465,0.4466536712150747,0.017511218092011,0.0431744441944277,0.0336856612789119
semiconductor,60,overlapping,4,logistic_group,17823,1.0,0.3732285090888105,0.3695078681634485,0.5067904418084923,0.3831059129304743,0.0251314276500641,0.0449370015045585,0.0277317036376769
semiconductor,60,overlapping,4,logistic_time,17823,1.0,0.3667965014048466,0.3471314388211713,0.5113533151680291,0.3658219623131903,0.0239744617695822,0.0388856882533594,0.0273133253367366
semiconductor,60,overlapping,4,logistic_time_group,17823,1.0,0.3604850377727322,0.3491639553526948,0.5036062791684345,0.3085120207927225,0.0318114976817081,0.0409884167301224,0.0240854728366692
semiconductor,60,overlapping,4,logistic_time_group_ticker,17823,1.0,0.3932512777851682,0.3797111429087088,0.51875808538163,0.4168940870695257,0.0227087270397938,0.0354454670945196,0.0325592098759964
semiconductor,60,overlapping,4,majority_baseline,17823,1.0,0.3333333333333333,0.2013810027280677,0.0,0.0,,,0.0298427757265461
semiconductor,60,overlapping,4,ridge_current,17823,1.0,0.3628808534219983,0.3048164781430661,0.422756253065228,0.1120207927225471,0.0218638159388256,0.0037309132994196,0.0474248179967094
semiconductor,60,overlapping,5,logistic_global,15228,1.0,0.3578227291254356,0.3273630946735261,0.1813586097946287,0.4535756617937574,0.3668410977101709,0.1529280283175482,0.3778947474720062
semiconductor,60,overlapping,5,logistic_group,15228,1.0,0.3528787386401831,0.3271706625192195,0.1833556597454789,0.4326353220071118,0.3790495963154778,0.1632351846052625,0.3511594030152622
semiconductor,60,overlapping,5,logistic_time,15228,1.0,0.3668115590279369,0.3060290280954227,0.1794807475228897,0.565389174239431,0.4002425634759422,0.1430920936890113,0.3527922295235594
semiconductor,60,overlapping,5,logistic_time_group,15228,1.0,0.366728657815691,0.3119896252183667,0.1869360782818655,0.5811932042670881,0.3906400330878883,0.1642582529905464,0.3376759439296943
semiconductor,60,overlapping,5,logistic_time_group_ticker,15228,1.0,0.3685644404614598,0.278399365827056,0.189255580476343,0.7001185302252074,0.3944748001327607,0.2082785108298825,0.3119084856531541
semiconductor,60,overlapping,5,majority_baseline,15228,1.0,0.3333333333333333,0.2827755719417659,0.0,0.0,,,0.3527799342399364
semiconductor,60,overlapping,5,ridge_current,15228,1.0,0.3569497698519175,0.3278616512813818,0.1653225806451612,0.0323982615566969,0.2020987296856995,0.2200498684051284,0.3962906191072113
semiconductor,60,non_overlapping,0,logistic_global,1369,1.0,0.3400371676491597,0.3371918671000621,0.3350515463917525,0.4266958424507658,0.1247903576306311,0.0689669163115363,0.0889905479278162
semiconductor,60,non_overlapping,0,logistic_group,1369,1.0,0.3472777215637663,0.346237426079812,0.3414179104477612,0.4004376367614879,0.1270311301543451,0.0839172144378211,0.0852370672642507
semiconductor,60,non_overlapping,0,logistic_time,1369,1.0,0.3348098463516899,0.3297060745361546,0.3276450511945392,0.4201312910284464,0.1428174704818848,0.0636783714125789,0.0733182555351691
semiconductor,60,non_overlapping,0,logistic_time_group,1369,1.0,0.335037006058535,0.3346972587510685,0.3231597845601436,0.3938730853391685,0.141518093605561,0.0593195419539513,0.0768909535637912
semiconductor,60,non_overlapping,0,logistic_time_group_ticker,1369,1.0,0.3474990636069046,0.3439361413795843,0.3306055646481178,0.4420131291028446,0.1437473627217231,0.0610090751459921,0.0694746902717668
semiconductor,60,non_overlapping,0,majority_baseline,1369,1.0,0.3333333333333333,0.2268273092369478,0.0,0.0,,,0.1015041471959145
semiconductor,60,non_overlapping,0,ridge_current,1369,1.0,0.301035339518553,0.2904746554185972,0.2384341637010676,0.1466083150984682,0.0945468748048094,0.0680362665524871,0.1171002661457728
semiconductor,60,non_overlapping,1,logistic_global,256,1.0,0.435027479918521,0.3748876706049804,0.2972972972972973,0.7457627118644068,0.1023293136230636,0.1183994290953164,0.1729972566537767
semiconductor,60,non_overlapping,1,logistic_group,256,1.0,0.4423152311772166,0.4089114258840183,0.2962962962962963,0.6779661016949152,0.1070901071622603,0.077455904437462,0.1569488130859802
semiconductor,60,non_overlapping,1,logistic_time,256,1.0,0.4474799185210807,0.3874025862821578,0.3061224489795918,0.7627118644067796,0.0974388476634872,0.1190507700984366,0.1818948031381386
semiconductor,60,non_overlapping,1,logistic_time_group,256,1.0,0.4299604135439487,0.3886571249125566,0.2887323943661972,0.6949152542372882,0.1024976219022837,0.0797697693178907,0.1692221120698633
semiconductor,60,non_overlapping,1,logistic_time_group_ticker,256,1.0,0.4587793535493293,0.4032722463915124,0.2919254658385093,0.7966101694915254,0.1021099961912842,0.0965572979906067,0.1822822862178879
semiconductor,60,non_overlapping,1,majority_baseline,256,1.0,0.3333333333333333,0.2431761786600496,0.0,0.0,,,0.1238247142970365
semiconductor,60,non_overlapping,1,ridge_current,256,1.0,0.2668788193243399,0.2463574637378849,0.1705426356589147,0.3728813559322034,0.1254098670571274,0.0332383459461196,0.1378678281175523
semiconductor,60,non_overlapping,2,logistic_global,273,1.0,0.2457228702721809,0.2439813307283186,0.2230769230769231,0.3152173913043478,0.1199914262954903,0.0575428570059391,-0.0167426741021398
semiconductor,60,non_overlapping,2,logistic_group,273,1.0,0.2676614654345301,0.2654561487894821,0.2421875,0.3369565217391304,0.1056778915849791,0.0932078118517219,0.0061961829140714
semiconductor,60,non_overlapping,2,logistic_time,273,1.0,0.2385800131293238,0.2356402882718672,0.2230769230769231,0.3152173913043478,0.1215472819132608,0.0593239968436333,-0.0206207425758155
semiconductor,60,non_overlapping,2,logistic_time_group,273,1.0,0.2576756047063576,0.2610110190765748,0.2148760330578512,0.2826086956521739,0.12208675488251,0.0696827996629253,-0.0011546401169711
semiconductor,60,non_overlapping,2,logistic_time_group_ticker,273,1.0,0.2433419178912286,0.2413894413894413,0.2265625,0.3152173913043478,0.1255472105995944,0.072444811082451,-0.0243779521695226
semiconductor,60,non_overlapping,2,majority_baseline,273,1.0,0.3333333333333333,0.2259887005649717,0.0,0.0,,,0.0576204801446243
semiconductor,60,non_overlapping,2,ridge_current,273,1.0,0.3051355855173458,0.295987321303777,0.296875,0.2065217391304347,0.0635158075640986,0.0646930638644524,0.0541506152718931
semiconductor,60,non_overlapping,3,logistic_global,286,1.0,0.4094590039989433,0.3721294867456802,0.6333333333333333,0.2945736434108527,-0.0303013579446265,-0.0478786094013966,0.0457271256874326
semiconductor,60,non_overlapping,3,logistic_group,286,1.0,0.4048998442325035,0.3504281446349971,0.625,0.3100775193798449,-0.0347740066248804,-0.0442578440656636,0.0418938242913652
semiconductor,60,non_overlapping,3,logistic_time,286,1.0,0.3918767098746876,0.3486804070642275,0.6296296296296297,0.2635658914728682,-0.0320695855115984,-0.0485452901733934,0.0454183421938754
semiconductor,60,non_overlapping,3,logistic_time_group,286,1.0,0.3997318855761727,0.3448660042155977,0.6229508196721312,0.2945736434108527,-0.0355618952547844,-0.0945561975983515,0.0441007346462408
semiconductor,60,non_overlapping,3,logistic_time_group_ticker,286,1.0,0.3977794781637047,0.3604530500772568,0.6346153846153846,0.2558139534883721,-0.0097948632262716,-0.0169437862526967,0.0355010868501464
semiconductor,60,non_overlapping,3,majority_baseline,286,1.0,0.3333333333333333,0.1863979848866498,0.0,0.0,,,0.0232312385556139
semiconductor,60,non_overlapping,3,ridge_current,286,1.0,0.3083938336718923,0.2628164723185208,0.3157894736842105,0.0930232558139534,0.0519320845324697,0.0205347415393838,0.0181100237974559
semiconductor,60,non_overlapping,4,logistic_global,298,1.0,0.3523300960195339,0.3470643197851614,0.4745762711864407,0.4745762711864407,0.0391682331161336,0.0440098544405485,0.0303148147761473
semiconductor,60,non_overlapping,4,logistic_group,298,1.0,0.3683681812015824,0.3692340066621963,0.5,0.423728813559322,0.0467759075999382,0.0596156082021942,0.0233523523557733
semiconductor,60,non_overlapping,4,logistic_time,298,1.0,0.3660840968334451,0.3480382390150747,0.4851485148514851,0.4152542372881356,0.0461082176397732,0.0379743759735359,0.0272710831907874
semiconductor,60,non_overlapping,4,logistic_time_group,298,1.0,0.3492046033648999,0.3446120077216294,0.4651162790697674,0.3389830508474576,0.0535805605052465,0.0410974999948196,0.0253063581677676
semiconductor,60,non_overlapping,4,logistic_time_group_ticker,298,1.0,0.3866591874818978,0.3717213894407321,0.4722222222222222,0.4322033898305085,0.0428600459362509,0.0334996184511825,0.0342603715689464
semiconductor,60,non_overlapping,4,majority_baseline,298,1.0,0.3333333333333333,0.2067901234567901,0.0,0.0,,,0.0371753559158106
semiconductor,60,non_overlapping,4,ridge_current,298,1.0,0.3139241156047324,0.2720502538223543,0.2954545454545454,0.1101694915254237,0.0873557217474619,0.0204311045240958,0.0350389885019737
semiconductor,60,non_overlapping,5,logistic_global,256,1.0,0.3270243409368762,0.3034071665650613,0.2222222222222222,0.4745762711864407,0.3101634466299521,0.2068261820306759,0.2774502481793617
semiconductor,60,non_overlapping,5,logistic_group,256,1.0,0.3054532056005895,0.2940323565323565,0.2018348623853211,0.3728813559322034,0.3454375856600462,0.2877443096447694,0.2432237221602753
semiconductor,60,non_overlapping,5,logistic_time,256,1.0,0.3370038144769423,0.2836958257481396,0.2272727272727272,0.5932203389830508,0.328839013526865,0.1828079754601621,0.2422770241679541
semiconductor,60,non_overlapping,5,logistic_time_group,256,1.0,0.3367539394144735,0.2922809540932518,0.238095238095238,0.5932203389830508,0.3201344618672118,0.2016219476062216,0.2513168548802598
semiconductor,60,non_overlapping,5,logistic_time_group_ticker,256,1.0,0.3658905010771451,0.2971789384650181,0.2592592592592592,0.711864406779661,0.3160514457165372,0.176560092341089,0.2612120134076321
semiconductor,60,non_overlapping,5,majority_baseline,256,1.0,0.3333333333333333,0.2697674418604651,0.0,0.0,,,0.2883096456322889
semiconductor,60,non_overlapping,5,ridge_current,256,1.0,0.3145785864130082,0.2841668155458878,0.1666666666666666,0.0169491525423728,0.0846193860929233,0.2152118347711595,0.3211715862522386
software,5,overlapping,0,logistic_global,151874,1.0,0.403417655756328,0.3632741369776149,0.4275502814828658,0.3037439012247336,0.0085707137788404,0.0016459627629192,0.0042856988474938
software,5,overlapping,0,logistic_group,151874,1.0,0.4007997700428204,0.3751597330242385,0.4265216949497002,0.3482857048026818,0.0075006675895135,0.0014429003148942,0.0044470028370434
software,5,overlapping,0,logistic_time,151874,1.0,0.4019265573643283,0.3592159263560845,0.4235923775816302,0.3257326827973049,0.0078741618799344,0.0016766038277178,0.004702637686054
software,5,overlapping,0,logistic_time_group,151874,1.0,0.4005538860948712,0.3698431488967415,0.4233405589079618,0.3597530618341133,0.0071259779739236,0.0017620245294568,0.0045702226549119
software,5,overlapping,0,logistic_time_group_ticker,151874,1.0,0.4050415250804726,0.3677103990827922,0.4279215119369034,0.3340469315277639,0.0078339174989501,0.0017638002222553,0.0043502720643171
software,5,overlapping,0,majority_baseline,151874,1.0,0.3333333333333333,0.2024522906742347,0.0,0.0,,,0.0044793196379188
software,5,overlapping,0,ridge_current,151874,1.0,0.353251644533621,0.3235084563800347,0.3763492107992935,0.2227753991171296,0.0041991131381854,0.0019822000011485,0.0072104104207305
software,5,overlapping,1,logistic_global,23626,1.0,0.3814588634224913,0.3429786695659628,0.3592807144581221,0.3578555114797451,0.0140890647169263,0.0036101102931714,0.0080864372626426
software,5,overlapping,1,logistic_group,23626,1.0,0.3767895761173097,0.358472456792082,0.3594953667522608,0.387065753095324,0.0117659474109217,0.0039898120805182,0.0086665127284473
software,5,overlapping,1,logistic_time,23626,1.0,0.378536175627302,0.3422384015297521,0.3663803111214302,0.3793725207356653,0.0115370834690055,0.0038419991523166,0.0110438097482414
software,5,overlapping,1,logistic_time_group,23626,1.0,0.3730722746714482,0.3534834661752457,0.3640171858216971,0.4073806947950474,0.0104188009360256,0.0043621613590549,0.009951201335438
software,5,overlapping,1,logistic_time_group_ticker,23626,1.0,0.3888890973159796,0.3624453693134695,0.3778286637931034,0.3371799495131626,0.0102029076584947,0.0045890770265761,0.0109384012478145
software,5,overlapping,1,majority_baseline,23626,1.0,0.3333333333333333,0.2115634661504233,0.0,0.0,,,0.0084210895760468
software,5,overlapping,1,ridge_current,23626,1.0,0.352298053170437,0.3502347729374888,0.3578524836929252,0.4286572905397283,0.0054689088957897,0.0024374525182459,0.0126151623081543
software,5,overlapping,2,logistic_global,29151,1.0,0.4088208570549262,0.3682740694389976,0.4311571782178218,0.2395976616231086,0.0077786409850854,0.0023222725038946,0.0006903806727918
software,5,overlapping,2,logistic_group,29151,1.0,0.408386435641151,0.3735005795390759,0.4366998577524893,0.2111416781292985,0.0094089111939877,0.0019653862957766,0.0008756260593129
software,5,overlapping,2,logistic_time,29151,1.0,0.4062015626888753,0.3427900078476523,0.4257425742574257,0.1848349381017881,0.0094220460187545,0.0020329374364869,0.0008102021539868
software,5,overlapping,2,logistic_time_group,29151,1.0,0.4104325705560567,0.3529651600789665,0.4274644855789927,0.170735900962861,0.0102405744548365,0.002128628511201,0.0008408017393942
software,5,overlapping,2,logistic_time_group_ticker,29151,1.0,0.4126373468573233,0.3529439617988703,0.4324681038275407,0.1690165061898211,0.0122650512779321,0.0020960475099971,0.0001944459671871
software,5,overlapping,2,majority_baseline,29151,1.0,0.3333333333333333,0.1988622230780957,0.0,0.0,,,0.0028609144343829
software,5,overlapping,2,ridge_current,29151,1.0,0.3391035988517854,0.3317382845027473,0.3587976042490677,0.2729539202200825,0.0046036126675611,0.0004509882970787,0.00294393351837
software,5,overlapping,3,logistic_global,31940,1.0,0.4168728238034633,0.3824802745065185,0.4773379947558996,0.2858317757009346,-0.0015006754086094,0.0012738623148356,0.0047595504668308
software,5,overlapping,3,logistic_group,31940,1.0,0.4133758197046045,0.39312794164334,0.4731570512820512,0.353196261682243,-0.0013177621857812,0.0012908159458773,0.0050999249589294
software,5,overlapping,3,logistic_time,31940,1.0,0.4195430949108969,0.3729147009835241,0.4569141550273626,0.4182429906542056,0.0030947123216491,0.0008182464551813,0.002456522153642
software,5,overlapping,3,logistic_time_group,31940,1.0,0.4160461582874682,0.3767455122033262,0.4572179566991768,0.4942056074766355,0.0023819211506852,0.0013590991797752,0.0026141666398532
software,5,overlapping,3,logistic_time_group_ticker,31940,1.0,0.4160197728169796,0.3685950780920988,0.4551766808744672,0.4950280373831776,0.0027602115518366,0.0013192240851906,0.0020161644371115
software,5,overlapping,3,majority_baseline,31940,1.0,0.3333333333333333,0.2019902234636871,0.0,0.0,,,0.0021274954415358
software,5,overlapping,3,ridge_current,31940,1.0,0.3660626659137005,0.3325289061243286,0.4249520153550863,0.2482990654205607,-0.0031321219863935,0.0012565186197538,0.0064131038783258
software,5,overlapping,4,logistic_global,32697,1.0,0.3921429663330874,0.328943423564416,0.4136795903438185,0.2802279484638256,0.0155485496548278,0.0046547507047984,0.0065852495846533
software,5,overlapping,4,logistic_group,32697,1.0,0.3937549450225834,0.3507662695990521,0.4041084357635965,0.396432111000991,0.0129656772358925,0.0041670735868657,0.0061668087888638
software,5,overlapping,4,logistic_time,32697,1.0,0.3919350026111933,0.3324605160602703,0.4092009685230024,0.2791542781631979,0.0162280891942839,0.004253319300509,0.0065273539481468
software,5,overlapping,4,logistic_time_group,32697,1.0,0.3893997264914761,0.3491745129217378,0.3991479903685868,0.3559629996696399,0.0147898084766376,0.0038826946408948,0.0051799887419498
software,5,overlapping,4,logistic_time_group_ticker,32697,1.0,0.3945111699436546,0.3504201223561099,0.4045114303054825,0.3302775024777007,0.0155964032977831,0.004008570836336,0.0051651981936487
software,5,overlapping,4,majority_baseline,32697,1.0,0.3333333333333333,0.2051966014621616,0.0,0.0,,,0.0078195750094685
software,5,overlapping,4,ridge_current,32697,1.0,0.3472825072636829,0.2939808457467414,0.344449590859966,0.1842583415923356,0.0114338980762445,0.0067230401773861,0.0073144012041457
software,5,overlapping,5,logistic_global,34460,1.0,0.4072790057489983,0.3720865620115378,0.4492741390952059,0.3590798704803022,0.007121055508524,-0.0048141849202168,0.0039974675015284
software,5,overlapping,5,logistic_group,34460,1.0,0.4055786212017687,0.3755757289411822,0.4534555712270804,0.3903804641122504,0.0054785507508469,-0.0040064399788632,0.0042790466098432
software,5,overlapping,5,logistic_time,34460,1.0,0.4011425563839779,0.3783184097238192,0.4394412489728841,0.3607663248785753,0.0037773779733001,-0.0044803610559217,0.00547806066251
software,5,overlapping,5,logistic_time_group,34460,1.0,0.4053881133124612,0.3833897015292861,0.4487329109703234,0.3631273610361575,0.002183012877038,-0.0033849046411742,0.0060382312565221
software,5,overlapping,5,logistic_time_group_ticker,34460,1.0,0.4054278236843391,0.3734114082017263,0.4454263420137256,0.3196168375607123,0.0040105532981173,-0.0033834531303818,0.0051723328219558
software,5,overlapping,5,majority_baseline,34460,1.0,0.3333333333333333,0.1968355250151679,0.0,0.0,,,0.0021563599304021
software,5,overlapping,5,ridge_current,34460,1.0,0.3793509205316561,0.2757940187964264,0.4412797502926258,0.0762951969778737,0.001936518286372,-0.0012030541008595,0.0077929942947312
software,5,non_overlapping,0,logistic_global,30474,1.0,0.4092798620725579,0.3676528577756441,0.4235646760433479,0.306294289287203,0.0085159444082706,0.0016499628097883,0.006011252063612
software,5,non_overlapping,0,logistic_group,30474,1.0,0.404845241668057,0.3783641445121415,0.4224189977862749,0.3499791579824927,0.0076377352067092,0.0011698725196863,0.0061559172654585
software,5,non_overlapping,0,logistic_time,30474,1.0,0.4027497866649379,0.3580977272008033,0.4134408602150538,0.3205502292621925,0.0089418552062302,0.0017162372229967,0.0054959809818484
software,5,non_overlapping,0,logistic_time_group,30474,1.0,0.4006433217950305,0.3687103761128231,0.4126447876447876,0.3563984993747395,0.0081825716370907,0.0015719147923318,0.0054181782742634
software,5,non_overlapping,0,logistic_time_group_ticker,30474,1.0,0.4075395345903927,0.3683518035957987,0.4174418604651163,0.3292205085452271,0.0090826387815497,0.0014841437464241,0.0052451338568931
software,5,non_overlapping,0,majority_baseline,30474,1.0,0.3333333333333333,0.2039930160176117,0.0,0.0,,,0.0050584613493085
software,5,non_overlapping,0,ridge_current,30474,1.0,0.3562726715554516,0.3270482699809272,0.3778719912472648,0.230345977490621,0.0036812452545406,0.0027557447520851,0.0083470786065675
software,5,non_overlapping,1,logistic_global,4743,1.0,0.3807426186819545,0.3428009576983288,0.3485103991006183,0.3701492537313433,0.0131053318348495,0.0020918573617218,0.009711573978258
software,5,non_overlapping,1,logistic_group,4743,1.0,0.3779237177903448,0.3609954487843548,0.3560486001056524,0.4023880597014925,0.0116282659264099,0.0012986905864401,0.0098786461612926
software,5,non_overlapping,1,logistic_time,4743,1.0,0.3797295178968716,0.3453004048847965,0.3597161572052402,0.3934328358208955,0.0114434640668261,0.0020392650621357,0.0121146248265444
software,5,non_overlapping,1,logistic_time_group,4743,1.0,0.3674411483678443,0.3503535090137712,0.3564605329311212,0.4232835820895522,0.011050411933984,0.0014682198204369,0.0103903962745264
software,5,non_overlapping,1,logistic_time_group_ticker,4743,1.0,0.3898310658734178,0.3660290954884642,0.37491961414791,0.3480597014925373,0.0101866445629198,0.0019142381547919,0.0126748163904639
software,5,non_overlapping,1,majority_baseline,4743,1.0,0.3333333333333333,0.2095320707435786,0.0,0.0,,,0.0080317207388911
software,5,non_overlapping,1,ridge_current,4743,1.0,0.3488226927410043,0.3455866926710081,0.3525733525733526,0.4376119402985075,0.0046811112984723,0.0036946749027448,0.012480162158022
software,5,non_overlapping,2,logistic_global,5853,1.0,0.4207963638341959,0.3787219274463034,0.4383763837638376,0.2559241706161137,0.0059305616101037,0.0031561982311808,0.001840869835389
software,5,non_overlapping,2,logistic_group,5853,1.0,0.4190875659206226,0.3844122233422694,0.441938178780284,0.2279190004308487,0.0080621083918093,0.0022521311220304,0.0018956004231289
software,5,non_overlapping,2,logistic_time,5853,1.0,0.4135729690240509,0.3470943788079481,0.4229287090558767,0.1891426109435588,0.0085259536006312,0.0022870007274771,0.0019375922049024
software,5,non_overlapping,2,logistic_time_group,5853,1.0,0.4172634171798591,0.3584365299688605,0.4273858921161825,0.1775096940973718,0.0083090229840706,0.0025066243416224,0.0020515086506799
software,5,non_overlapping,2,logistic_time_group_ticker,5853,1.0,0.4200529328039824,0.3584962677148578,0.4279705573080967,0.1753554502369668,0.0109329440352929,0.0021239419734795,0.0014426744738637
software,5,non_overlapping,2,majority_baseline,5853,1.0,0.3333333333333333,0.2008674545382197,0.0,0.0,,,0.0032658743084769
software,5,non_overlapping,2,ridge_current,5853,1.0,0.3469585373835379,0.339064163464749,0.3640856672158155,0.2856527358897027,0.0042031193809384,0.0016760669694744,0.0034836687811215
software,5,non_overlapping,3,logistic_global,6406,1.0,0.4293437014331734,0.3912983359645848,0.4747603833865815,0.2839128773404661,-0.0014071161500987,0.0015250678512964,0.0089417678454623
software,5,non_overlapping,3,logistic_group,6406,1.0,0.4238313026439655,0.402091918217518,0.4717269485481406,0.353840275124188,-0.0016379614172669,0.0017719834834244,0.0095248192103559
software,5,non_overlapping,3,logistic_time,6406,1.0,0.4245994674275228,0.372195877848632,0.4386178861788617,0.4123041650745128,0.0059012420844684,0.0014246882753382,0.0052629012629845
software,5,non_overlapping,3,logistic_time_group,6406,1.0,0.4270191870237482,0.3808018017557113,0.4439461883408072,0.4917844860527321,0.0050076399656271,0.0016918712441055,0.0056984079600864
software,5,non_overlapping,3,logistic_time_group_ticker,6406,1.0,0.4289457128031432,0.3743140849847151,0.4439477303988995,0.4933129537638517,0.0050446752757697,0.002267869796295,0.0051404513364223
software,5,non_overlapping,3,majority_baseline,6406,1.0,0.3333333333333333,0.2061677808928186,0.0,0.0,,,0.0041593266431997
software,5,non_overlapping,3,ridge_current,6406,1.0,0.3736012872702627,0.3414910507064532,0.4347826086956521,0.2636606801681314,-0.0022947852259203,0.0028247649324475,0.0097262253713582
software,5,non_overlapping,4,logistic_global,6559,1.0,0.3958033265018663,0.3297371741818689,0.4051620648259303,0.2810158201498751,0.0174820303221642,0.0046818265957142,0.0091687219311068
software,5,non_overlapping,4,logistic_group,6559,1.0,0.3892984913497194,0.3437805580193624,0.3895178197064989,0.3867610324729392,0.0151616402282149,0.004239341569671,0.0073803686314214
software,5,non_overlapping,4,logistic_time,6559,1.0,0.3907496266566621,0.3281207690397107,0.4018292682926829,0.2743547044129892,0.0186707631367835,0.0043031410958763,0.0086548282235274
software,5,non_overlapping,4,logistic_time_group,6559,1.0,0.3894847904906298,0.3465071871006958,0.3935779816513761,0.3572023313905079,0.0160725160120341,0.0038257712381321,0.0078687628136704
software,5,non_overlapping,4,logistic_time_group_ticker,6559,1.0,0.3918272806113759,0.3452930010456825,0.3947368421052631,0.324729392173189,0.0184409816347494,0.0041384972899117,0.0059023135425574
software,5,non_overlapping,4,majority_baseline,6559,1.0,0.3333333333333333,0.2079792999755236,0.0,0.0,,,0.0089120273325967
software,5,non_overlapping,4,ridge_current,6559,1.0,0.3489258171020704,0.2937909857941012,0.3396369137670196,0.1869275603663613,0.010537849075631,0.008034766664498,0.0093968155639641
software,5,non_overlapping,5,logistic_global,6913,1.0,0.4095247738456665,0.3741597561561121,0.451277609354699,0.3496644295302013,0.0067536075095843,-0.0046533115302597,0.0028992825558929
software,5,non_overlapping,5,logistic_group,6913,1.0,0.4097795477739308,0.3790106524023917,0.456,0.3825503355704698,0.0045183870633554,-0.0041478467714599,0.0041642271967832
software,5,non_overlapping,5,logistic_time,6913,1.0,0.3984783376115527,0.3741012680358146,0.4330472103004292,0.3385906040268456,0.0035226525055551,-0.0036888006138882,0.0039388623981495
software,5,non_overlapping,5,logistic_time_group,6913,1.0,0.4001417010821108,0.3770570636214493,0.4334192439862543,0.3385906040268456,0.0022452927406932,-0.0030226279059058,0.0044363925181946
software,5,non_overlapping,5,logistic_time_group_ticker,6913,1.0,0.4061474949469645,0.3718811586995116,0.4289855072463768,0.2979865771812081,0.004142514680364,-0.0039450964806171,0.00425967083995
software,5,non_overlapping,5,majority_baseline,6913,1.0,0.3333333333333333,0.1968260441091514,0.0,0.0,,,0.0017131930588617
software,5,non_overlapping,5,ridge_current,6913,1.0,0.3840443153364448,0.2800118120352766,0.4532803180914513,0.0765100671140939,-0.0015066755575762,-0.0015826052480576,0.0078203137521168
software,20,overlapping,0,logistic_global,150389,1.0,0.385955192574298,0.3519720455488948,0.3999072397190689,0.3068722989577154,0.0368608741270453,0.006181472693863,0.0196065446575328
software,20,overlapping,0,logistic_group,150389,1.0,0.3834758851991406,0.3627844922031514,0.3978153487811735,0.3357681552410813,0.0359101034197128,0.0037364231080342,0.0186207614136631
software,20,overlapping,0,logistic_time,150389,1.0,0.3892203599686644,0.349900180983056,0.4067197170645446,0.319633929328023,0.0365781206721399,0.0067100003122918,0.0198902811435937
software,20,overlapping,0,logistic_time_group,150389,1.0,0.3891519106554154,0.3632144170728579,0.4064325177584846,0.3490890602491314,0.0348143629131423,0.004684567717017,0.0196087155924937
software,20,overlapping,0,logistic_time_group_ticker,150389,1.0,0.3951116118339131,0.3637170077852469,0.4158491977720508,0.3391068553512414,0.0362253857123882,0.0064141878586317,0.0184383770380395
software,20,overlapping,0,majority_baseline,150389,1.0,0.3333333333333333,0.2091268229535079,0.0,0.0,,,0.0202365805967194
software,20,overlapping,0,ridge_current,150389,1.0,0.3468094095186319,0.3263953186085748,0.3636864063043226,0.2127446826540123,0.0166610434660477,0.0127724270763998,0.0265157119309757
software,20,overlapping,1,logistic_global,23626,1.0,0.3560792002661353,0.323059311608038,0.2966283739609601,0.4400720520992102,0.0507518308461073,0.0140799301333228,0.038153434976386
software,20,overlapping,1,logistic_group,23626,1.0,0.3541303580066701,0.3356309382123594,0.3032150776053215,0.4547595953997506,0.0479397314307568,0.0148343947702971,0.0365534543600811
software,20,overlapping,1,logistic_time,23626,1.0,0.3566445290062358,0.3215160502112658,0.3026952946550936,0.4590550090065124,0.0477495886924567,0.0185221648577016,0.0381474036622702
software,20,overlapping,1,logistic_time_group,23626,1.0,0.3518656902224071,0.3312499546204785,0.306076854334227,0.4745739226825551,0.0455707894297601,0.019153307734756,0.0364718831560908
software,20,overlapping,1,logistic_time_group_ticker,23626,1.0,0.3739656341088495,0.3549771600916398,0.3222323255285292,0.3928225024248302,0.0458916184763768,0.0183568187137249,0.0415622383456745
software,20,overlapping,1,majority_baseline,23626,1.0,0.3333333333333333,0.2328237616489923,0.0,0.0,,,0.0369198009535499
software,20,overlapping,1,ridge_current,23626,1.0,0.3525134297664414,0.3466493974443985,0.3192497938994229,0.4292642372176805,0.0258730400307962,0.0220454904228877,0.0486972814000146
software,20,overlapping,2,logistic_global,29151,1.0,0.3998434333885284,0.3612224028488488,0.4507462686567164,0.2574699577784995,0.0091947968983859,0.00649677411072,0.0079512322523794
software,20,overlapping,2,logistic_group,29151,1.0,0.4001006049701268,0.369272366514312,0.4503840727386737,0.2332737901916206,0.0137782108206425,0.0056090464855798,0.0063305978237473
software,20,overlapping,2,logistic_time,29151,1.0,0.3965895370130006,0.3470112404471157,0.4438035596572182,0.2186586554075998,0.0056695812358698,0.006106560732754,0.0102733880307029
software,20,overlapping,2,logistic_time_group,29151,1.0,0.3993864440864521,0.3551057069166366,0.4379060701689252,0.1915394608639168,0.0097696575603363,0.0037358620613503,0.0095319399291288
software,20,overlapping,2,logistic_time_group_ticker,29151,1.0,0.4063949249527857,0.3532329398992025,0.4625487379437718,0.183013965573238,0.0138373247644713,0.0050155991384407,0.0076479720503623
software,20,overlapping,2,majority_baseline,29151,1.0,0.3333333333333333,0.1970194941195424,0.0,0.0,,,0.0077663222900997
software,20,overlapping,2,ridge_current,29151,1.0,0.3282316007352566,0.3176766185361168,0.3692516335840217,0.2431796037674569,0.0109004653107862,0.0054668827401838,0.0069263687289602
software,20,overlapping,3,logistic_global,31940,1.0,0.3978024031240982,0.3659781971913034,0.4570477918935269,0.2264179216303289,0.0118508991655652,0.0008461135378676,0.0133970749203044
software,20,overlapping,3,logistic_group,31940,1.0,0.3944009279980062,0.3708140785088923,0.4464384318056322,0.2423016408181613,0.008234906675964,0.0013149910777905,0.0137790482594883
software,20,overlapping,3,logistic_time,31940,1.0,0.4129591534955102,0.3840448953085281,0.4856237530806243,0.310032216977598,0.0066348898664063,0.0033958669514891,0.0159948797858734
software,20,overlapping,3,logistic_time_group,31940,1.0,0.4105646764953306,0.3903324551500167,0.4755181736257134,0.3558102944481906,0.0047118176076694,0.0043731241400979,0.0167732791374931
software,20,overlapping,3,logistic_time_group_ticker,31940,1.0,0.4044182234041685,0.3820323264246585,0.4625948989166595,0.4063085337529032,0.0082380670597297,0.00503722138148,0.014971497595097
software,20,overlapping,3,majority_baseline,31940,1.0,0.3333333333333333,0.2034861799936193,0.0,0.0,,,0.0097997570737215
software,20,overlapping,3,ridge_current,31940,1.0,0.3631172663725799,0.3378142421158043,0.4205634620970084,0.2169775979620888,-0.0014586120293021,0.005016417676936,0.0173372189061317
software,20,overlapping,4,logistic_global,32697,1.0,0.39380609321763,0.3291857045610674,0.4045362220717671,0.3131551362683438,0.0727243518719808,0.0200848843459072,0.0297884834912175
software,20,overlapping,4,logistic_group,32697,1.0,0.3949688171697295,0.3465003825254895,0.3916430020283976,0.4216457023060797,0.062353215867412,0.01667726752189,0.028144998767272
software,20,overlapping,4,logistic_time,32697,1.0,0.3896207477896643,0.3143854503000651,0.3923611111111111,0.2665094339622642,0.0890208388361259,0.0178707518698452,0.026018700177849
software,20,overlapping,4,logistic_time_group,32697,1.0,0.3936512698473842,0.3381303658347073,0.3841071756285557,0.3656533892382949,0.0743705778579581,0.015757900580657,0.0213365086432722
software,20,overlapping,4,logistic_time_group_ticker,32697,1.0,0.3987210786020219,0.3466367274750251,0.3920955882352941,0.3726415094339622,0.0725726044823091,0.0164069788330648,0.0225161358365146
software,20,overlapping,4,majority_baseline,32697,1.0,0.3333333333333333,0.2195465485176676,0.0,0.0,,,0.0366920299701796
software,20,overlapping,4,ridge_current,32697,1.0,0.3370062085079854,0.3059782453123553,0.3259249401117913,0.2139238294898672,0.0346466319090806,0.0343370133790611,0.0405760896465217
software,20,overlapping,5,logistic_global,32975,1.0,0.3914193120188655,0.357199464555926,0.427209418006964,0.3510935477277372,0.0280268660340517,-0.0165292600466652,0.0249296339773207
software,20,overlapping,5,logistic_group,32975,1.0,0.3891650407986421,0.3641396063214357,0.4294704528012279,0.3812768276895823,0.0271256378473224,-0.0202462876096589,0.0239764538689493
software,20,overlapping,5,logistic_time,32975,1.0,0.3931639962428766,0.3575393861460201,0.4337340173034224,0.3859780609116304,0.0298889692342272,-0.0159468266330982,0.0218910973540931
software,20,overlapping,5,logistic_time_group,32975,1.0,0.3980541074979842,0.3727632354056065,0.444772280223937,0.4005586972814607,0.0260461608032747,-0.0190417952011137,0.0244436650888996
software,20,overlapping,5,logistic_time_group_ticker,32975,1.0,0.3964229059919439,0.3622113957274888,0.4417328154028035,0.356407985283096,0.0325681573295139,-0.0114619174545375,0.0149597747207172
software,20,overlapping,5,majority_baseline,32975,1.0,0.3333333333333333,0.1961128472965452,0.0,0.0,,,0.0130999938160165
software,20,overlapping,5,ridge_current,32975,1.0,0.3827659375332795,0.2946986904945948,0.4845719252498913,0.0759692035157048,-0.0063902077581859,-0.0009489621568559,0.0280605268580901
software,20,non_overlapping,0,logistic_global,7557,1.0,0.3984707196883143,0.3631552566804365,0.396158999553372,0.3049157786180818,0.0352477181676725,0.0070007452376267,0.0218505704302419
software,20,non_overlapping,0,logistic_group,7557,1.0,0.3938207791425481,0.3741836232769979,0.393106278210915,0.3293227913372293,0.0365856999384726,0.0044676038521676,0.0189370583188392
software,20,non_overlapping,0,logistic_time,7557,1.0,0.4037860037360887,0.3641766257550001,0.4152765583845478,0.3251976624269508,0.032368582166175,0.008243392009241,0.0239654652850423
software,20,non_overlapping,0,logistic_time_group,7557,1.0,0.4049234080344607,0.3782252327824669,0.4105392156862745,0.3454795462358199,0.0333009735510656,0.0062171507875382,0.0215629928703133
software,20,non_overlapping,0,logistic_time_group_ticker,7557,1.0,0.4053039270701874,0.3750272070781691,0.4168074324324324,0.3392918528704022,0.0354114717890139,0.0078039522275265,0.0194372654032192
software,20,non_overlapping,0,majority_baseline,7557,1.0,0.3333333333333333,0.208249924173491,0.0,0.0,,,0.0206420120607257
software,20,non_overlapping,0,ridge_current,7557,1.0,0.3480617591648346,0.3303390302624039,0.3585657370517928,0.2165692677896184,0.0168305542886546,0.0130261120066475,0.0274080604429445
software,20,non_overlapping,1,logistic_global,1189,1.0,0.3442827529632522,0.315623652572521,0.2845849802371542,0.3870967741935484,0.0507102479521489,0.0225594676320857,0.0133170133707665
software,20,non_overlapping,1,logistic_group,1189,1.0,0.3403595854803505,0.3308989689909201,0.291089108910891,0.3951612903225806,0.0489458083015686,0.0232509534440356,0.0173092273857849
software,20,non_overlapping,1,logistic_time,1189,1.0,0.3534032168008501,0.3249981340579955,0.2922201138519924,0.4139784946236559,0.0435921641838348,0.0251659489037505,0.0203886810331432
software,20,non_overlapping,1,logistic_time_group,1189,1.0,0.3448194049426016,0.3323164035049196,0.2920696324951644,0.4059139784946236,0.0448637754144573,0.0254459870823529,0.0200273153412679
software,20,non_overlapping,1,logistic_time_group_ticker,1189,1.0,0.354878252454845,0.3427053196283858,0.3050847457627119,0.3387096774193548,0.0454706909958174,0.0234458291275311,0.0260622000745581
software,20,non_overlapping,1,majority_baseline,1189,1.0,0.3333333333333333,0.2228443449048152,0.0,0.0,,,0.0320753943277239
software,20,non_overlapping,1,ridge_current,1189,1.0,0.3276410563734279,0.3189996671500243,0.2940074906367041,0.4220430107526882,0.0252904017757559,0.03601668302449,0.0379420839974459
software,20,non_overlapping,2,logistic_global,1469,1.0,0.3992995756704973,0.3651068626552926,0.4193548387096774,0.2469775474956822,0.0131285312492285,0.012236989142618,0.0172685716687786
software,20,non_overlapping,2,logistic_group,1469,1.0,0.4008958479593524,0.3719993384549498,0.4046822742474916,0.2089810017271157,0.0200254996148737,0.0091937094566293,0.015320720139727
software,20,non_overlapping,2,logistic_time,1469,1.0,0.4052979783755376,0.3575998224165826,0.4398625429553264,0.2210708117443868,-0.00354066106428,0.0134132866132599,0.0243777396806363
software,20,non_overlapping,2,logistic_time_group,1469,1.0,0.4049496859100299,0.3637983359465861,0.4060150375939849,0.1865284974093264,0.0142207143700207,0.0077341294095749,0.0191359095730591
software,20,non_overlapping,2,logistic_time_group_ticker,1469,1.0,0.4058600163492924,0.3602608640880201,0.4382470119521912,0.1899827288428324,0.0130231231563014,0.0106667729995491,0.0181168483916444
software,20,non_overlapping,2,majority_baseline,1469,1.0,0.3333333333333333,0.2036249014972419,0.0,0.0,,,0.0146600318606439
software,20,non_overlapping,2,ridge_current,1469,1.0,0.3220673869366541,0.3145003720944848,0.3545918367346938,0.2400690846286701,0.0145406694768505,0.0222413284883684,0.0120425013355892
software,20,non_overlapping,3,logistic_global,1602,1.0,0.4367847586320015,0.4101773683318748,0.5181518151815182,0.2480252764612954,-0.0357019100984281,-0.0068835199566906,0.0306714816883385
software,20,non_overlapping,3,logistic_group,1602,1.0,0.4263410750533365,0.4054361014171889,0.5,0.2464454976303317,-0.0278383128251187,-0.0052146075543988,0.0254760415184481
software,20,non_overlapping,3,logistic_time,1602,1.0,0.434938938735123,0.4103798252493159,0.510989010989011,0.2938388625592417,-0.0089035365839469,-0.0027209785412622,0.0237700354910612
software,20,non_overlapping,3,logistic_time_group,1602,1.0,0.4436792772132308,0.4250790565749445,0.5095693779904307,0.3364928909952606,-0.0134446671466919,6.27419240668281e-05,0.0253319316384209
software,20,non_overlapping,3,logistic_time_group_ticker,1602,1.0,0.428359533490448,0.4114026912937182,0.4702495201535508,0.3870458135860979,-0.0001874575018898,0.0003981513395817,0.0214128181076485
software,20,non_overlapping,3,majority_baseline,1602,1.0,0.3333333333333333,0.2077066322876378,0.0,0.0,,,0.0089047817146264
software,20,non_overlapping,3,ridge_current,1602,1.0,0.3708704560521128,0.3507901077308582,0.4146341463414634,0.2148499210110584,-0.0079643779553467,-0.005329241818087,0.0230827994213225
software,20,non_overlapping,4,logistic_global,1642,1.0,0.397616520967252,0.3217572578404009,0.3532008830022075,0.2935779816513761,0.0908476685581286,0.0209118112219296,0.0304184146406057
software,20,non_overlapping,4,logistic_group,1642,1.0,0.4005902423965768,0.3441135067338945,0.3544891640866873,0.4201834862385321,0.0768956580561577,0.0185988203401989,0.0217214701247552
software,20,non_overlapping,4,logistic_time,1642,1.0,0.3905346370545579,0.3109773921260851,0.3618581907090464,0.2715596330275229,0.1031973351988102,0.021064080114309,0.0244286005543407
software,20,non_overlapping,4,logistic_time_group,1642,1.0,0.4002128733058807,0.3386803208488809,0.3571428571428571,0.3669724770642202,0.0846842959928234,0.0212417277017922,0.0183432533844169
software,20,non_overlapping,4,logistic_time_group_ticker,1642,1.0,0.4068050055082829,0.3483788665052525,0.3636363636363636,0.3743119266055046,0.0827586452108151,0.0226876252788081,0.0185770873298843
software,20,non_overlapping,4,majority_baseline,1642,1.0,0.3333333333333333,0.2209554831704668,0.0,0.0,,,0.0422149383593101
software,20,non_overlapping,4,ridge_current,1642,1.0,0.3604009506431135,0.3299614163879004,0.3553719008264462,0.236697247706422,0.0401810719668285,0.0436375246528963,0.041835534037853
software,20,non_overlapping,5,logistic_global,1655,1.0,0.4062864331009492,0.3562756110629501,0.4449685534591195,0.3628205128205128,0.0290048919192389,-0.0191651264659701,0.0104877018587585
software,20,non_overlapping,5,logistic_group,1655,1.0,0.400535172712592,0.3650038210140855,0.4518518518518518,0.391025641025641,0.0258741506223369,-0.0227667897260143,0.0115070263608327
software,20,non_overlapping,5,logistic_time,1655,1.0,0.4221796348812477,0.371273561708062,0.4803493449781659,0.4230769230769231,0.0186696786602831,-0.0191616657324516,0.02607972784729
software,20,non_overlapping,5,logistic_time_group,1655,1.0,0.4230616605616605,0.3861334943306616,0.4847161572052402,0.4269230769230769,0.0185446382134567,-0.0229463471964184,0.0229378739288382
software,20,non_overlapping,5,logistic_time_group_ticker,1655,1.0,0.4227906278309504,0.3789337405996544,0.4855305466237942,0.3871794871794872,0.0248814008008008,-0.0182063395570985,0.0135465909874086
software,20,non_overlapping,5,majority_baseline,1655,1.0,0.3333333333333333,0.1882046834345186,0.0,0.0,,,0.007695507789206
software,20,non_overlapping,5,ridge_current,1655,1.0,0.3961986490212297,0.3009707638997719,0.4928571428571429,0.0884615384615384,-0.0114796160901273,-0.0109054910381286,0.0293357482924042
software,60,overlapping,0,logistic_global,146429,1.0,0.3760260058488198,0.3577460553075386,0.3906960475690801,0.3357735221827312,0.1067214976752819,0.0214110921839482,0.0731310243972217
software,60,overlapping,0,logistic_group,146429,1.0,0.3689781936927729,0.3608094134484069,0.3870133791255449,0.3626509645818966,0.1047946768870608,0.0155477293215931,0.0684873510344871
software,60,overlapping,0,logistic_time,146429,1.0,0.3718574743266676,0.3487837843245043,0.3815803910381602,0.3074814775520308,0.1234836699474671,0.0215793642611272,0.0645087597838834
software,60,overlapping,0,logistic_time_group,146429,1.0,0.3650117676394569,0.3539433727869979,0.3784697787160841,0.342351422559369,0.1191872334414365,0.0165052090102318,0.0589594587297174
software,60,overlapping,0,logistic_time_group_ticker,146429,1.0,0.3812046895987599,0.3633387539279986,0.3928899785473491,0.3400350114052305,0.1312464980592196,0.0188979367594068,0.0525508048510137
software,60,overlapping,0,majority_baseline,146429,1.0,0.3333333333333333,0.2091653973833235,0.0,0.0,,,0.0698412863252205
software,60,overlapping,0,ridge_current,146429,1.0,0.3374647952240696,0.3181192403064368,0.3256611636480205,0.1796368008770534,0.0591126328947979,0.0292617074562402,0.0929494922899944
software,60,overlapping,1,logistic_global,23626,1.0,0.389259174651472,0.3552248782109501,0.2731654228855721,0.5818844179499917,0.1404497089081372,0.0258593571525288,0.21394633005556
software,60,overlapping,1,logistic_group,23626,1.0,0.3764054062816823,0.3475488108519374,0.276117674310864,0.5921510183805265,0.1335503741953006,0.0258448113059671,0.1940344287996326
software,60,overlapping,1,logistic_time,23626,1.0,0.3855582124528165,0.3496616236505239,0.2704479437394894,0.5858585858585859,0.1402489564273372,0.0286248699550458,0.216715156570747
software,60,overlapping,1,logistic_time_group,23626,1.0,0.3754800871432449,0.3436873288194369,0.2754887218045113,0.6067229673787051,0.1321033448060489,0.0313588948225192,0.1971220350448368
software,60,overlapping,1,logistic_time_group_ticker,23626,1.0,0.3925154636243583,0.3728390445913139,0.2729357798165137,0.4729259811227024,0.1527981638735879,0.0277480211114075,0.1897776940179444
software,60,overlapping,1,majority_baseline,23626,1.0,0.3333333333333333,0.2476991009203596,0.0,0.0,,,0.1428328004441282
software,60,overlapping,1,ridge_current,23626,1.0,0.355761315363831,0.3386910382790764,0.2682164844252503,0.483358171882762,0.1141040107607132,0.0903814605325837,0.1784542536574079
software,60,overlapping,2,logistic_global,29151,1.0,0.3470809134062704,0.3358687870716478,0.4566944580676802,0.328651090562575,0.0097986984981982,0.0189022432847648,-0.0095564414003257
software,60,overlapping,2,logistic_group,29151,1.0,0.3576863171107644,0.3385120094411002,0.456048632218845,0.2647702407002188,0.0150647209255732,0.0145291633040381,-0.0076968416757178
software,60,overlapping,2,logistic_time,29151,1.0,0.3431881458518588,0.3286880170507386,0.44711636437742,0.3097338886143855,0.0074691196085281,0.0173482006480605,-0.007367356628543
software,60,overlapping,2,logistic_time_group,29151,1.0,0.3534604302776288,0.3311638647960847,0.4471647849803374,0.2488176748782381,0.0107332833152016,0.0145744259248027,-0.0054878483919801
software,60,overlapping,2,logistic_time_group_ticker,29151,1.0,0.3623752647901837,0.3272104740516972,0.4778461538461538,0.2192419001905837,0.011244974136952,0.0153602239482141,-0.0068069803060508
software,60,overlapping,2,majority_baseline,29151,1.0,0.3333333333333333,0.1736306669711038,0.0,0.0,,,0.0033190937089567
software,60,overlapping,2,ridge_current,29151,1.0,0.3217895823842145,0.2986171983527653,0.4182672934855608,0.219806592786052,0.0159654132076357,-0.0025703312436978,-0.000617635049225
software,60,overlapping,3,logistic_global,31940,1.0,0.3863306505036561,0.3750494554658974,0.406056338028169,0.2399101273196305,0.0355856970315201,0.0175226487188592,0.0476658690360115
software,60,overlapping,3,logistic_group,31940,1.0,0.3759408463891929,0.3692953410180417,0.3935993879892898,0.2568860780560872,0.0331339367439927,0.0127999842894727,0.0484717012227698
software,60,overlapping,3,logistic_time,31940,1.0,0.3953318162594736,0.375172709654154,0.4447733580018501,0.2000499292668719,0.0199670840087733,0.0205373213802738,0.0508760393918362
software,60,overlapping,3,logistic_time_group,31940,1.0,0.3845887434850885,0.3731492332764056,0.4173977695167286,0.2335857535158525,0.0272497857099677,0.0153325424938331,0.0500091055790072
software,60,overlapping,3,logistic_time_group_ticker,31940,1.0,0.4148184823698757,0.403256337420766,0.4490183660544648,0.2949987517683282,0.0444622916841498,0.0203752721547474,0.0447758506546579
software,60,overlapping,3,majority_baseline,31940,1.0,0.3333333333333333,0.2069064789624447,0.0,0.0,,,0.0391123385048925
software,60,overlapping,3,ridge_current,31940,1.0,0.3443999354051911,0.3192489487068999,0.3232459521973785,0.1395523009070483,0.0244593008789988,0.033181459222015,0.0453582268128766
software,60,overlapping,4,logistic_global,32697,1.0,0.3842141862054167,0.3226462384699505,0.3723161808804126,0.2834962096995159,0.3012649251760349,0.0566807114984557,0.1015499370660785
software,60,overlapping,4,logistic_group,32697,1.0,0.3906389768481607,0.3435124208270093,0.3794879923912182,0.4373002100648461,0.2249609148996459,0.0570284539997876,0.0949036598475346
software,60,overlapping,4,logistic_time,32697,1.0,0.3716414590073706,0.2974986278171126,0.3497267759562841,0.2162754589460224,0.3964669424646549,0.0597659593187459,0.0671400294723503
software,60,overlapping,4,logistic_time_group,32697,1.0,0.3765888504881447,0.3242196225188583,0.3621437686091025,0.3888026303772034,0.2660278017754567,0.0555505246631091,0.0568404957538898
software,60,overlapping,4,logistic_time_group_ticker,32697,1.0,0.392834964254344,0.3497888451200122,0.3760947129419397,0.4236003287971504,0.2596933543398653,0.051696501044571,0.0567045214674031
software,60,overlapping,4,majority_baseline,32697,1.0,0.3333333333333333,0.2241665144164078,0.0,0.0,,,0.1315483437828291
software,60,overlapping,4,ridge_current,32697,1.0,0.3211829332257425,0.2911602204897852,0.2680871362696772,0.1539866654488994,0.0670186725639313,0.0835467190660052,0.2035678054762136
software,60,overlapping,5,logistic_global,29015,1.0,0.4055460117216126,0.3742648911050694,0.4780844958939349,0.361109035199163,0.0510574883557855,-0.0342784017039335,0.1042074364530392
software,60,overlapping,5,logistic_group,29015,1.0,0.3888115792407446,0.3725681624450359,0.4672888967156819,0.3966071295119946,0.0529774374648121,-0.0513525849328484,0.0950176748573897
software,60,overlapping,5,logistic_time,29015,1.0,0.3938582707141247,0.3557703607944854,0.4468044575673873,0.3505717061505119,0.088278481651577,-0.0414581048816945,0.0821864061054265
software,60,overlapping,5,logistic_time_group,29015,1.0,0.3816329907137676,0.3593098851618646,0.4444444444444444,0.3817352963156715,0.0822366254995141,-0.048538258042085,0.0663427148856976
software,60,overlapping,5,logistic_time_group_ticker,29015,1.0,0.370533214447565,0.3433644340535864,0.4326186830015314,0.3800164412226291,0.1019499140955854,-0.0283934304917763,0.0266129360499755
software,60,overlapping,5,majority_baseline,29015,1.0,0.3333333333333333,0.1924375035753103,0.0,0.0,,,0.0415296495881275
software,60,overlapping,5,ridge_current,29015,1.0,0.4040394519195063,0.3052879218392204,0.5489208633093525,0.0570211493909274,-0.0467720517994806,-0.0334914211127023,0.0950856563217966
software,60,non_overlapping,0,logistic_global,2465,1.0,0.3475488078827397,0.3309053438940889,0.3341463414634146,0.2971800433839479,0.1066327317754773,0.0242438747224431,0.0526039038959909
software,60,non_overlapping,0,logistic_group,2465,1.0,0.3509325939170131,0.3433789164508028,0.3378076062639821,0.3275488069414317,0.1073472596009559,0.0187080814050899,0.0472365335185277
software,60,non_overlapping,0,logistic_time,2465,1.0,0.3385563082725589,0.3177066559775547,0.3166023166023166,0.2668112798264642,0.1260229296858977,0.0177201712766207,0.0463187529865406
software,60,non_overlapping,0,logistic_time_group,2465,1.0,0.3443833661010518,0.3332615837828445,0.3265306122448979,0.2950108459869848,0.1247533817586898,0.0153187602675834,0.0403135089199754
software,60,non_overlapping,0,logistic_time_group_ticker,2465,1.0,0.375748262655138,0.3595895068014183,0.3782771535580524,0.3286334056399132,0.1228978033496474,0.0182223607894022,0.0440634413462594
software,60,non_overlapping,0,majority_baseline,2465,1.0,0.3333333333333333,0.2105652696826718,0.0,0.0,,,0.0628455668803945
software,60,non_overlapping,0,ridge_current,2465,1.0,0.3117771163833462,0.2964435283542325,0.2962962962962963,0.1648590021691974,0.0358320223817599,0.0354828127660992,0.0870307394779029
software,60,non_overlapping,1,logistic_global,398,1.0,0.347338849085574,0.3284206011547184,0.2311827956989247,0.4343434343434343,0.1384329345811082,0.0222656851346086,0.0951876747156797
software,60,non_overlapping,1,logistic_group,398,1.0,0.3272273577950433,0.3114911484252587,0.234375,0.4545454545454545,0.1320469294044427,0.0212907166328711,0.0883291487495575
software,60,non_overlapping,1,logistic_time,398,1.0,0.3507058524525773,0.3310398340386345,0.2340425531914893,0.4444444444444444,0.1386498300343233,0.0152986154564524,0.0974388223944317
software,60,non_overlapping,1,logistic_time_group,398,1.0,0.3190984496661352,0.3035590418389172,0.2291666666666666,0.4444444444444444,0.1317164291201805,0.0214245426295374,0.0878605884580747
software,60,non_overlapping,1,logistic_time_group_ticker,398,1.0,0.3756607455297411,0.3646759914086647,0.2810457516339869,0.4343434343434343,0.1297234843305533,0.0233342636310344,0.1088628233489365
software,60,non_overlapping,1,majority_baseline,398,1.0,0.3333333333333333,0.2434875066454014,0.0,0.0,,,0.1018394111628416
software,60,non_overlapping,1,ridge_current,398,1.0,0.3554885515584205,0.3468588335446692,0.2430939226519337,0.4444444444444444,0.0863784459410648,-0.0125903605502447,0.1313143017772622
software,60,non_overlapping,2,logistic_global,497,1.0,0.2823596226745368,0.2823443271620706,0.2314814814814814,0.2590673575129533,0.1150563544861578,-0.0107761336182635,0.0167429493400816
software,60,non_overlapping,2,logistic_group,497,1.0,0.3296183034674483,0.3306405982604349,0.2556818181818182,0.233160621761658,0.1141511969817349,0.0092378253260153,0.0259004050562474
software,60,non_overlapping,2,logistic_time,497,1.0,0.2705776154582711,0.2672979467662531,0.2227488151658767,0.2435233160621761,0.1122526765659168,-0.0170599151399609,0.0283881190211691
software,60,non_overlapping,2,logistic_time_group,497,1.0,0.32915659926594,0.3229051427261147,0.2392638036809816,0.2020725388601036,0.116924422885842,0.0019706699720836,0.033614189332219
software,60,non_overlapping,2,logistic_time_group_ticker,497,1.0,0.3520887503130465,0.3339535198730601,0.2700729927007299,0.1917098445595854,0.1172636368189626,0.0184935024510336,0.0363199387443459
software,60,non_overlapping,2,majority_baseline,497,1.0,0.3333333333333333,0.1933333333333333,0.0,0.0,,,0.0539336680839809
software,60,non_overlapping,2,ridge_current,497,1.0,0.3323257719477759,0.3172162046019615,0.3739130434782609,0.2227979274611398,-0.0167094272879949,0.0311454233298991,0.0852581740174762
software,60,non_overlapping,3,logistic_global,534,1.0,0.3417587218373588,0.3119143194363824,0.2526315789473684,0.110091743119266,0.0852653765697001,0.003090368784194,0.0025391636507379
software,60,non_overlapping,3,logistic_group,534,1.0,0.3194782500156026,0.297008437008437,0.2434782608695652,0.128440366972477,0.0945961410867241,-0.0100638553672894,-0.002448753413699
software,60,non_overlapping,3,logistic_time,534,1.0,0.3519628034700119,0.3173805900657489,0.2738095238095238,0.1055045871559633,0.0941749171612152,0.005074009906331,0.0024001430326015
software,60,non_overlapping,3,logistic_time_group,534,1.0,0.335798539599326,0.3089713445368776,0.2772277227722772,0.128440366972477,0.0838309398304588,-0.0015568502927639,0.0027261640912399
software,60,non_overlapping,3,logistic_time_group_ticker,534,1.0,0.3679398364850527,0.3448082050506478,0.3703703703703703,0.1834862385321101,0.0763940368545032,0.0062461351310655,0.0008695212359238
software,60,non_overlapping,3,majority_baseline,534,1.0,0.3333333333333333,0.1932624113475177,0.0,0.0,,,0.0173523702138706
software,60,non_overlapping,3,ridge_current,534,1.0,0.3040004992822817,0.2740190148331869,0.2888888888888888,0.1192660550458715,0.0072435889429644,0.0146123925417351,0.0210754332736795
software,60,non_overlapping,4,logistic_global,548,1.0,0.418573259633101,0.3512900655757798,0.4509803921568627,0.3833333333333333,0.1703959634701168,0.0807000963760249,0.1514756050627073
software,60,non_overlapping,4,logistic_group,548,1.0,0.4157480840609895,0.353138585832425,0.4,0.4777777777777778,0.1595610813673744,0.0787601545389922,0.1386090817442816
software,60,non_overlapping,4,logistic_time,548,1.0,0.3732382707148389,0.2996812757722693,0.376068376068376,0.2444444444444444,0.2888788360342423,0.0640280073646719,0.11198595522679
software,60,non_overlapping,4,logistic_time_group,548,1.0,0.3930665705359288,0.3305012859369167,0.3730569948186528,0.4,0.2214570199134386,0.0654569386544526,0.0836761648004604
software,60,non_overlapping,4,logistic_time_group_ticker,548,1.0,0.3981054233757911,0.3495314486244846,0.4019138755980861,0.4666666666666667,0.2088854570646241,0.0626859223635532,0.0869094565934344
software,60,non_overlapping,4,majority_baseline,548,1.0,0.3333333333333333,0.2317460317460317,0.0,0.0,,,0.1249866264119953
software,60,non_overlapping,4,ridge_current,548,1.0,0.2876725680258484,0.2576139287035557,0.2772277227722772,0.1555555555555555,0.0350867809338108,0.1079385554755545,0.1878446420874476
software,60,non_overlapping,5,logistic_global,488,1.0,0.3928766909062475,0.3628855529414475,0.5176470588235295,0.3793103448275862,0.0156902851161518,-0.027784852390472,0.0727598098866786
software,60,non_overlapping,5,logistic_group,488,1.0,0.4058839627805145,0.3864538948447863,0.5,0.4224137931034483,0.027248164540089,-0.0582325125860744,0.0645196024820338
software,60,non_overlapping,5,logistic_time,488,1.0,0.3963914301352724,0.3541358002165213,0.4971751412429379,0.3793103448275862,0.0364904898674172,-0.0276285491366488,0.058357269472039
software,60,non_overlapping,5,logistic_time_group,488,1.0,0.3849030416764407,0.3601318405420775,0.483695652173913,0.3836206896551724,0.0454521843334333,-0.0461272102522566,0.0443864547242168
software,60,non_overlapping,5,logistic_time_group_ticker,488,1.0,0.409588318085855,0.3763581488933602,0.5103092783505154,0.4267241379310345,0.0547459413891871,-0.034982967340958,0.026592659155029
software,60,non_overlapping,5,majority_baseline,488,1.0,0.3333333333333333,0.1910331384015594,0.0,0.0,,,0.0201196039173005
software,60,non_overlapping,5,ridge_current,488,1.0,0.3938091328485417,0.2838894506235254,0.4230769230769231,0.0474137931034482,0.0182009625172255,-0.0318635733761717,0.0592959439949879
other,5,overlapping,0,logistic_global,148430,1.0,0.3958179352308271,0.3263122510169099,0.4080999726352275,0.2438988933510203,0.0093277625546171,0.002168204631352,0.0049746284859131
other,5,overlapping,0,logistic_group,148430,1.0,0.3952863952934058,0.3155682209276249,0.4102503728121811,0.284948483581981,0.0085232537992347,0.0022457279826209,0.005439701116221
other,5,overlapping,0,logistic_time,148430,1.0,0.3948278236828494,0.3237051611813518,0.4074477980562594,0.2308335301920735,0.0093296185897668,0.0021720161350585,0.0053060423811386
other,5,overlapping,0,logistic_time_group,148430,1.0,0.3943394403767334,0.3169538586150132,0.4095104211234032,0.243499118678563,0.0088453734103317,0.0022785289438449,0.0056736023970119
other,5,overlapping,0,logistic_time_group_ticker,148430,1.0,0.4005495352537422,0.3236847253075885,0.4202021923098767,0.2688848103796042,0.0079922576399926,0.0022611333838022,0.0064561304472716
other,5,overlapping,0,majority_baseline,148430,1.0,0.3333333333333333,0.1998660263607287,0.0,0.0,,,0.004329795419049
other,5,overlapping,0,ridge_current,148430,1.0,0.3520798930799398,0.3246561048721497,0.3618985663172117,0.2628336755646817,0.0031329358668288,0.0032374292321695,0.0071326958656824
other,5,overlapping,1,logistic_global,27804,1.0,0.4027098847884326,0.3414702195156531,0.3968782279352691,0.3337193591970662,0.0081617649845587,0.0016367308669727,-0.0022745887867523
other,5,overlapping,1,logistic_group,27804,1.0,0.4060862551623963,0.3334280248759296,0.4097342078011736,0.3436595251881876,0.0075318394316562,0.001704723454425,-0.0021234866175748
other,5,overlapping,1,logistic_time,27804,1.0,0.4043078682070655,0.3555785901455116,0.3964129684985054,0.332754294537734,0.006011288201212,0.001388593531275,0.0017325935728253
other,5,overlapping,1,logistic_time_group,27804,1.0,0.4064859634148461,0.3463239417905359,0.4076778144135657,0.334105385060799,0.0050383762775139,0.001737104725296,0.0025951664234253
other,5,overlapping,1,logistic_time_group_ticker,27804,1.0,0.4172036246440868,0.3539243368683313,0.4229934924078091,0.3575564562825709,0.0038632785574238,0.0015146585608209,0.0050655596960735
other,5,overlapping,1,majority_baseline,27804,1.0,0.3333333333333333,0.1995060234890871,0.0,0.0,,,0.0029160839108012
other,5,overlapping,1,ridge_current,27804,1.0,0.3533483514833233,0.3523010627909149,0.3704469826423239,0.397510133178923,0.000965792825482,-0.0016494646050756,0.0059490650606647
other,5,overlapping,2,logistic_global,28776,1.0,0.3862353034526902,0.3326438134185164,0.3682248351018067,0.2473273620340942,0.0138614018838804,0.0024823088015045,0.0046491252034003
other,5,overlapping,2,logistic_group,28776,1.0,0.3819728089267885,0.3163508288692616,0.371570754115095,0.2804584416835211,0.0132147109454113,0.002606634948855,0.0041245472008988
other,5,overlapping,2,logistic_time,28776,1.0,0.3874323528724612,0.3119551106717573,0.3746285289747399,0.1942598478281806,0.014360122917873,0.0022778688418519,0.0083410384437058
other,5,overlapping,2,logistic_time_group,28776,1.0,0.3861066132633535,0.309372338577166,0.3756226650062266,0.2323991139362419,0.0133895423323626,0.00248231468639,0.0074860797234299
other,5,overlapping,2,logistic_time_group_ticker,28776,1.0,0.3950692863246141,0.3206965955175818,0.3958898797983715,0.2950014446691708,0.0108412070818843,0.0026817347157836,0.0086604005846607
other,5,overlapping,2,majority_baseline,28776,1.0,0.3333333333333333,0.2001637364329775,0.0,0.0,,,0.0057540045583654
other,5,overlapping,2,ridge_current,28776,1.0,0.3420964755871976,0.3378519500617747,0.3399089529590288,0.3236058942502167,0.007457607196561,0.0035441460600889,0.005814342469931
other,5,overlapping,3,logistic_global,29697,1.0,0.400929988769427,0.3351108274427453,0.4467921628889743,0.1992120589242891,0.0022855321716209,-0.0001605413470158,0.0057216906575461
other,5,overlapping,3,logistic_group,29697,1.0,0.4009735787918821,0.3208320117335047,0.4430110072197893,0.3205721137375814,0.0015739075475057,0.0003228514994009,0.0096707570392346
other,5,overlapping,3,logistic_time,29697,1.0,0.3970271542356496,0.3177066829455265,0.4350212464589235,0.210431654676259,0.0052135292104373,-0.0003311362686927,0.0053284770000115
other,5,overlapping,3,logistic_time_group,29697,1.0,0.396420246575577,0.3123972899508951,0.4396715097915351,0.2384378211716341,0.0040405419031926,0.0003135038798672,0.005016725044771
other,5,overlapping,3,logistic_time_group_ticker,29697,1.0,0.3962508176251909,0.3133247214982126,0.4401883830455259,0.2401507365536142,0.0053837004599533,0.0002746376044399,0.0033454159607866
other,5,overlapping,3,majority_baseline,29697,1.0,0.3333333333333333,0.1961706948042174,0.0,0.0,,,0.0019105043575282
other,5,overlapping,3,ridge_current,29697,1.0,0.3481877816776118,0.3112858608349939,0.3950687421883876,0.2977903391572456,-0.0007255396979584,0.0013056096062609,0.0069872368185025
other,5,overlapping,4,logistic_global,30923,1.0,0.3876264240502577,0.2846221763484503,0.4329661193099148,0.1875731652408825,0.0063262875008608,0.0037627662822319,0.0086882487299617
other,5,overlapping,4,logistic_group,30923,1.0,0.387465714411622,0.2872664612162169,0.4283870967741935,0.2092751013057181,0.0058182067417532,0.0041106574222789,0.0070669137893089
other,5,overlapping,4,logistic_time,30923,1.0,0.3854728352130827,0.2779193877153801,0.4331037361719891,0.1868527690229626,0.0072299878164412,0.0040028068645097,0.0062780327485266
other,5,overlapping,4,logistic_time_group,30923,1.0,0.3863774455515079,0.2814135416253601,0.4362497474237219,0.1944169293111211,0.0061951030944318,0.004204901304281,0.0062399619552377
other,5,overlapping,4,logistic_time_group_ticker,30923,1.0,0.39111795807213,0.2930814089645615,0.4405444126074498,0.2215218370103557,0.005763670995683,0.0040910780251701,0.0071890499954142
other,5,overlapping,4,majority_baseline,30923,1.0,0.3333333333333333,0.1996224135326989,0.0,0.0,,,0.0047504650563509
other,5,overlapping,4,ridge_current,30923,1.0,0.3466592117648772,0.2859287261601581,0.3332356818514721,0.204862674470959,0.0040880401725882,0.0045125081626382,0.0063381016109026
other,5,overlapping,5,logistic_global,31230,1.0,0.4005146812445312,0.3279249710888456,0.4157272094641615,0.2596262494567579,0.013453536250252,0.0024218048199912,0.0085000710960095
other,5,overlapping,5,logistic_group,31230,1.0,0.3971542948687955,0.3159286308811698,0.4016110471806674,0.2730117340286832,0.0143075958759173,0.0019520384187301,0.0090136803775915
other,5,overlapping,5,logistic_time,31230,1.0,0.395328423295778,0.3421001072546317,0.4065504807692308,0.2352020860495436,0.0146008935697221,0.0028727335905601,0.0055909437468366
other,5,overlapping,5,logistic_time_group,31230,1.0,0.3931301252696382,0.3270894995830165,0.3957088122605364,0.2244241634072142,0.0159990376851753,0.0020721565539313,0.0069591633832992
other,5,overlapping,5,logistic_time_group_ticker,31230,1.0,0.4021853085396726,0.3316148077662844,0.4087817859254878,0.2403302911777488,0.0143766962873877,0.002227173992677,0.0081273932387544
other,5,overlapping,5,majority_baseline,31230,1.0,0.3333333333333333,0.2036089735035511,0.0,0.0,,,0.0061601224136712
other,5,overlapping,5,ridge_current,31230,1.0,0.3711175169999038,0.2772936380297142,0.3697151424287856,0.1071707953063885,0.0057671288900986,0.0042286944602131,0.0122026600956458
other,5,non_overlapping,0,logistic_global,29773,1.0,0.3990338629047552,0.3311329225064909,0.4120328167730173,0.2469945355191256,0.0094894316172851,0.0023873073902466,0.0064886898179061
other,5,non_overlapping,0,logistic_group,29773,1.0,0.3964786769846801,0.3180372397213667,0.4107840583485282,0.2872495446265938,0.008738802669919,0.0025081806334848,0.0071919332779901
other,5,non_overlapping,0,logistic_time,29773,1.0,0.3953335432465157,0.3259408651031701,0.4116624525916561,0.2372495446265938,0.0086651297277298,0.0025910836229531,0.0070599496193403
other,5,non_overlapping,0,logistic_time_group,29773,1.0,0.3960043865418303,0.3203772715800544,0.4150857489755653,0.2490892531876138,0.0085881741794299,0.0026533856617699,0.007376478329448
other,5,non_overlapping,0,logistic_time_group_ticker,29773,1.0,0.4018896581881894,0.3262573120002367,0.4184307084391758,0.2700364298724954,0.0082173906812032,0.002367983138218,0.0085514956449324
other,5,non_overlapping,0,majority_baseline,29773,1.0,0.3333333333333333,0.2002757021789871,0.0,0.0,,,0.0048131284127498
other,5,non_overlapping,0,ridge_current,29773,1.0,0.3517646070628717,0.3248648060103651,0.3574204517852805,0.2680327868852459,0.0037139445610199,0.0034122363332739,0.0080519919915392
other,5,non_overlapping,1,logistic_global,5577,1.0,0.4005521644932046,0.340779496617906,0.4002205071664829,0.3405253283302064,0.0096570573004178,0.0009997811281189,-0.0063628441500294
other,5,non_overlapping,1,logistic_group,5577,1.0,0.4060102389310098,0.335363453388426,0.4133333333333333,0.348968105065666,0.008402143643315,0.0008260092256095,-0.0047280934981028
other,5,non_overlapping,1,logistic_time,5577,1.0,0.4124013513213047,0.3671245856084124,0.4195953141640042,0.3696060037523452,0.0013201881018992,0.0009384819345133,0.0068253339411736
other,5,non_overlapping,1,logistic_time_group,5577,1.0,0.4129854216207057,0.3548161829996203,0.4255681818181818,0.351313320825516,0.0018364381284245,0.0006936533687076,0.0075982050222375
other,5,non_overlapping,1,logistic_time_group_ticker,5577,1.0,0.4222597630799568,0.3629351574367173,0.4386740331491712,0.3724202626641651,0.0012507632539192,0.0006539595890918,0.009009757691612
other,5,non_overlapping,1,majority_baseline,5577,1.0,0.3333333333333333,0.1957356976989656,0.0,0.0,,,0.002393855281245
other,5,non_overlapping,1,ridge_current,5577,1.0,0.3465871223294896,0.3452340679727654,0.3684210526315789,0.4038461538461538,0.0021085714679849,-0.00286021085759,0.0042157421669757
other,5,non_overlapping,2,logistic_global,5772,1.0,0.3879416336938218,0.3351055846586588,0.3815789473684211,0.2636363636363636,0.0127447111448694,0.0024435510138699,0.0054963440469842
other,5,non_overlapping,2,logistic_group,5772,1.0,0.3766511491887831,0.3130148809652447,0.386052303860523,0.2966507177033493,0.0112249342370929,0.0030665175131925,0.0054318426067134
other,5,non_overlapping,2,logistic_time,5772,1.0,0.3855091911046304,0.3106860427144111,0.3869485294117647,0.2014354066985646,0.013725492471877,0.0026383307081631,0.0076919707449447
other,5,non_overlapping,2,logistic_time_group,5772,1.0,0.3831688500222762,0.3097735774489146,0.3919636087945413,0.2473684210526315,0.0120712124425497,0.0029358379125967,0.0072735697151471
other,5,non_overlapping,2,logistic_time_group_ticker,5772,1.0,0.3920966919937809,0.3187780683896408,0.395900064061499,0.2956937799043062,0.0099129695262466,0.0025969225263598,0.0105496000075631
other,5,non_overlapping,2,majority_baseline,5772,1.0,0.3333333333333333,0.1999595714574489,0.0,0.0,,,0.0057245875274247
other,5,non_overlapping,2,ridge_current,5772,1.0,0.3368786467791889,0.3335689668313388,0.3435225618631732,0.338755980861244,0.0062191451457899,0.0040444403323578,0.0064636161159583
other,5,non_overlapping,3,logistic_global,5957,1.0,0.4102713476558348,0.3393815106857065,0.4345703125,0.1971643774922463,0.0014737204656885,0.000779077500557,0.0104630227772332
other,5,non_overlapping,3,logistic_group,5957,1.0,0.414068650128497,0.3262670715541617,0.439691027926322,0.3278688524590163,0.0008191355786641,0.0013589514554021,0.0194336338009263
other,5,non_overlapping,3,logistic_time,5957,1.0,0.4002877219643836,0.3132124581861368,0.410414827890556,0.2060256978289765,0.0078908204228398,0.0005073577812084,0.0090033937002829
other,5,non_overlapping,3,logistic_time_group,5957,1.0,0.4047081842318349,0.3119368409539631,0.4273301737756714,0.2396987151085511,0.0058723357634872,0.001613561584108,0.0082930273058417
other,5,non_overlapping,3,logistic_time_group_ticker,5957,1.0,0.4029864109192301,0.312656050594487,0.4243599689681924,0.2423571112095702,0.0063449838686242,0.0014071508760712,0.0082299133570768
other,5,non_overlapping,3,majority_baseline,5957,1.0,0.3333333333333333,0.205205670462468,0.0,0.0,,,0.0036702040899523
other,5,non_overlapping,3,ridge_current,5957,1.0,0.3587623759911302,0.3166709404238094,0.3915461624026696,0.311918475852902,-0.0009786554876547,0.0027872022848218,0.0122979169315217
other,5,non_overlapping,4,logistic_global,6203,1.0,0.3914674666961653,0.2934851785221941,0.4325185972369819,0.1855905152758778,0.0086057155850639,0.0040414697809239,0.0170358403954229
other,5,non_overlapping,4,logistic_group,6203,1.0,0.3886039999391712,0.2927146968879388,0.4122562674094707,0.2024623803009576,0.0096593206799037,0.0043802357012581,0.0129693959970958
other,5,non_overlapping,4,logistic_time,6203,1.0,0.3866319537559305,0.2821680589648434,0.4308342133051742,0.1860465116279069,0.0098056092285777,0.0047161105770507,0.0123158428055304
other,5,non_overlapping,4,logistic_time_group,6203,1.0,0.3850325932482095,0.2847188599789625,0.4208924949290061,0.1892384860921112,0.0098996663553015,0.0049285028337701,0.0100561443992555
other,5,non_overlapping,4,logistic_time_group_ticker,6203,1.0,0.3921228163388515,0.297359990631778,0.4278026905829596,0.2175102599179206,0.010801133539423,0.0045844121098947,0.0096929270496756
other,5,non_overlapping,4,majority_baseline,6203,1.0,0.3333333333333333,0.1983389958474896,0.0,0.0,,,0.0062882500965219
other,5,non_overlapping,4,ridge_current,6203,1.0,0.3400403389342785,0.2829923469808342,0.3123628383321141,0.1947104423164614,0.0067043293707404,0.0053434698545586,0.0089086898922393
other,5,non_overlapping,5,logistic_global,6264,1.0,0.3971802625848213,0.3311047190074063,0.4289919058130979,0.2525996533795493,0.0124585032718255,0.0027460687989648,0.0069011370400087
other,5,non_overlapping,5,logistic_group,6264,1.0,0.3929297154871272,0.3165032392850344,0.4007936507936508,0.2625649913344887,0.0146585518556558,0.0021804287389536,0.0054280010450264
other,5,non_overlapping,5,logistic_time,6264,1.0,0.3862456290160844,0.338487475120333,0.4079563182527301,0.2266031195840554,0.0149719815707993,0.0031018085834218,0.003824399586567
other,5,non_overlapping,5,logistic_time_group,6264,1.0,0.3908649838879526,0.3297723349407752,0.4077901430842607,0.2222703639514731,0.0160874175259231,0.0020284064625788,0.0055488721790059
other,5,non_overlapping,5,logistic_time_group_ticker,6264,1.0,0.3976433009776727,0.3307182218875992,0.4035087719298245,0.2292027729636048,0.015460301558984,0.0017112051311775,0.0067456748688447
other,5,non_overlapping,5,majority_baseline,6264,1.0,0.3333333333333333,0.2017368069472278,0.0,0.0,,,0.0057533526514096
other,5,non_overlapping,5,ridge_current,6264,1.0,0.375188074688148,0.2829157882212897,0.3621460506706408,0.1052859618717504,0.0080924503223327,0.0030044842866057,0.0127882449011762
other,20,overlapping,0,logistic_global,147095,1.0,0.3842859264777434,0.3230951670894527,0.3704462251350451,0.2784030784030784,0.035449917617718,0.0086980347500746,0.0265335768630452
other,20,overlapping,0,logistic_group,147095,1.0,0.3899630765490076,0.3155495931561727,0.3789292208865692,0.3087061087061087,0.0332329481667199,0.0092707748011221,0.0304448326884961
other,20,overlapping,0,logistic_time,147095,1.0,0.3845553396121526,0.3171661106379287,0.3718564336290388,0.2637229437229437,0.0343201373704571,0.0092806245466976,0.0291992052838211
other,20,overlapping,0,logistic_time_group,147095,1.0,0.38847694012158,0.3112999588892646,0.3773747841105354,0.2858682058682059,0.033204933639924,0.0096880704241176,0.031616945119657
other,20,overlapping,0,logistic_time_group_ticker,147095,1.0,0.3951382170838529,0.318464844075876,0.3914700498959456,0.3003944203944204,0.0337912873748702,0.0096329238299097,0.030226507845774
other,20,overlapping,0,majority_baseline,147095,1.0,0.3333333333333333,0.2112444502238487,0.0,0.0,,,0.0197142956597597
other,20,overlapping,0,ridge_current,147095,1.0,0.3454790847305198,0.330596534250085,0.3321829163071613,0.2740740740740741,0.0141634249230104,0.0129091325180314,0.0305317864925395
other,20,overlapping,1,logistic_global,27804,1.0,0.3915191572391003,0.3425394476303078,0.3497824123491255,0.450936805335027,0.0286619017601418,-0.0004327555811532,0.0252928385127273
other,20,overlapping,1,logistic_group,27804,1.0,0.3941337449999566,0.3277327428926493,0.3525977322728042,0.4410924102889806,0.030097013097449,-9.2364470886974e-05,0.0302929039466971
other,20,overlapping,1,logistic_time,27804,1.0,0.388439296363034,0.346370383398438,0.347284423092582,0.4514660738858897,0.0260479408894524,-0.000933949980978,0.0290906485795798
other,20,overlapping,1,logistic_time_group,27804,1.0,0.3950732785773177,0.335331934439475,0.3530271757825937,0.434529480258283,0.0269980712999512,0.0004058782640961,0.0349603796611602
other,20,overlapping,1,logistic_time_group_ticker,27804,1.0,0.4057672275416409,0.3399214114878471,0.3681769532643596,0.4369641155922515,0.0264678517181081,0.001955290395968,0.0355793061295653
other,20,overlapping,1,majority_baseline,27804,1.0,0.3333333333333333,0.2166545277980092,0.0,0.0,,,0.0173097811421518
other,20,overlapping,1,ridge_current,27804,1.0,0.3405690072985703,0.337647069718819,0.3265323916644869,0.3964221445961681,0.0112799008620767,-0.0023608354723839,0.0264523448206077
other,20,overlapping,2,logistic_global,28776,1.0,0.3656168287129708,0.3249076388209602,0.3507763082231167,0.3090172239108409,0.03367174311875,0.0109665200694869,0.0246184505270363
other,20,overlapping,2,logistic_group,28776,1.0,0.3748923686450902,0.3150217821373891,0.3526519510409038,0.3415400202634245,0.033382208652896,0.0112027085475942,0.0258838197246854
other,20,overlapping,2,logistic_time,28776,1.0,0.3661763021141559,0.3163806668150878,0.3508841382950646,0.2694022289766971,0.0239317418228167,0.0122408207613203,0.0370047603371174
other,20,overlapping,2,logistic_time_group,28776,1.0,0.372734892812425,0.310985470006668,0.3527771581530225,0.3204660587639311,0.0248242046013229,0.0122589601889438,0.0400303818256619
other,20,overlapping,2,logistic_time_group_ticker,28776,1.0,0.3868908035150633,0.3162098710791142,0.3831644751023927,0.3601823708206687,0.0298555362727467,0.0128954258715748,0.0314480833728545
other,20,overlapping,2,majority_baseline,28776,1.0,0.3333333333333333,0.2123386619301361,0.0,0.0,,,0.0212050403388466
other,20,overlapping,2,ridge_current,28776,1.0,0.3179564605649336,0.3166396690088484,0.2886065489102365,0.283080040526849,0.025058518561902,0.0112843760680641,0.0231407833296331
other,20,overlapping,3,logistic_global,29697,1.0,0.3841471896950084,0.323087849895698,0.4045622928446091,0.1689877025816434,0.0218752758057349,-0.0040378412891292,0.0184026620981987
other,20,overlapping,3,logistic_group,29697,1.0,0.396292718719574,0.3287068796666839,0.448642266824085,0.2475771642641909,0.0081762113135269,0.000319115277321,0.0258707769762973
other,20,overlapping,3,logistic_time,29697,1.0,0.3913372757337734,0.319210155165628,0.4301119867274989,0.1689062627249776,0.0195504313367347,-0.0027287124528527,0.02123850626285
other,20,overlapping,3,logistic_time_group,29697,1.0,0.3937457405836384,0.3152288426960966,0.4452327392282402,0.2095447512012379,0.0143076486435767,0.0013210206308373,0.0192597725311375
other,20,overlapping,3,logistic_time_group_ticker,29697,1.0,0.3913586415295797,0.3163700885736918,0.4404196033437141,0.218828894861145,0.0171201553928074,0.0010407942247856,0.0166395866828733
other,20,overlapping,3,majority_baseline,29697,1.0,0.3333333333333333,0.1944311929523264,0.0,0.0,,,0.0080409788833747
other,20,overlapping,3,ridge_current,29697,1.0,0.3522764951242425,0.3298337660937405,0.4140979411422589,0.2899258897304341,0.0013553451142819,0.0049932479221822,0.0179516983152502
other,20,overlapping,4,logistic_global,30923,1.0,0.3954544537691051,0.2922125868628388,0.4371652981078186,0.2360026982750313,0.0217337447125488,0.0178586380755096,0.0359363115967402
other,20,overlapping,4,logistic_group,30923,1.0,0.3946353673302241,0.2918752419293323,0.4338855892466395,0.2675146959622241,0.023520535388905,0.0188789697007673,0.0275550690052453
other,20,overlapping,4,logistic_time,30923,1.0,0.389307115222884,0.2733146641888627,0.4402597402597402,0.1960104076322636,0.0265426738063814,0.0183717442379107,0.028986693611103
other,20,overlapping,4,logistic_time_group,30923,1.0,0.3891012394038571,0.2769312696442924,0.4434262948207171,0.2145128649898814,0.0265395204874739,0.0189369701545342,0.024724879129164
other,20,overlapping,4,logistic_time_group_ticker,30923,1.0,0.3930747929363392,0.2880856807023859,0.4289198606271777,0.2372554688252867,0.0272107074321985,0.0177642286484279,0.0283761824382885
other,20,overlapping,4,majority_baseline,30923,1.0,0.3333333333333333,0.2150019353095399,0.0,0.0,,,0.0208423559274016
other,20,overlapping,4,ridge_current,30923,1.0,0.3369540098162302,0.3031533981682102,0.306577834179357,0.279367832706948,0.019005811233148,0.0188995075794291,0.0265883650719175
other,20,overlapping,5,logistic_global,29895,1.0,0.3965183851072638,0.317762218005005,0.3535407725321888,0.2635472905418916,0.0682550156416406,0.011848517771189,0.0378595084738907
other,20,overlapping,5,logistic_group,29895,1.0,0.3962222277050866,0.3091933221786465,0.3453542094455852,0.2690461907618476,0.06757049507778,0.0107506365176404,0.0441459032328333
other,20,overlapping,5,logistic_time,29895,1.0,0.3967202375341907,0.3150585753289971,0.3538359788359788,0.2674465106978604,0.0723446758101233,0.011807135323998,0.0325685511732034
other,20,overlapping,5,logistic_time_group,29895,1.0,0.3989280809134569,0.3110310355222299,0.3497932071688181,0.2790441911617676,0.0695481841560906,0.0099815726477299,0.042628121727851
other,20,overlapping,5,logistic_time_group_ticker,29895,1.0,0.4060858022469958,0.3252697016428114,0.3682468220338983,0.2780443911217756,0.0679689044832681,0.0103593152960642,0.0437921024382764
other,20,overlapping,5,majority_baseline,29895,1.0,0.3333333333333333,0.2172056590440966,0.0,0.0,,,0.0309448336565545
other,20,overlapping,5,ridge_current,29895,1.0,0.3745288566777776,0.3141695080207907,0.3388586956521739,0.1246750649870025,0.0119670100055418,0.0168474931818674,0.0595657676889302
other,20,non_overlapping,0,logistic_global,7382,1.0,0.3848872404217556,0.3253341956081101,0.3596300326441785,0.2567987567987568,0.0304795900371794,0.008876174542709,0.0325467144999455
other,20,non_overlapping,0,logistic_group,7382,1.0,0.388534659619878,0.3157809513370143,0.363235294117647,0.2878787878787879,0.0284695795576877,0.0089966956733196,0.0395524783451101
other,20,non_overlapping,0,logistic_time,7382,1.0,0.3863680819275093,0.3222099467104716,0.3706847764572722,0.2544677544677545,0.0266379750787321,0.0109132688000156,0.0337717079748379
other,20,non_overlapping,0,logistic_time_group,7382,1.0,0.3878640467422922,0.313934032081671,0.3671218487394957,0.2715617715617716,0.0290613553969462,0.0101766703248756,0.0361644628914229
other,20,non_overlapping,0,logistic_time_group_ticker,7382,1.0,0.3942300021265106,0.3200918728367042,0.3745473357475427,0.2812742812742813,0.0280492495818834,0.0103663350623732,0.0362837176232919
other,20,non_overlapping,0,majority_baseline,7382,1.0,0.3333333333333333,0.2108188217858466,0.0,0.0,,,0.0196099701817528
other,20,non_overlapping,0,ridge_current,7382,1.0,0.3368858160937194,0.3235161539230825,0.3059768064228367,0.2665112665112665,0.0192510024612243,0.0123301951129897,0.0269135028134352
other,20,non_overlapping,1,logistic_global,1395,1.0,0.3698222582923613,0.3285605499719776,0.290448343079922,0.3246187363834422,0.0289276411738083,-0.0028565174832549,0.0103315478191696
other,20,non_overlapping,1,logistic_group,1395,1.0,0.3657938912459633,0.3084841294163107,0.2922201138519924,0.3355119825708061,0.0286835604632032,-0.0054187633917274,0.0203791114502755
other,20,non_overlapping,1,logistic_time,1395,1.0,0.3809157515152506,0.3459918125064487,0.3153988868274582,0.3703703703703703,0.015685476323808,0.0006310043144784,0.0229715899426788
other,20,non_overlapping,1,logistic_time_group,1395,1.0,0.3780192294917672,0.3248055706535421,0.3097514340344168,0.3529411764705882,0.0201428547478735,-0.002570665136287,0.0297441189916885
other,20,non_overlapping,1,logistic_time_group_ticker,1395,1.0,0.4008518842636316,0.3413717995165275,0.3392156862745098,0.3769063180827887,0.0167295497760257,0.0001961810011678,0.0317563333533731
other,20,non_overlapping,1,majority_baseline,1395,1.0,0.3333333333333333,0.2134502923976608,0.0,0.0,,,0.0118287083891049
other,20,non_overlapping,1,ridge_current,1395,1.0,0.3259299693756817,0.3190031810533585,0.3046875,0.4248366013071895,0.018295879911108,-0.00686428904346,0.0092491573014585
other,20,non_overlapping,2,logistic_global,1445,1.0,0.37273558028275,0.3311839411903525,0.3333333333333333,0.2955974842767295,0.028884384414533,0.0129512694854738,0.0416738284286502
other,20,non_overlapping,2,logistic_group,1445,1.0,0.3810536975479153,0.3151544773245653,0.329938900203666,0.3396226415094339,0.0340428591619458,0.0131850021820593,0.0399212353478638
other,20,non_overlapping,2,logistic_time,1445,1.0,0.3670687870322685,0.318976571278975,0.3375959079283887,0.2767295597484276,0.0234028845060888,0.0156666230173841,0.0465679101982283
other,20,non_overlapping,2,logistic_time_group,1445,1.0,0.3794653307739126,0.3122351438518457,0.3354700854700854,0.3291404612159329,0.0319043048207339,0.0143976739114978,0.0424777824761731
other,20,non_overlapping,2,logistic_time_group_ticker,1445,1.0,0.378898304643892,0.3039228008037742,0.3449691991786447,0.3522012578616352,0.0303851665448196,0.0157756012527536,0.0447624968532201
other,20,non_overlapping,2,majority_baseline,1445,1.0,0.3333333333333333,0.2152452358637925,0.0,0.0,,,0.0247314658291757
other,20,non_overlapping,2,ridge_current,1445,1.0,0.3334373748250802,0.3322223354268003,0.2818371607515658,0.2830188679245283,0.0270100830214597,0.0152369873904447,0.0275356305209013
other,20,non_overlapping,3,logistic_global,1490,1.0,0.4067019432073144,0.3574564865653188,0.4848484848484848,0.1857379767827529,-0.0100122626172743,-0.0053823053869982,0.0387021448637412
other,20,non_overlapping,3,logistic_group,1490,1.0,0.420945754603897,0.3620867400353791,0.4982817869415807,0.2404643449419568,-0.0176510345338018,-0.0005535860128079,0.0524118036541614
other,20,non_overlapping,3,logistic_time,1490,1.0,0.4175934419065896,0.353295819178001,0.5170731707317073,0.175787728026534,-0.0122843228462268,-0.0027168674261905,0.0400020867168343
other,20,non_overlapping,3,logistic_time_group,1490,1.0,0.416717870206795,0.3477380131455843,0.504,0.208955223880597,-0.0136486059154108,0.0016124560513256,0.044909071766379
other,20,non_overlapping,3,logistic_time_group_ticker,1490,1.0,0.4135690700002896,0.3448939235836927,0.4732824427480916,0.2056384742951907,-0.0022581546726225,0.0019950924042508,0.0355785618212879
other,20,non_overlapping,3,majority_baseline,1490,1.0,0.3333333333333333,0.1976707585772741,0.0,0.0,,,0.010646069594025
other,20,non_overlapping,3,ridge_current,1490,1.0,0.3357100190924699,0.3176041791732118,0.3912037037037037,0.2802653399668325,0.0043882528440335,0.0059036961570193,0.0224719535225739
other,20,non_overlapping,4,logistic_global,1552,1.0,0.3920691039238258,0.2846872583776325,0.4055944055944055,0.2287968441814595,0.0315510563357946,0.0195174113832596,0.0424086696771065
other,20,non_overlapping,4,logistic_group,1552,1.0,0.3974843961765755,0.2913551549367783,0.4174454828660436,0.2642998027613412,0.0303904255972928,0.0208869742631054,0.0350886378435974
other,20,non_overlapping,4,logistic_time,1552,1.0,0.3864401159993071,0.271586213658447,0.4291845493562232,0.1972386587771203,0.0333022625950976,0.0210178224797567,0.0347238131195228
other,20,non_overlapping,4,logistic_time_group,1552,1.0,0.3874201544539072,0.2776152880447999,0.4196078431372549,0.2110453648915187,0.0405774929778144,0.0205518158171309,0.0253010090683875
other,20,non_overlapping,4,logistic_time_group_ticker,1552,1.0,0.3908075185705952,0.2866378277471006,0.409556313993174,0.2366863905325443,0.0334212297153961,0.0200073639662298,0.0356126893795013
other,20,non_overlapping,4,majority_baseline,1552,1.0,0.3333333333333333,0.2148471615720524,0.0,0.0,,,0.0243898656031806
other,20,non_overlapping,4,ridge_current,1552,1.0,0.3183680026637657,0.2884683842933536,0.2622950819672131,0.252465483234714,0.0240790459572908,0.0192451109902022,0.0340107248888985
other,20,non_overlapping,5,logistic_global,1500,1.0,0.393221747388414,0.3045085066201923,0.3714285714285714,0.2708333333333333,0.0577993311983835,0.01147184583038,0.0265851704579068
other,20,non_overlapping,5,logistic_group,1500,1.0,0.3855240438573772,0.2938418862427537,0.3560975609756097,0.2765151515151515,0.0527506988235725,0.0101667683772707,0.0392025035944885
other,20,non_overlapping,5,logistic_time,1500,1.0,0.3921382629715963,0.303108835270074,0.3684210526315789,0.2784090909090909,0.0607096776504389,0.0118987804352312,0.0179286576823484
other,20,non_overlapping,5,logistic_time_group,1500,1.0,0.3874848916515583,0.2994357855724658,0.3602941176470588,0.2784090909090909,0.0562053523432702,0.0106030127388989,0.0297851322816388
other,20,non_overlapping,5,logistic_time_group_ticker,1500,1.0,0.3989586031252698,0.3151139769482903,0.3648293963254593,0.2632575757575757,0.0569259033236128,0.0089830979535003,0.0356480514185654
other,20,non_overlapping,5,majority_baseline,1500,1.0,0.3333333333333333,0.2125340599455041,0.0,0.0,,,0.0258713789630037
other,20,non_overlapping,5,ridge_current,1500,1.0,0.3813120521453855,0.3119008030910495,0.2906403940886699,0.1117424242424242,0.0239766253787984,0.0133237506440808,0.046775374955801
other,60,overlapping,0,logistic_global,143535,1.0,0.3882379755795075,0.3462503549222479,0.3406155387597743,0.3482152797880157,0.083059237659826,0.0285997792956816,0.1000021675863933
other,60,overlapping,0,logistic_group,143535,1.0,0.3895987488759386,0.3295420762402066,0.3339838930390111,0.3315148411231601,0.0959876646583377,0.0278441733535191,0.1020181574301526
other,60,overlapping,0,logistic_time,143535,1.0,0.3844688092930666,0.3391398485899633,0.3352052627959749,0.325636286713131,0.0886106834545217,0.0296825561195859,0.0956084084816413
other,60,overlapping,0,logistic_time_group,143535,1.0,0.3870764466515008,0.3261818815117743,0.3321107347272515,0.3165512480794495,0.098168786798812,0.0288447536896045,0.0993514742691362
other,60,overlapping,0,logistic_time_group_ticker,143535,1.0,0.3967552544921697,0.3362988816743364,0.3545830294189156,0.3247455966510054,0.0989098348486439,0.0273442505936697,0.1045756847090815
other,60,overlapping,0,majority_baseline,143535,1.0,0.3333333333333333,0.2183628563888017,0.0,0.0,,,0.0628575396622022
other,60,overlapping,0,ridge_current,143535,1.0,0.3459481336975826,0.3384473728263257,0.2868292197946959,0.2569640829232448,0.040207281921576,0.034836107415869,0.0983544874554112
other,60,overlapping,1,logistic_global,27804,1.0,0.4093556450513866,0.3732306988925286,0.340337224383917,0.609877977919814,0.0539519603413893,-0.0192156022882198,0.2264480023464732
other,60,overlapping,1,logistic_group,27804,1.0,0.4160649475880706,0.3678268945468241,0.3405895367925202,0.5545613015688553,0.0641999449164004,-0.0112741897429552,0.2372091888882752
other,60,overlapping,1,logistic_time,27804,1.0,0.4103956518813272,0.3740275430172107,0.3418990106642682,0.6184776292852993,0.0516217983834507,-0.0175964774907194,0.2294584775644739
other,60,overlapping,1,logistic_time_group,27804,1.0,0.4159303408378195,0.367883845104562,0.3414703377803009,0.5592097617664149,0.0626155553982792,-0.0107881059118786,0.2404161040364132
other,60,overlapping,1,logistic_time_group_ticker,27804,1.0,0.4179814628521704,0.3648320472675637,0.3508583690987124,0.5320162696106915,0.067540978245181,-0.0011496659205887,0.2260165488323381
other,60,overlapping,1,majority_baseline,27804,1.0,0.3333333333333333,0.2287014940654805,0.0,0.0,,,0.0721496047031766
other,60,overlapping,1,ridge_current,27804,1.0,0.3647603625712647,0.3546062025106283,0.3303989214053454,0.484137129575828,0.0309765364771757,-0.0094629035990829,0.1256252697031117
other,60,overlapping,2,logistic_global,28776,1.0,0.331156626883884,0.3164847201861516,0.3148571428571428,0.3953869810353664,0.0606786052508401,0.035124359573504,0.0262301374255843
other,60,overlapping,2,logistic_group,28776,1.0,0.3448981584817852,0.3016226046932413,0.3200780451546966,0.3531522296258329,0.073972300184647,0.0301505746690505,0.0149847956235061
other,60,overlapping,2,logistic_time,28776,1.0,0.3305934690990162,0.3161544386029593,0.3139629388816645,0.3960020502306509,0.0535420907161913,0.03436525376471,0.0372143826539615
other,60,overlapping,2,logistic_time_group,28776,1.0,0.3426323489075079,0.3027339411815409,0.318007662835249,0.3573552024602768,0.0648528866593691,0.0303116317455497,0.0299269096534347
other,60,overlapping,2,logistic_time_group_ticker,28776,1.0,0.3557416807196898,0.310840619725011,0.3517908809737604,0.3614556637621732,0.071900284377239,0.0326429488208545,0.0185283357163163
other,60,overlapping,2,majority_baseline,28776,1.0,0.3333333333333333,0.2098068633754852,0.0,0.0,,,0.0433889228499292
other,60,overlapping,2,ridge_current,28776,1.0,0.2955211359286129,0.2943566589331304,0.2456016889514426,0.2146591491542798,0.0742631393054201,0.0298355244778361,0.0305775733759694
other,60,overlapping,3,logistic_global,29697,1.0,0.4029556422206148,0.3814420703151908,0.3936059479553903,0.2491294117647058,0.0318006778843184,-0.0023807288101811,0.059810849890452
other,60,overlapping,3,logistic_group,29697,1.0,0.4030089029001392,0.3647576817261224,0.3892744479495268,0.2322823529411764,0.0521457513964817,0.0024014800622093,0.0547520054053979
other,60,overlapping,3,logistic_time,29697,1.0,0.4043245071705213,0.3702439549625362,0.4036640592836558,0.1845647058823529,0.032898441376386,-0.0006953448701155,0.0604597821828992
other,60,overlapping,3,logistic_time_group,29697,1.0,0.4054158727836698,0.3616462191428501,0.4054164121360212,0.1873882352941176,0.046292824641277,0.0038219333516097,0.057616743909731
other,60,overlapping,3,logistic_time_group_ticker,29697,1.0,0.4074714097535496,0.3659456767940361,0.4205625237552261,0.2082823529411764,0.0347898668745656,0.0045744931406594,0.0637322391282055
other,60,overlapping,3,majority_baseline,29697,1.0,0.3333333333333333,0.1931888841058019,0.0,0.0,,,0.027876664670969
other,60,overlapping,3,ridge_current,29697,1.0,0.366090307767918,0.358260313557889,0.3787837837837838,0.2638117647058823,-0.0029829382765234,0.0155992952326591,0.0568437151585208
other,60,overlapping,4,logistic_global,30923,1.0,0.394818904175978,0.2911127130382213,0.397223705285638,0.2612359550561798,0.064558752974779,0.0568321458750042,0.0870708534671533
other,60,overlapping,4,logistic_group,30923,1.0,0.3938034726118203,0.2889517350899682,0.3813654618473895,0.2778558052434457,0.0633049162142403,0.0577687284474794,0.0839140283233231
other,60,overlapping,4,logistic_time,30923,1.0,0.3874829312477841,0.2766472428816454,0.4101225601452564,0.2114934456928839,0.070712893730173,0.0584534096198754,0.0712282011323836
other,60,overlapping,4,logistic_time_group,30923,1.0,0.3852412054359254,0.2741072584397118,0.3789512830048345,0.2385299625468165,0.0749408635296644,0.0581508270437085,0.0640600590200087
other,60,overlapping,4,logistic_time_group_ticker,30923,1.0,0.3960619259576968,0.2953449204795285,0.3772179974651457,0.2786750936329588,0.0763933592161899,0.0537062244376098,0.0816612424409619
other,60,overlapping,4,majority_baseline,30923,1.0,0.3333333333333333,0.2254515880489684,0.0,0.0,,,0.0616919394889579
other,60,overlapping,4,ridge_current,30923,1.0,0.3034819986099871,0.2793909878395663,0.1885307750350328,0.2047050561797752,0.0584349706776622,0.0540906179206916,0.0765146946425203
other,60,overlapping,5,logistic_global,26335,1.0,0.4033740661007883,0.3212206303243256,0.2804816008139732,0.2241192411924119,0.2817475539555596,0.0304976057247804,0.1699752382906074
other,60,overlapping,5,logistic_group,26335,1.0,0.3877565104523882,0.296592841955346,0.252694114396242,0.2478319783197832,0.256769227006955,0.031374292298498,0.1752375584307146
other,60,overlapping,5,logistic_time,26335,1.0,0.3900634178488362,0.2979446101121439,0.2573540736177422,0.2264227642276422,0.2975681274110552,0.0312465986194715,0.1414881433321867
other,60,overlapping,5,logistic_time_group,26335,1.0,0.3873878556643556,0.2873888119449747,0.2531492897346556,0.2559620596205962,0.26513577362835,0.0325349197922053,0.1623317496456625
other,60,overlapping,5,logistic_time_group_ticker,26335,1.0,0.4097364041620926,0.3172740242117772,0.2908249807247494,0.2555555555555555,0.2777133554359264,0.0279671698334314,0.1899554553764701
other,60,overlapping,5,majority_baseline,26335,1.0,0.3333333333333333,0.2342044978693006,0.0,0.0,,,0.115135619774699
other,60,overlapping,5,ridge_current,26335,1.0,0.3941344079769388,0.3396762289410786,0.3007021891780256,0.0986449864498645,0.0305169019668101,0.039991632309528,0.2234292967514777
other,60,non_overlapping,0,logistic_global,2405,1.0,0.3554116228317641,0.3120334578102215,0.286783042394015,0.3022339027595269,0.106210361729686,0.0224315397216105,0.0540218877807662
other,60,non_overlapping,0,logistic_group,2405,1.0,0.3748314882044388,0.3148106217574167,0.3083109919571045,0.3022339027595269,0.1159059809704345,0.0227239257333346,0.0539115155743094
other,60,non_overlapping,0,logistic_time,2405,1.0,0.3692765422463441,0.3189580596369142,0.3031496062992126,0.3035479632063075,0.1029688596500166,0.0260541259252315,0.058785942064545
other,60,non_overlapping,0,logistic_time_group,2405,1.0,0.3777165840887186,0.3141465140298791,0.3112947658402203,0.2969776609724047,0.1157181918193485,0.0235180342254426,0.0572074248100789
other,60,non_overlapping,0,logistic_time_group_ticker,2405,1.0,0.4001622175856689,0.3351590631160523,0.3489736070381232,0.3127463863337713,0.100478623509415,0.0271772333448085,0.0770740092377882
other,60,non_overlapping,0,majority_baseline,2405,1.0,0.3333333333333333,0.2157855268091488,0.0,0.0,,,0.0575281530034053
other,60,non_overlapping,0,ridge_current,2405,1.0,0.3397693548182501,0.3313103672234952,0.2806770098730606,0.2614980289093298,0.0463137094093457,0.0371604556017271,0.0810145890397399
other,60,non_overlapping,1,logistic_global,465,1.0,0.375075658099064,0.3424518361248722,0.3451327433628318,0.4482758620689655,0.0444168844402023,-0.0495189519357578,0.1199271399977287
other,60,non_overlapping,1,logistic_group,465,1.0,0.3887114504831284,0.3376869369369369,0.3714285714285714,0.4482758620689655,0.0419673287608816,-0.0280490026477743,0.1361736618631437
other,60,non_overlapping,1,logistic_time,465,1.0,0.3961099338060851,0.3617230422882988,0.3744493392070485,0.4885057471264368,0.0282342055453899,-0.0314461419097903,0.1271765959696065
other,60,non_overlapping,1,logistic_time_group,465,1.0,0.390627159295389,0.3393492791687242,0.3779904306220095,0.4540229885057471,0.0401823655704693,-0.0273494373745336,0.1424343647047757
other,60,non_overlapping,1,logistic_time_group_ticker,465,1.0,0.4016752881989737,0.3462121539512009,0.4081632653061224,0.4597701149425287,0.0262332166096783,-0.0114211238283172,0.1496254092986266
other,60,non_overlapping,1,majority_baseline,465,1.0,0.3333333333333333,0.2127867252318204,0.0,0.0,,,0.0311183036482888
other,60,non_overlapping,1,ridge_current,465,1.0,0.3347157638976163,0.3288124881980339,0.3551020408163265,0.5,0.0322493215751253,-0.0328171026319336,0.0425309300979789
other,60,non_overlapping,2,logistic_global,483,1.0,0.3183085291311753,0.2740892233996209,0.2366412213740458,0.4460431654676259,0.0948948792387995,0.0364958111265752,0.0610505831972509
other,60,non_overlapping,2,logistic_group,483,1.0,0.3422112242881714,0.2711896262728954,0.2454545454545454,0.3884892086330935,0.1180895230491804,0.036844570468347,0.0294576954947974
other,60,non_overlapping,2,logistic_time,483,1.0,0.3123000448618215,0.2705758543604992,0.2348484848484848,0.4460431654676259,0.0900808998872809,0.0390952928435395,0.0698066708976285
other,60,non_overlapping,2,logistic_time_group,483,1.0,0.3374676621470491,0.2698174025035252,0.2345132743362832,0.381294964028777,0.1145160559575253,0.0303896442085478,0.0504895733460742
other,60,non_overlapping,2,logistic_time_group_ticker,483,1.0,0.3575215317473685,0.2832963432678081,0.2590673575129533,0.3597122302158273,0.1134641000624857,0.0440894827956838,0.0499783241345326
other,60,non_overlapping,2,majority_baseline,483,1.0,0.3333333333333333,0.2291666666666666,0.0,0.0,,,0.0727494039459615
other,60,non_overlapping,2,ridge_current,483,1.0,0.3126857502834981,0.3137399422639886,0.2558139534883721,0.237410071942446,0.082318733226504,0.0872013429275415,0.0647616613845404
other,60,non_overlapping,3,logistic_global,498,1.0,0.3602738154098759,0.3388699325922751,0.2783505154639175,0.1508379888268156,0.0833421857020053,-0.0129262048822837,0.0197778379526374
other,60,non_overlapping,3,logistic_group,498,1.0,0.3877230516625002,0.3535588372398249,0.3372093023255814,0.1620111731843575,0.0919777982579905,-0.0043893451688045,0.0196277493703023
other,60,non_overlapping,3,logistic_time,498,1.0,0.3754045157901708,0.3404271893982775,0.3055555555555556,0.1229050279329608,0.0995536336814238,-0.0055772892320167,0.0201127978693822
other,60,non_overlapping,3,logistic_time_group,498,1.0,0.3799112183145343,0.3360848854332399,0.3043478260869565,0.1173184357541899,0.1156868741381581,-0.0020988685248749,0.0161928661425389
other,60,non_overlapping,3,logistic_time_group_ticker,498,1.0,0.4131676147084329,0.3674016632090519,0.3823529411764705,0.1452513966480447,0.0793120588002703,0.0033524190197867,0.0230640000834695
other,60,non_overlapping,3,majority_baseline,498,1.0,0.3333333333333333,0.1875901875901876,0.0,0.0,,,0.0211261562968581
other,60,non_overlapping,3,ridge_current,498,1.0,0.3225911960729045,0.3110751889012759,0.2796610169491525,0.1843575418994413,0.0253317587608473,0.0167411815538563,0.0224486416103928
other,60,non_overlapping,4,logistic_global,518,1.0,0.3743556519150651,0.2820844739391913,0.3689320388349514,0.2733812949640288,0.0873791038179372,0.0570025727556686,0.0608561014659497
other,60,non_overlapping,4,logistic_group,518,1.0,0.3875088532705136,0.2904891543820403,0.38,0.2733812949640288,0.0905568081295319,0.0568683152336824,0.0577010261269637
other,60,non_overlapping,4,logistic_time,518,1.0,0.3900107843099517,0.2758594280062317,0.4,0.2446043165467626,0.0905716628558919,0.0571843461825822,0.066042926683159
other,60,non_overlapping,4,logistic_time_group,518,1.0,0.3859705975187746,0.2809592240831659,0.3958333333333333,0.2733812949640288,0.0979104430661955,0.057659331919629,0.0408774871921352
other,60,non_overlapping,4,logistic_time_group_ticker,518,1.0,0.4120677775596537,0.3132714916274247,0.408695652173913,0.3381294964028777,0.0634964719514229,0.0544678740448922,0.1169354431626653
other,60,non_overlapping,4,majority_baseline,518,1.0,0.3333333333333333,0.2267515923566878,0.0,0.0,,,0.0634667307400309
other,60,non_overlapping,4,ridge_current,518,1.0,0.3354934030303846,0.3026370664668537,0.217391304347826,0.2517985611510791,0.0507872411598261,0.0547448785110069,0.0915670147122537
other,60,non_overlapping,5,logistic_global,441,1.0,0.3608701810832619,0.2709458883655871,0.219298245614035,0.1923076923076923,0.291191194358026,0.0302229041410476,0.0631498099486873
other,60,non_overlapping,5,logistic_group,441,1.0,0.3721444416620504,0.2882312619154724,0.2384615384615384,0.2384615384615384,0.2669788940784535,0.0235823800069561,0.0769576364473167
other,60,non_overlapping,5,logistic_time,441,1.0,0.3736757701540181,0.2826359565859286,0.2456140350877192,0.2153846153846154,0.2930289110215237,0.0290301880045636,0.0679583622540662
other,60,non_overlapping,5,logistic_time_group,441,1.0,0.402377176274779,0.3063737320911942,0.2777777777777778,0.2692307692307692,0.256752915558179,0.0286374299804222,0.1037126093672357
other,60,non_overlapping,5,logistic_time_group_ticker,441,1.0,0.4233071029460494,0.3324234850477944,0.3181818181818182,0.2692307692307692,0.2617347744821121,0.0278565429494744,0.1462323720197375
other,60,non_overlapping,5,majority_baseline,441,1.0,0.3333333333333333,0.2205361659079413,0.0,0.0,,,0.1028359236092169
other,60,non_overlapping,5,ridge_current,441,1.0,0.3521997354196229,0.3073343247159307,0.1964285714285714,0.0846153846153846,0.0562558256890967,0.0318468866218869,0.2213359038601703
