variant,horizon,fold,group,regime,sample_count,support_hold_rate,support_break_rate,first_bounce_delay,maximum_favorable_excursion,maximum_adverse_excursion,final_return,eligible_count,unavailable_count,max_adverse_excursion,sample_mode,regime_scope,comparison_scope
baseline,5,1,other,acute_selloff,420,0.6071428571428571,0.39285714285714285,1.29136690647482,0.05908006399866027,-0.03328611114676148,0.029600561005155925,151384,8303,-0.03328611114676148,overlapping,observed,all_eligible
baseline,5,1,other,correction,4330,0.582217090069284,0.41778290993071593,1.6507389162561577,0.03762189826226869,-0.03564897242195208,0.001887348054384699,151384,8303,-0.03564897242195208,overlapping,observed,all_eligible
baseline,5,1,other,range_bound,2978,0.661517797179315,0.33848220282068503,1.8353028064992614,0.03511361580610018,-0.025985460688767274,0.010291243964858575,151384,8303,-0.025985460688767274,overlapping,observed,all_eligible
baseline,5,1,other,under_pressure,6211,0.5301883754628884,0.46981162453711156,1.7570884468895471,0.030221976932112444,-0.03343674554235192,-0.0019144435031671688,151384,8303,-0.03343674554235192,overlapping,observed,all_eligible
baseline,5,1,other,uptrend,12048,0.5729581673306773,0.4270418326693227,1.9095619406500235,0.026673490917815696,-0.02962269362231063,-0.002559717148113607,151384,8303,-0.02962269362231063,overlapping,observed,all_eligible
baseline,5,1,semiconductor,acute_selloff,207,0.6280193236714976,0.3719806763285024,1.0062893081761006,0.07503646246262967,-0.03755448959085483,0.03547631049993109,73886,4936,-0.03755448959085483,overlapping,observed,all_eligible
baseline,5,1,semiconductor,correction,2012,0.5034791252485089,0.49652087475149104,1.352372583479789,0.048735157293093,-0.046423954413645024,0.001593814113549941,73886,4936,-0.046423954413645024,overlapping,observed,all_eligible
baseline,5,1,semiconductor,range_bound,1433,0.6880669923237962,0.31193300767620374,1.5706914344685243,0.05586378131149194,-0.029957851252284607,0.025330874061852332,73886,4936,-0.029957851252284607,overlapping,observed,all_eligible
baseline,5,1,semiconductor,under_pressure,2812,0.4292318634423898,0.5707681365576103,1.491691842900302,0.04088189569787855,-0.045897427204878306,-0.0024401749340205855,73886,4936,-0.045897427204878306,overlapping,observed,all_eligible
baseline,5,1,semiconductor,uptrend,5822,0.5456887667468224,0.4543112332531776,1.654073199527745,0.0371815097759353,-0.03914174617238451,-0.002965638790699662,73886,4936,-0.03914174617238451,overlapping,observed,all_eligible
baseline,5,1,software,acute_selloff,280,0.6821428571428572,0.31785714285714284,0.8847926267281107,0.08109430577965433,-0.04369903295987341,0.04316450907329291,131931,8995,-0.04369903295987341,overlapping,observed,all_eligible
baseline,5,1,software,correction,3054,0.5514079895219385,0.4485920104780616,1.5509056839475328,0.04798972048539618,-0.04710154701810234,0.006643184846679496,131931,8995,-0.04710154701810234,overlapping,observed,all_eligible
baseline,5,1,software,range_bound,2162,0.6248843663274746,0.37511563367252543,1.7641509433962264,0.04641338443939282,-0.0366879619650594,0.012512384339763717,131931,8995,-0.0366879619650594,overlapping,observed,all_eligible
baseline,5,1,software,under_pressure,4479,0.5532484929671801,0.44675150703281985,1.627906976744186,0.039945630223105315,-0.03796822143825748,0.003976931821669423,131931,8995,-0.03796822143825748,overlapping,observed,all_eligible
baseline,5,1,software,uptrend,8805,0.6174900624645088,0.3825099375354912,1.8394957983193276,0.04094094946217228,-0.03441728118996049,0.0061789513961319435,131931,8995,-0.03441728118996049,overlapping,observed,all_eligible
baseline,5,2,other,acute_selloff,599,0.41903171953255425,0.5809682804674458,1.3937677053824362,0.0804594421395961,-0.09621261660394029,-0.0038554736566734802,151384,8303,-0.09621261660394029,overlapping,observed,all_eligible
baseline,5,2,other,correction,1848,0.5995670995670995,0.4004329004329004,1.3868092691622103,0.06010870283142289,-0.051034872556203155,0.009597160679246215,151384,8303,-0.051034872556203155,overlapping,observed,all_eligible
baseline,5,2,other,range_bound,935,0.6909090909090909,0.3090909090909091,1.6447876447876448,0.059577706140492834,-0.03223149663723704,0.022202329593993604,151384,8303,-0.03223149663723704,overlapping,observed,all_eligible
baseline,5,2,other,under_pressure,4092,0.5620723362658846,0.43792766373411535,1.6316359696641387,0.03865153478685194,-0.035598564485492444,0.004623016301168189,151384,8303,-0.035598564485492444,overlapping,observed,all_eligible
baseline,5,2,other,uptrend,16054,0.5866450728790332,0.4133549271209667,1.656697556866049,0.0401986263581451,-0.034884199535436665,0.004235216073560668,151384,8303,-0.034884199535436665,overlapping,observed,all_eligible
baseline,5,2,semiconductor,acute_selloff,347,0.521613832853026,0.4783861671469741,1.2323651452282158,0.08737441913813795,-0.07607613087918275,0.01917750654627866,73886,4936,-0.07607613087918275,overlapping,observed,all_eligible
baseline,5,2,semiconductor,correction,1037,0.6364513018322083,0.36354869816779173,1.439499304589708,0.0679791681953989,-0.04873809673574898,0.022607895900118052,73886,4936,-0.04873809673574898,overlapping,observed,all_eligible
baseline,5,2,semiconductor,range_bound,519,0.6608863198458574,0.33911368015414256,1.2816455696202531,0.06359966761731091,-0.034588584062432155,0.025842009628388844,73886,4936,-0.034588584062432155,overlapping,observed,all_eligible
baseline,5,2,semiconductor,under_pressure,2053,0.5343399902581588,0.4656600097418412,1.284991568296796,0.04818938012109484,-0.04185255045772325,0.007695922553522514,73886,4936,-0.04185255045772325,overlapping,observed,all_eligible
baseline,5,2,semiconductor,uptrend,8154,0.5587441746382144,0.44125582536178565,1.5203232707392442,0.047484166548060244,-0.041089722530366045,0.0060000673212838905,73886,4936,-0.041089722530366045,overlapping,observed,all_eligible
baseline,5,2,software,acute_selloff,630,0.44126984126984126,0.5587301587301587,1.2995049504950495,0.08583264584371518,-0.07698520589516877,0.018942483507543958,131931,8995,-0.07698520589516877,overlapping,observed,all_eligible
baseline,5,2,software,correction,1743,0.6201950659781985,0.3798049340218015,1.387563884156729,0.06370858120543416,-0.05044919417803368,0.01477244629394926,131931,8995,-0.05044919417803368,overlapping,observed,all_eligible
baseline,5,2,software,range_bound,867,0.7001153402537486,0.29988465974625145,1.5486111111111112,0.06116095275940611,-0.03024432993757956,0.025829864488499197,131931,8995,-0.03024432993757956,overlapping,observed,all_eligible
baseline,5,2,software,under_pressure,3488,0.5212155963302753,0.47878440366972475,1.5023584905660377,0.043826653125696904,-0.042512905222676485,0.0038479492980432093,131931,8995,-0.042512905222676485,overlapping,observed,all_eligible
baseline,5,2,software,uptrend,13535,0.5807166605097894,0.41928333949021057,1.608910127948204,0.045549705819895155,-0.038676547206877784,0.007180713093904099,131931,8995,-0.038676547206877784,overlapping,observed,all_eligible
baseline,5,3,other,acute_selloff,1182,0.5296108291032149,0.4703891708967851,1.4762569832402235,0.04852038407982006,-0.043584841613317285,0.011044531522589088,151384,8303,-0.043584841613317285,overlapping,observed,all_eligible
baseline,5,3,other,correction,8637,0.5104781752923468,0.4895218247076531,1.4617667199269573,0.04390662133048348,-0.043916634359932184,0.0013104766291200532,151384,8303,-0.043916634359932184,overlapping,observed,all_eligible
baseline,5,3,other,range_bound,4864,0.5709292763157895,0.4290707236842105,1.64822460776218,0.03996301493877556,-0.03390075555993354,0.004416921728695312,151384,8303,-0.03390075555993354,overlapping,observed,all_eligible
baseline,5,3,other,under_pressure,3185,0.5459968602825745,0.45400313971742545,1.5400552486187846,0.03633912092042223,-0.03573451583115477,-0.00013718408626811772,151384,8303,-0.03573451583115477,overlapping,observed,all_eligible
baseline,5,3,other,uptrend,7299,0.5088368269625976,0.49116317303740237,1.7252081756245268,0.030162157362525116,-0.03507682105972817,-0.003658518654351805,151384,8303,-0.03507682105972817,overlapping,observed,all_eligible
baseline,5,3,semiconductor,acute_selloff,576,0.5,0.5,1.2416666666666667,0.06069599397694709,-0.054097756282019606,0.015839274479326232,73886,4936,-0.054097756282019606,overlapping,observed,all_eligible
baseline,5,3,semiconductor,correction,4344,0.4534990791896869,0.5465009208103131,1.2772635814889337,0.055618333406117895,-0.053152957933554186,0.0022335162403865137,73886,4936,-0.053152957933554186,overlapping,observed,all_eligible
baseline,5,3,semiconductor,range_bound,2441,0.4948791478902089,0.5051208521097911,1.2694444444444444,0.05110113826691655,-0.045028567132653366,0.002849069017412768,73886,4936,-0.045028567132653366,overlapping,observed,all_eligible
baseline,5,3,semiconductor,under_pressure,1693,0.4943886591848789,0.505611340815121,1.1422172452407615,0.045802093253928276,-0.04677491386353605,-0.004364810883989381,73886,4936,-0.04677491386353605,overlapping,observed,all_eligible
baseline,5,3,semiconductor,uptrend,3767,0.49057605521635256,0.5094239447836475,1.5707491082045184,0.041851187456984205,-0.04202774976876353,0.001236177676647354,73886,4936,-0.04202774976876353,overlapping,observed,all_eligible
baseline,5,3,software,acute_selloff,1046,0.502868068833652,0.497131931166348,1.1511299435028248,0.07414538894048528,-0.059563563392969754,0.017406184278314474,131931,8995,-0.059563563392969754,overlapping,observed,all_eligible
baseline,5,3,software,correction,8005,0.44322298563397877,0.5567770143660212,1.2709190672153634,0.05573249420426562,-0.061382264811826126,-0.006096073581912981,131931,8995,-0.061382264811826126,overlapping,observed,all_eligible
baseline,5,3,software,range_bound,4648,0.51592082616179,0.48407917383821,1.341100076394194,0.05497855966760521,-0.046086559463893534,0.004020636883353582,131931,8995,-0.046086559463893534,overlapping,observed,all_eligible
baseline,5,3,software,under_pressure,3077,0.5268118297042574,0.4731881702957426,1.3626237623762376,0.04684536533320485,-0.04413795681065994,-0.0011786063553530408,131931,8995,-0.04413795681065994,overlapping,observed,all_eligible
baseline,5,3,software,uptrend,6988,0.5210360618202633,0.4789639381797367,1.6183011301494714,0.03864613752924543,-0.04067126199462035,-0.0022828980120350394,131931,8995,-0.04067126199462035,overlapping,observed,all_eligible
baseline,5,4,other,acute_selloff,113,0.8407079646017699,0.1592920353982301,1.2891566265060241,0.05632865986122198,-0.022771804114752832,0.022481766301392307,151384,8303,-0.022771804114752832,overlapping,observed,all_eligible
baseline,5,4,other,correction,1715,0.5965014577259475,0.40349854227405246,1.8760045924225028,0.042936741885510166,-0.03386524782296956,0.013648183334227541,151384,8303,-0.03386524782296956,overlapping,observed,all_eligible
baseline,5,4,other,range_bound,2147,0.5943176525384257,0.4056823474615743,1.8962053571428572,0.033963131040805526,-0.029955686318105478,0.0011245122132775938,151384,8303,-0.029955686318105478,overlapping,observed,all_eligible
baseline,5,4,other,under_pressure,7518,0.5175578611332802,0.4824421388667199,1.7054237288135594,0.03302917160345207,-0.0355566899805821,-0.00405094574091084,151384,8303,-0.0355566899805821,overlapping,observed,all_eligible
baseline,5,4,other,uptrend,16392,0.5779648609077599,0.4220351390922401,1.7329334475864038,0.03510061009001258,-0.02927091438795566,0.005575873038783864,151384,8303,-0.02927091438795566,overlapping,observed,all_eligible
baseline,5,4,semiconductor,acute_selloff,46,0.782608695652174,0.21739130434782608,0.9487179487179487,0.08730258141546561,-0.03518890014012357,0.05333966474067382,73886,4936,-0.03518890014012357,overlapping,observed,all_eligible
baseline,5,4,semiconductor,correction,754,0.5503978779840849,0.4496021220159151,1.6300813008130082,0.06133253565606606,-0.049343121376518355,0.02319836389934809,73886,4936,-0.049343121376518355,overlapping,observed,all_eligible
baseline,5,4,semiconductor,range_bound,952,0.49264705882352944,0.5073529411764706,1.6257928118393234,0.047146452185060264,-0.050779542390374965,-0.007506439524419756,73886,4936,-0.050779542390374965,overlapping,observed,all_eligible
baseline,5,4,semiconductor,under_pressure,3935,0.4543837357052097,0.5456162642947904,1.3884439359267735,0.039834209649521814,-0.05057819658260491,-0.012356535198112412,73886,4936,-0.05057819658260491,overlapping,observed,all_eligible
baseline,5,4,semiconductor,uptrend,8128,0.5264517716535433,0.4735482283464567,1.424001867849638,0.051197892230902646,-0.041585154312689714,0.0067682105170522935,73886,4936,-0.041585154312689714,overlapping,observed,all_eligible
baseline,5,4,software,acute_selloff,105,0.8095238095238095,0.19047619047619047,1.4078947368421053,0.07450264269647315,-0.025735777510430807,0.04250200592836038,131931,8995,-0.025735777510430807,overlapping,observed,all_eligible
baseline,5,4,software,correction,1725,0.616231884057971,0.383768115942029,1.7796780684104627,0.05276484208434433,-0.03720848716833983,0.021649671952171032,131931,8995,-0.03720848716833983,overlapping,observed,all_eligible
baseline,5,4,software,range_bound,2096,0.6102099236641222,0.38979007633587787,1.7476923076923077,0.0412110162316695,-0.03502932897643799,0.003051968123531508,131931,8995,-0.03502932897643799,overlapping,observed,all_eligible
baseline,5,4,software,under_pressure,7668,0.5119979134063641,0.48800208659363586,1.5530694205393,0.041332222666574936,-0.041028315904265845,-0.0014114449556502635,131931,8995,-0.041028315904265845,overlapping,observed,all_eligible
baseline,5,4,software,uptrend,16146,0.570172178867831,0.42982782113216894,1.5933236190223872,0.042854434829916264,-0.03500475542704113,0.005759669986462665,131931,8995,-0.03500475542704113,overlapping,observed,all_eligible
baseline,5,5,other,acute_selloff,171,0.7076023391812866,0.29239766081871343,1.0232558139534884,0.07735625055630878,-0.03727323308126309,0.050983351342896444,151384,8303,-0.03727323308126309,overlapping,observed,all_eligible
baseline,5,5,other,correction,2254,0.5377107364685004,0.4622892635314996,1.5223628691983122,0.043644349017372165,-0.04965808007017697,-0.001987226157467925,151384,8303,-0.04965808007017697,overlapping,observed,all_eligible
baseline,5,5,other,range_bound,1127,0.6441881100266194,0.35581188997338065,1.5849673202614378,0.04869295535959951,-0.02922983313321314,0.017856931012445065,151384,8303,-0.02922983313321314,overlapping,observed,all_eligible
baseline,5,5,other,under_pressure,7766,0.5679886685552408,0.43201133144475923,1.4756221432199086,0.0448299437442852,-0.03638363885035302,0.007197739346128752,151384,8303,-0.03638363885035302,overlapping,observed,all_eligible
baseline,5,5,other,uptrend,15759,0.5430547623580176,0.45694523764198236,1.7128593040847202,0.036454926347643656,-0.035217187442065215,0.001455942777102667,151384,8303,-0.035217187442065215,overlapping,observed,all_eligible
baseline,5,5,semiconductor,acute_selloff,66,0.6212121212121212,0.3787878787878788,0.7962962962962963,0.10678641988786372,-0.05316343892443918,0.0385402812646713,73886,4936,-0.05316343892443918,overlapping,observed,all_eligible
baseline,5,5,semiconductor,correction,978,0.47955010224948874,0.5204498977505112,1.2620904836193447,0.06489062350758822,-0.07774791326828666,-0.007373269879137293,73886,4936,-0.07774791326828666,overlapping,observed,all_eligible
baseline,5,5,semiconductor,range_bound,560,0.7625,0.2375,1.3333333333333333,0.09739622526474453,-0.03721042423929637,0.0599103317441144,73886,4936,-0.03721042423929637,overlapping,observed,all_eligible
baseline,5,5,semiconductor,under_pressure,3633,0.5414258188824663,0.45857418111753373,1.1982683982683984,0.0777750260638544,-0.0570801450965409,0.01873108481345594,73886,4936,-0.0570801450965409,overlapping,observed,all_eligible
baseline,5,5,semiconductor,uptrend,7000,0.49942857142857144,0.5005714285714286,1.412827691524561,0.06696486951768324,-0.053098297336245326,0.010325834334328219,73886,4936,-0.053098297336245326,overlapping,observed,all_eligible
baseline,5,5,software,acute_selloff,155,0.7870967741935484,0.2129032258064516,0.7727272727272727,0.09697970215515646,-0.03861281243358527,0.05889263610768846,131931,8995,-0.03861281243358527,overlapping,observed,all_eligible
baseline,5,5,software,correction,2199,0.4793087767166894,0.5206912232833106,1.4456958970233307,0.05173847590858026,-0.05925347191762029,-0.0011253806889886604,131931,8995,-0.05925347191762029,overlapping,observed,all_eligible
baseline,5,5,software,range_bound,1104,0.7346014492753623,0.2653985507246377,1.3594594594594596,0.07271457002547192,-0.029619363054423718,0.03807760250660625,131931,8995,-0.029619363054423718,overlapping,observed,all_eligible
baseline,5,5,software,under_pressure,7131,0.5195624737063526,0.48043752629364744,1.3580080753701211,0.05466280276226246,-0.04787677032323794,0.004836876169249637,131931,8995,-0.04787677032323794,overlapping,observed,all_eligible
baseline,5,5,software,uptrend,15664,0.48716802860061287,0.5128319713993871,1.5267543859649122,0.046385765930271196,-0.04705842787292705,-0.0018783979742758691,131931,8995,-0.04705842787292705,overlapping,observed,all_eligible
baseline,10,1,other,acute_selloff,420,0.5166666666666667,0.48333333333333334,2.0309597523219813,0.08420516703373891,-0.04398876314309087,0.03442152827675724,151384,8303,-0.04398876314309087,overlapping,observed,all_eligible
baseline,10,1,other,correction,4330,0.46143187066974595,0.538568129330254,2.8429161969184515,0.05489529276829148,-0.051284470492667454,0.0037640444358514403,151384,8303,-0.051284470492667454,overlapping,observed,all_eligible
baseline,10,1,other,range_bound,2978,0.568502350570853,0.4314976494291471,3.1944298476090385,0.05277599759199146,-0.033193581684687015,0.017454672906749732,151384,8303,-0.033193581684687015,overlapping,observed,all_eligible
baseline,10,1,other,under_pressure,6211,0.4219932378038963,0.5780067621961037,3.160229330114665,0.043953647218060075,-0.046846705416286334,-0.0008432405741683985,151384,8303,-0.046846705416286334,overlapping,observed,all_eligible
baseline,10,1,other,uptrend,12048,0.4222277556440903,0.5777722443559097,3.407539811504712,0.03903317273167055,-0.045723260235857745,-0.004636645514227982,151384,8303,-0.045723260235857745,overlapping,observed,all_eligible
baseline,10,1,semiconductor,acute_selloff,207,0.42995169082125606,0.5700483091787439,1.6179775280898876,0.10079592863783657,-0.06049616791490297,0.02621181533037488,73886,4936,-0.06049616791490297,overlapping,observed,all_eligible
baseline,10,1,semiconductor,correction,2012,0.3782306163021869,0.6217693836978131,2.574048913043478,0.07493094113142401,-0.06519819122927338,0.009706561839268043,73886,4936,-0.06519819122927338,overlapping,observed,all_eligible
baseline,10,1,semiconductor,range_bound,1433,0.6113049546406141,0.3886950453593859,2.413469735720375,0.08608877298358647,-0.03725244500163744,0.04054176279159017,73886,4936,-0.03725244500163744,overlapping,observed,all_eligible
baseline,10,1,semiconductor,under_pressure,2812,0.3481507823613087,0.6518492176386913,2.70973348783314,0.06200119612030447,-0.0633450940180969,0.002091854287391204,73886,4936,-0.0633450940180969,overlapping,observed,all_eligible
baseline,10,1,semiconductor,uptrend,5822,0.3965991068361388,0.6034008931638613,2.865498812351544,0.05553788301648587,-0.06079570375862867,-0.005748323160795884,73886,4936,-0.06079570375862867,overlapping,observed,all_eligible
baseline,10,1,software,acute_selloff,280,0.575,0.425,1.3133047210300428,0.11135776510250198,-0.052273332995748545,0.06014265968840325,131931,8995,-0.052273332995748545,overlapping,observed,all_eligible
baseline,10,1,software,correction,3054,0.4443352979698756,0.5556647020301244,2.778564683663834,0.07231582124901893,-0.06394255849735425,0.015088829134959866,131931,8995,-0.06394255849735425,overlapping,observed,all_eligible
baseline,10,1,software,range_bound,2162,0.5578168362627197,0.4421831637372803,3.0289256198347108,0.07481849519754916,-0.044390449987388864,0.02954591771299948,131931,8995,-0.044390449987388864,overlapping,observed,all_eligible
baseline,10,1,software,under_pressure,4479,0.44608171466845276,0.5539182853315472,2.885359620299379,0.059345190856028025,-0.05543336121193405,0.006048299404051766,131931,8995,-0.05543336121193405,overlapping,observed,all_eligible
baseline,10,1,software,uptrend,8805,0.46144236229415103,0.538557637705849,3.2982937830947243,0.06485583584792574,-0.052100160370290055,0.009641215717120219,131931,8995,-0.052100160370290055,overlapping,observed,all_eligible
baseline,10,2,other,acute_selloff,599,0.2654424040066778,0.7345575959933222,1.904040404040404,0.0978913722880201,-0.14455065248629398,-0.04397729980015946,151384,8303,-0.14455065248629398,overlapping,observed,all_eligible
baseline,10,2,other,correction,1848,0.5119047619047619,0.4880952380952381,2.3399412628487517,0.08886760153618141,-0.07252312172824163,0.01649026565506145,151384,8303,-0.07252312172824163,overlapping,observed,all_eligible
baseline,10,2,other,range_bound,935,0.5989304812834224,0.40106951871657753,2.8323442136498516,0.08682233228407135,-0.04164635556476009,0.03075415011808372,151384,8303,-0.04164635556476009,overlapping,observed,all_eligible
baseline,10,2,other,under_pressure,4092,0.49608993157380255,0.5039100684261975,3.0769822940723635,0.06170342743083616,-0.04636760452324233,0.018362423273317392,151384,8303,-0.04636760452324233,overlapping,observed,all_eligible
baseline,10,2,other,uptrend,16054,0.4578298243428429,0.5421701756571571,3.0422750944552233,0.062148241827489924,-0.04992846274442694,0.01101443879168704,151384,8303,-0.04992846274442694,overlapping,observed,all_eligible
baseline,10,2,semiconductor,acute_selloff,347,0.3919308357348703,0.6080691642651297,1.661596958174905,0.1083146426827557,-0.11229994833120541,-0.0027250848844694014,73886,4936,-0.11229994833120541,overlapping,observed,all_eligible
baseline,10,2,semiconductor,correction,1037,0.5776277724204436,0.4223722275795564,2.288551401869159,0.1033005457288962,-0.06570589691894468,0.040996192558249565,73886,4936,-0.06570589691894468,overlapping,observed,all_eligible
baseline,10,2,semiconductor,range_bound,519,0.5491329479768786,0.4508670520231214,2.3959899749373434,0.10117299961361007,-0.045004900292339944,0.04071683244130812,73886,4936,-0.045004900292339944,overlapping,observed,all_eligible
baseline,10,2,semiconductor,under_pressure,2053,0.47929858743302484,0.5207014125669751,2.4172757475083055,0.07792097091409257,-0.052523046484768084,0.03144618195647751,73886,4936,-0.052523046484768084,overlapping,observed,all_eligible
baseline,10,2,semiconductor,uptrend,8154,0.4384351238655874,0.5615648761344125,2.707846715328467,0.07493188879566612,-0.05835105292101029,0.014474697838625584,73886,4936,-0.05835105292101029,overlapping,observed,all_eligible
baseline,10,2,software,acute_selloff,630,0.326984126984127,0.6730158730158731,1.8986784140969164,0.11327952056968313,-0.12024190685083642,0.0011769937990055712,131931,8995,-0.12024190685083642,overlapping,observed,all_eligible
baseline,10,2,software,correction,1743,0.5794606999426276,0.42053930005737233,2.178131788559015,0.09237976289331548,-0.06843325775621495,0.02588026627291577,131931,8995,-0.06843325775621495,overlapping,observed,all_eligible
baseline,10,2,software,range_bound,867,0.6320645905420992,0.3679354094579008,2.4048991354466858,0.09949529474562815,-0.03669872508358758,0.0492909529566998,131931,8995,-0.03669872508358758,overlapping,observed,all_eligible
baseline,10,2,software,under_pressure,3488,0.44495412844036697,0.555045871559633,2.8814144027598103,0.07062074926520169,-0.05646456501297034,0.01699789481771158,131931,8995,-0.05646456501297034,overlapping,observed,all_eligible
baseline,10,2,software,uptrend,13535,0.451865533801256,0.548134466198744,2.964652738565782,0.07182062344495369,-0.054934829933240795,0.015283996619039184,131931,8995,-0.054934829933240795,overlapping,observed,all_eligible
baseline,10,3,other,acute_selloff,1182,0.4086294416243655,0.5913705583756346,2.401111111111111,0.07326469914579481,-0.060494556267848665,0.012782958122595656,151384,8303,-0.060494556267848665,overlapping,observed,all_eligible
baseline,10,3,other,correction,8637,0.39319208058353594,0.6068079194164641,2.6851689721589915,0.0645411068330066,-0.06269518197513027,0.004907578303572544,151384,8303,-0.06269518197513027,overlapping,observed,all_eligible
baseline,10,3,other,range_bound,4864,0.43585526315789475,0.5641447368421053,2.6779882429784454,0.06022376646137591,-0.04869550860902618,0.007243907063982245,151384,8303,-0.04869550860902618,overlapping,observed,all_eligible
baseline,10,3,other,under_pressure,3185,0.42009419152276295,0.579905808477237,2.843621399176955,0.051185499440076214,-0.0537907213450999,-0.001731798652711316,151384,8303,-0.0537907213450999,overlapping,observed,all_eligible
baseline,10,3,other,uptrend,7299,0.35826825592546924,0.6417317440745307,3.1372017353579174,0.04216329475282633,-0.052026157464581245,-0.007176734583346995,151384,8303,-0.052026157464581245,overlapping,observed,all_eligible
baseline,10,3,semiconductor,acute_selloff,576,0.3541666666666667,0.6458333333333334,2.181614349775785,0.08256137891446601,-0.07052593542754707,0.012970362597420826,73886,4936,-0.07052593542754707,overlapping,observed,all_eligible
baseline,10,3,semiconductor,correction,4344,0.3275782688766114,0.6724217311233885,2.255031342791158,0.08346314200022129,-0.07679672088615361,0.008469405366997652,73886,4936,-0.07679672088615361,overlapping,observed,all_eligible
baseline,10,3,semiconductor,range_bound,2441,0.3654240065546907,0.6345759934453093,1.9347695990424896,0.07788501668937665,-0.0687565459973831,-0.0007818556767235029,73886,4936,-0.0687565459973831,overlapping,observed,all_eligible
baseline,10,3,semiconductor,under_pressure,1693,0.3532191376255168,0.6467808623744832,2.0346766635426428,0.0650697774477404,-0.07201011624605198,-0.011897278132274765,73886,4936,-0.07201011624605198,overlapping,observed,all_eligible
baseline,10,3,semiconductor,uptrend,3767,0.35147332094504913,0.6485266790549509,2.7509174311926605,0.060006048249358845,-0.05943532870362927,0.0008868218881750502,73886,4936,-0.05943532870362927,overlapping,observed,all_eligible
baseline,10,3,software,acute_selloff,1046,0.3824091778202677,0.6175908221797323,1.8685162846803378,0.10379873592493977,-0.0888718572605223,0.008079438000451845,131931,8995,-0.0888718572605223,overlapping,observed,all_eligible
baseline,10,3,software,correction,8005,0.31817613991255467,0.6818238600874453,2.3847830034501545,0.07949280748065789,-0.08717222903518959,-0.004934339135858794,131931,8995,-0.08717222903518959,overlapping,observed,all_eligible
baseline,10,3,software,range_bound,4648,0.3891996557659208,0.6108003442340791,2.2006389776357826,0.08313369189717969,-0.06722477124333331,0.003476091434078702,131931,8995,-0.06722477124333331,overlapping,observed,all_eligible
baseline,10,3,software,under_pressure,3077,0.38869028274293144,0.6113097172570686,2.3083969465648857,0.06426322303798386,-0.0682073225454947,-0.00726283880800769,131931,8995,-0.0682073225454947,overlapping,observed,all_eligible
baseline,10,3,software,uptrend,6988,0.38580423583285633,0.6141957641671437,2.88395532552438,0.05635359180634115,-0.05926176086206408,-0.005847230420590784,131931,8995,-0.05926176086206408,overlapping,observed,all_eligible
baseline,10,4,other,acute_selloff,113,0.8407079646017699,0.1592920353982301,2.5428571428571427,0.0868632251421045,-0.024135331865353948,0.06548247943108959,151384,8303,-0.024135331865353948,overlapping,observed,all_eligible
baseline,10,4,other,correction,1715,0.5166180758017492,0.4833819241982507,3.299756295694557,0.06631089697046247,-0.041979050930776085,0.028463417605010265,151384,8303,-0.041979050930776085,overlapping,observed,all_eligible
baseline,10,4,other,range_bound,2147,0.4452724732184443,0.5547275267815557,3.1268781302170283,0.04804016255795326,-0.04512804150314725,0.001978175200537249,151384,8303,-0.04512804150314725,overlapping,observed,all_eligible
baseline,10,4,other,under_pressure,7518,0.3664538441074754,0.6335461558925246,3.074237954768928,0.04813593738991707,-0.053977956245555035,-0.007470797702632065,151384,8303,-0.053977956245555035,overlapping,observed,all_eligible
baseline,10,4,other,uptrend,16392,0.46418984870668617,0.5358101512933138,3.1411500357471147,0.054590618380764296,-0.040643563592333114,0.012795170565662132,151384,8303,-0.040643563592333114,overlapping,observed,all_eligible
baseline,10,4,semiconductor,acute_selloff,46,0.7608695652173914,0.2391304347826087,1.6590909090909092,0.1639599018465015,-0.03536673635835554,0.14330470310595728,73886,4936,-0.03536673635835554,overlapping,observed,all_eligible
baseline,10,4,semiconductor,correction,754,0.47877984084880637,0.5212201591511937,2.6262295081967215,0.09524902590905074,-0.06304657503938396,0.03575305549223534,73886,4936,-0.06304657503938396,overlapping,observed,all_eligible
baseline,10,4,semiconductor,range_bound,952,0.37710084033613445,0.6228991596638656,2.5661016949152544,0.0742249122362881,-0.06948810288588599,0.005455470583431459,73886,4936,-0.06948810288588599,overlapping,observed,all_eligible
baseline,10,4,semiconductor,under_pressure,3935,0.33341804320203305,0.666581956797967,2.5830748781568453,0.0582550743442052,-0.07799983926843236,-0.019598161973153068,73886,4936,-0.07799983926843236,overlapping,observed,all_eligible
baseline,10,4,semiconductor,uptrend,8128,0.4080954724409449,0.5919045275590551,2.538192527148905,0.07941210830017417,-0.05905486848653786,0.012381311510224185,73886,4936,-0.05905486848653786,overlapping,observed,all_eligible
baseline,10,4,software,acute_selloff,105,0.8095238095238095,0.19047619047619047,2.6,0.12400662898085928,-0.026210553782719928,0.10756297793384914,131931,8995,-0.026210553782719928,overlapping,observed,all_eligible
baseline,10,4,software,correction,1725,0.5466666666666666,0.4533333333333333,3.0015015015015014,0.08584589589129363,-0.04547374451403291,0.04660991865514625,131931,8995,-0.04547374451403291,overlapping,observed,all_eligible
baseline,10,4,software,range_bound,2096,0.46469465648854963,0.5353053435114504,2.8718354430379747,0.06103402760155279,-0.04941608003706647,0.009208399769587336,131931,8995,-0.04941608003706647,overlapping,observed,all_eligible
baseline,10,4,software,under_pressure,7668,0.37910798122065725,0.6208920187793427,2.7603666521169794,0.060317675943533516,-0.0613968563238949,-0.0023612175780019762,131931,8995,-0.0613968563238949,overlapping,observed,all_eligible
baseline,10,4,software,uptrend,16146,0.45063792889879845,0.5493620711012015,2.944422814872494,0.06759775656469158,-0.0488496250959211,0.014682942140545212,131931,8995,-0.0488496250959211,overlapping,observed,all_eligible
baseline,10,5,other,acute_selloff,171,0.6140350877192983,0.38596491228070173,1.7682119205298013,0.0984209538978461,-0.04757954704595151,0.04857017803584634,151384,8303,-0.04757954704595151,overlapping,observed,all_eligible
baseline,10,5,other,correction,2254,0.419698314108252,0.580301685891748,2.6398416886543536,0.0668041286608649,-0.07222219802618014,0.007241361077187712,151384,8303,-0.07222219802618014,overlapping,observed,all_eligible
baseline,10,5,other,range_bound,1061,0.5108388312912346,0.4891611687087653,2.5448275862068965,0.0691583788654938,-0.040194822668617826,0.019653459568231654,151384,8303,-0.040194822668617826,overlapping,observed,all_eligible
baseline,10,5,other,under_pressure,7499,0.4447259634617949,0.5552740365382051,2.559693771984275,0.06402464981977588,-0.05202194887876325,0.008056612503939343,151384,8303,-0.05202194887876325,overlapping,observed,all_eligible
baseline,10,5,other,uptrend,15759,0.41633352370074245,0.5836664762992576,3.0806345733041574,0.057690927467093894,-0.04959630211469718,0.007866079267386618,151384,8303,-0.04959630211469718,overlapping,observed,all_eligible
baseline,10,5,semiconductor,acute_selloff,66,0.36363636363636365,0.6363636363636364,0.9272727272727272,0.11198992969790258,-0.09124269698786343,-0.005492417210259065,73886,4936,-0.09124269698786343,overlapping,observed,all_eligible
baseline,10,5,semiconductor,correction,978,0.3773006134969325,0.6226993865030674,1.8535564853556485,0.1082546968049759,-0.11758459824497691,0.012676153351539893,73886,4936,-0.11758459824497691,overlapping,observed,all_eligible
baseline,10,5,semiconductor,range_bound,536,0.7555970149253731,0.24440298507462688,1.8739669421487604,0.17592517864410576,-0.03880722411317091,0.10598749309943321,73886,4936,-0.03880722411317091,overlapping,observed,all_eligible
baseline,10,5,semiconductor,under_pressure,3520,0.409375,0.590625,1.9444015444015443,0.11484795930646105,-0.07943343325760079,0.025291805468362797,73886,4936,-0.07943343325760079,overlapping,observed,all_eligible
baseline,10,5,semiconductor,uptrend,7000,0.3752857142857143,0.6247142857142857,2.5005045408678104,0.10936883982590187,-0.07212164939223004,0.02955966717173987,73886,4936,-0.07212164939223004,overlapping,observed,all_eligible
baseline,10,5,software,acute_selloff,155,0.6774193548387096,0.3225806451612903,1.0571428571428572,0.10822952134378683,-0.05167752788639065,0.038360498504770364,131931,8995,-0.05167752788639065,overlapping,observed,all_eligible
baseline,10,5,software,correction,2199,0.36743974533879037,0.6325602546612097,2.446822308690013,0.08101833438917862,-0.08387562183638576,0.014182135940297427,131931,8995,-0.08387562183638576,overlapping,observed,all_eligible
baseline,10,5,software,range_bound,1045,0.6028708133971292,0.39712918660287083,1.8615960099750624,0.10124414882201856,-0.04207978599914202,0.036834354071199796,131931,8995,-0.04207978599914202,overlapping,observed,all_eligible
baseline,10,5,software,under_pressure,6894,0.40600522193211486,0.5939947780678851,2.327496020013646,0.07876854441290307,-0.06875450777441243,0.0051394510478151405,131931,8995,-0.06875450777441243,overlapping,observed,all_eligible
baseline,10,5,software,uptrend,15664,0.35367722165474974,0.6463227783452502,2.7162435407773535,0.07168024706671973,-0.06754119069316752,9.174152195570368e-05,131931,8995,-0.06754119069316752,overlapping,observed,all_eligible
baseline,20,1,other,acute_selloff,420,0.4238095238095238,0.5761904761904761,3.409340659340659,0.11340060659128295,-0.054809693386564405,0.055489363792986565,151384,8303,-0.054809693386564405,overlapping,observed,all_eligible
baseline,20,1,other,correction,4330,0.3445727482678984,0.6554272517321016,4.6587648159700565,0.078817967267832,-0.07316475131243738,0.007856036811703916,151384,8303,-0.07316475131243738,overlapping,observed,all_eligible
baseline,20,1,other,range_bound,2978,0.4563465413028878,0.5436534586971121,4.9691170073945194,0.0749689620786587,-0.04745252064203076,0.023753628713573397,151384,8303,-0.04745252064203076,overlapping,observed,all_eligible
baseline,20,1,other,under_pressure,6211,0.3158911608436645,0.6841088391563356,5.504802061372687,0.06454082397425634,-0.06388811075019994,0.0033441085148890183,151384,8303,-0.06388811075019994,overlapping,observed,all_eligible
baseline,20,1,other,uptrend,12048,0.2889276228419655,0.7110723771580345,5.52457539886773,0.05596802503302261,-0.06922859269092012,-0.01132645670886594,151384,8303,-0.06922859269092012,overlapping,observed,all_eligible
baseline,20,1,semiconductor,acute_selloff,207,0.3719806763285024,0.6280193236714976,2.405263157894737,0.14877979072273978,-0.07801424954650259,0.06787763897445752,73886,4936,-0.07801424954650259,overlapping,observed,all_eligible
baseline,20,1,semiconductor,correction,2012,0.28727634194831014,0.7127236580516899,4.084905660377358,0.11213393307128802,-0.08691914262794782,0.02791227199572636,73886,4936,-0.08691914262794782,overlapping,observed,all_eligible
baseline,20,1,semiconductor,range_bound,1433,0.5177948360083741,0.48220516399162594,3.1669303797468356,0.12491832803967834,-0.05093741663521436,0.06367391257004998,73886,4936,-0.05093741663521436,overlapping,observed,all_eligible
baseline,20,1,semiconductor,under_pressure,2812,0.2585348506401138,0.7414651493598862,4.804490177736202,0.09639700852947046,-0.08529556839218164,0.010658934684608538,73886,4936,-0.08529556839218164,overlapping,observed,all_eligible
baseline,20,1,semiconductor,uptrend,5822,0.25369288904156645,0.7463071109584335,4.520482533299824,0.08089531195633114,-0.09314938536602226,-0.016029500041110187,73886,4936,-0.09314938536602226,overlapping,observed,all_eligible
baseline,20,1,software,acute_selloff,280,0.5107142857142857,0.48928571428571427,2.494208494208494,0.15781084685225297,-0.06363706973298473,0.10118126560091147,131931,8995,-0.06363706973298473,overlapping,observed,all_eligible
baseline,20,1,software,correction,3054,0.3280943025540275,0.6719056974459725,4.244318181818182,0.10855374492788745,-0.08571902236713236,0.024823530478072894,131931,8995,-0.08571902236713236,overlapping,observed,all_eligible
baseline,20,1,software,range_bound,2162,0.47779833487511564,0.5222016651248844,4.595406360424028,0.10515782102658101,-0.05770775688057937,0.04046952775716404,131931,8995,-0.05770775688057937,overlapping,observed,all_eligible
baseline,20,1,software,under_pressure,4479,0.33288680509042196,0.667113194909578,4.84026323661382,0.09091496348355574,-0.07612110890732006,0.015446722108187793,131931,8995,-0.07612110890732006,overlapping,observed,all_eligible
baseline,20,1,software,uptrend,8805,0.32061328790459964,0.6793867120954004,5.249009351719765,0.10613905209042138,-0.07587376790393735,0.021890217156714034,131931,8995,-0.07587376790393735,overlapping,observed,all_eligible
baseline,20,2,other,acute_selloff,599,0.2370617696160267,0.7629382303839732,3.423162583518931,0.13548856974970275,-0.19091199147638913,-0.000322786407120516,151384,8303,-0.19091199147638913,overlapping,observed,all_eligible
baseline,20,2,other,correction,1848,0.44426406926406925,0.5557359307359307,3.7536600891152134,0.12844638042183437,-0.0847213960622115,0.04767119331692948,151384,8303,-0.0847213960622115,overlapping,observed,all_eligible
baseline,20,2,other,range_bound,935,0.4748663101604278,0.5251336898395722,4.375318066157761,0.1184742287656253,-0.06123615844150089,0.05079836241311182,151384,8303,-0.06123615844150089,overlapping,observed,all_eligible
baseline,20,2,other,under_pressure,4092,0.386119257086999,0.613880742913001,4.985822306238186,0.09266988871550445,-0.061690702305683444,0.02814710754524051,151384,8303,-0.061690702305683444,overlapping,observed,all_eligible
baseline,20,2,other,uptrend,16054,0.35592375731904824,0.6440762426809518,5.092581896196056,0.10602972955299166,-0.07508821146499858,0.020647375088664342,151384,8303,-0.07508821146499858,overlapping,observed,all_eligible
baseline,20,2,semiconductor,acute_selloff,347,0.3804034582132565,0.6195965417867435,2.796551724137931,0.17324208971577287,-0.15446083357198465,0.07751099207182897,73886,4936,-0.15446083357198465,overlapping,observed,all_eligible
baseline,20,2,semiconductor,correction,1037,0.5390549662487946,0.4609450337512054,3.0950323974082075,0.16462242847394223,-0.07221384143498735,0.098143176728592,73886,4936,-0.07221384143498735,overlapping,observed,all_eligible
baseline,20,2,semiconductor,range_bound,519,0.43159922928709055,0.5684007707129094,3.252314814814815,0.13487908275716412,-0.06452436816456365,0.04398980895699513,73886,4936,-0.06452436816456365,overlapping,observed,all_eligible
baseline,20,2,semiconductor,under_pressure,2053,0.4028251339503166,0.5971748660496834,3.7665890570430736,0.12494182736839417,-0.06410763031947728,0.057925382814158294,73886,4936,-0.06410763031947728,overlapping,observed,all_eligible
baseline,20,2,semiconductor,uptrend,8154,0.35087073828795684,0.6491292617120432,4.4817484662576685,0.1168457415883209,-0.0840438692202961,0.025108691119373975,73886,4936,-0.0840438692202961,overlapping,observed,all_eligible
baseline,20,2,software,acute_selloff,630,0.30634920634920637,0.6936507936507936,3.364864864864865,0.16670544268597387,-0.1596665898278872,0.055876354996026584,131931,8995,-0.1596665898278872,overlapping,observed,all_eligible
baseline,20,2,software,correction,1743,0.525530694205393,0.474469305794607,3.455426356589147,0.14903195377693595,-0.07831270766984715,0.07863011578984586,131931,8995,-0.07831270766984715,overlapping,observed,all_eligible
baseline,20,2,software,range_bound,867,0.4913494809688581,0.5086505190311419,3.6878980891719744,0.173082973275757,-0.05368935478274846,0.10035785672393646,131931,8995,-0.05368935478274846,overlapping,observed,all_eligible
baseline,20,2,software,under_pressure,3488,0.3655389908256881,0.6344610091743119,4.674560459275206,0.11455004062551968,-0.06943677860370541,0.039834329220402434,131931,8995,-0.06943677860370541,overlapping,observed,all_eligible
baseline,20,2,software,uptrend,13535,0.3478389360916143,0.6521610639083857,4.677397973676735,0.1131982622191353,-0.07971920162623816,0.024673527639297487,131931,8995,-0.07971920162623816,overlapping,observed,all_eligible
baseline,20,3,other,acute_selloff,1182,0.29018612521150594,0.7098138747884941,3.522432701894317,0.09951762168789925,-0.0847078393884874,0.006153344580283185,151384,8303,-0.0847078393884874,overlapping,observed,all_eligible
baseline,20,3,other,correction,8637,0.2967465555169619,0.7032534444830381,4.18811432027824,0.09723784491371357,-0.0858046006162544,0.01870813484258986,151384,8303,-0.0858046006162544,overlapping,observed,all_eligible
baseline,20,3,other,range_bound,4864,0.3040707236842105,0.6959292763157895,3.9327561327561327,0.07826746344863433,-0.07331145958744992,-0.0077470999249689395,151384,8303,-0.07331145958744992,overlapping,observed,all_eligible
baseline,20,3,other,under_pressure,3185,0.3224489795918367,0.6775510204081633,5.024096385542169,0.08182335739335633,-0.07270233635645765,0.012030440892708145,151384,8303,-0.07270233635645765,overlapping,observed,all_eligible
baseline,20,3,other,uptrend,7299,0.24496506370735718,0.7550349362926428,5.323465859982714,0.05995931433020727,-0.07660002617734166,-0.012974397523732055,151384,8303,-0.07660002617734166,overlapping,observed,all_eligible
baseline,20,3,semiconductor,acute_selloff,576,0.23958333333333334,0.7604166666666666,2.893528183716075,0.11345977917359769,-0.09742640667843623,0.012181081308002615,73886,4936,-0.09742640667843623,overlapping,observed,all_eligible
baseline,20,3,semiconductor,correction,4344,0.23549723756906077,0.7645027624309392,3.6387921022067364,0.12779341733229554,-0.10700018655935645,0.023500385322125606,73886,4936,-0.10700018655935645,overlapping,observed,all_eligible
baseline,20,3,semiconductor,range_bound,2441,0.2576812781646866,0.7423187218353134,2.8020078081427773,0.10033629758343436,-0.10094428018912634,-0.020903529082990813,73886,4936,-0.10094428018912634,overlapping,observed,all_eligible
baseline,20,3,semiconductor,under_pressure,1693,0.2770230360307147,0.7229769639692853,3.7288,0.10978351607930054,-0.09716043019927843,0.013178150708249656,73886,4936,-0.09716043019927843,overlapping,observed,all_eligible
baseline,20,3,semiconductor,uptrend,3767,0.237589593841253,0.762410406158747,4.557077625570776,0.08809719328964878,-0.08444144200291978,-0.001310626630070379,73886,4936,-0.08444144200291978,overlapping,observed,all_eligible
baseline,20,3,software,acute_selloff,1046,0.251434034416826,0.748565965583174,2.518140589569161,0.1366666924741168,-0.12553888925620535,-0.015193869420358688,131931,8995,-0.12553888925620535,overlapping,observed,all_eligible
baseline,20,3,software,correction,8005,0.2363522798251093,0.7636477201748907,3.619377720457843,0.11520350239289678,-0.11964500070467816,0.003092951938125705,131931,8995,-0.11964500070467816,overlapping,observed,all_eligible
baseline,20,3,software,range_bound,4648,0.24548192771084337,0.7545180722891566,3.0527867885579476,0.11068259020924276,-0.10277132821108005,-0.025724928455146002,131931,8995,-0.10277132821108005,overlapping,observed,all_eligible
baseline,20,3,software,under_pressure,3077,0.28794280142996426,0.7120571985700358,4.0994832041343665,0.10373410904327607,-0.09399198688055524,0.005653065284392776,131931,8995,-0.09399198688055524,overlapping,observed,all_eligible
baseline,20,3,software,uptrend,6988,0.271751574127075,0.728248425872925,4.691556967771221,0.0790786914867822,-0.0903081684789512,-0.016921784165556963,131931,8995,-0.0903081684789512,overlapping,observed,all_eligible
baseline,20,4,other,acute_selloff,113,0.8230088495575221,0.17699115044247787,3.081818181818182,0.12796095441855562,-0.028317930229897547,0.058032760894595234,151384,8303,-0.028317930229897547,overlapping,observed,all_eligible
baseline,20,4,other,correction,1715,0.4268221574344023,0.5731778425655977,4.446428571428571,0.09510528059648923,-0.05395558745053062,0.03191534897835242,151384,8303,-0.05395558745053062,overlapping,observed,all_eligible
baseline,20,4,other,range_bound,2147,0.336283185840708,0.6637168141592921,5.126616746085773,0.07256618505450439,-0.06366781738078159,0.013147661471414353,151384,8303,-0.06366781738078159,overlapping,observed,all_eligible
baseline,20,4,other,under_pressure,7518,0.2666932694865656,0.7333067305134344,5.145779543197617,0.07303881865063411,-0.07363073940890011,0.003936047820295546,151384,8303,-0.07363073940890011,overlapping,observed,all_eligible
baseline,20,4,other,uptrend,16392,0.3563323572474378,0.6436676427525623,5.202712700369914,0.08628331803862989,-0.057747820275462734,0.02417305182276931,151384,8303,-0.057747820275462734,overlapping,observed,all_eligible
baseline,20,4,semiconductor,acute_selloff,46,0.7391304347826086,0.2608695652173913,2.108695652173913,0.2142968102332534,-0.04022223942847471,0.061546042106201244,73886,4936,-0.04022223942847471,overlapping,observed,all_eligible
baseline,20,4,semiconductor,correction,754,0.3222811671087533,0.6777188328912467,3.3251533742331287,0.13803463312718123,-0.08873399814872439,0.025971422502524242,73886,4936,-0.08873399814872439,overlapping,observed,all_eligible
baseline,20,4,semiconductor,range_bound,952,0.31092436974789917,0.6890756302521008,4.195266272189349,0.10493975292634652,-0.08409373690738656,0.02788475376124683,73886,4936,-0.08409373690738656,overlapping,observed,all_eligible
baseline,20,4,semiconductor,under_pressure,3935,0.22770012706480305,0.772299872935197,4.5292386906951085,0.08662041922941413,-0.1068902242045675,-0.009932543725529652,73886,4936,-0.1068902242045675,overlapping,observed,all_eligible
baseline,20,4,semiconductor,uptrend,8128,0.2891240157480315,0.7108759842519685,4.041309183349221,0.12139915448260923,-0.08947309121406746,0.01643534431861354,73886,4936,-0.08947309121406746,overlapping,observed,all_eligible
baseline,20,4,software,acute_selloff,105,0.780952380952381,0.21904761904761905,3.048076923076923,0.17032571471427024,-0.032772857312563936,0.08238549360223021,131931,8995,-0.032772857312563936,overlapping,observed,all_eligible
baseline,20,4,software,correction,1725,0.4336231884057971,0.566376811594203,4.1662234042553195,0.12445839690517987,-0.05810377872799988,0.052424345889210765,131931,8995,-0.05810377872799988,overlapping,observed,all_eligible
baseline,20,4,software,range_bound,2096,0.3597328244274809,0.6402671755725191,4.968972204266322,0.09949581609366483,-0.06871240830283393,0.034278510826156836,131931,8995,-0.06871240830283393,overlapping,observed,all_eligible
baseline,20,4,software,under_pressure,7668,0.28390714658320293,0.7160928534167971,4.9891627337878,0.09113265828195362,-0.08288284267006633,0.014169384959045217,131931,8995,-0.08288284267006633,overlapping,observed,all_eligible
baseline,20,4,software,uptrend,16146,0.34887897931376194,0.6511210206862381,4.799903529222607,0.11031042970513763,-0.06932329238461493,0.03012442467865846,131931,8995,-0.06932329238461493,overlapping,observed,all_eligible
baseline,20,5,other,acute_selloff,171,0.42105263157894735,0.5789473684210527,2.2151898734177213,0.13505409028438325,-0.08505568849925443,0.058983654441461815,151384,8303,-0.08505568849925443,overlapping,observed,all_eligible
baseline,20,5,other,correction,2254,0.27107364685004437,0.7289263531499557,4.0297994269340975,0.09832252930932416,-0.10423119377823577,0.007978689089631324,151384,8303,-0.10423119377823577,overlapping,observed,all_eligible
baseline,20,5,other,range_bound,1061,0.4043355325164939,0.5956644674835061,4.427409988385598,0.10188910462837963,-0.05578185411936676,0.03366639559452625,151384,8303,-0.05578185411936676,overlapping,observed,all_eligible
baseline,20,5,other,under_pressure,6999,0.34890698671238746,0.6510930132876125,4.156120527306968,0.0963230025122396,-0.06981786000812507,0.01820497907569946,151384,8303,-0.06981786000812507,overlapping,observed,all_eligible
baseline,20,5,other,uptrend,15631,0.32122065126991234,0.6787793487300876,5.059235325794292,0.09115494164119248,-0.06785142460591492,0.02027715361634667,151384,8303,-0.06785142460591492,overlapping,observed,all_eligible
baseline,20,5,semiconductor,acute_selloff,66,0.2727272727272727,0.7272727272727273,1.280701754385965,0.15253467733811737,-0.17204378680878518,0.0009846125362149253,73886,4936,-0.17204378680878518,overlapping,observed,all_eligible
baseline,20,5,semiconductor,correction,978,0.26789366053169733,0.7321063394683026,2.3784860557768925,0.1921957363433405,-0.17226897999797267,0.03745690663436161,73886,4936,-0.17226897999797267,overlapping,observed,all_eligible
baseline,20,5,semiconductor,range_bound,536,0.7014925373134329,0.29850746268656714,2.574468085106383,0.2929073196296129,-0.0479958304153615,0.19678869654432593,73886,4936,-0.0479958304153615,overlapping,observed,all_eligible
baseline,20,5,semiconductor,under_pressure,3323,0.30544688534456815,0.6945531146554318,3.1668472372697725,0.1874349199680759,-0.10162206384180769,0.06294034412287115,73886,4936,-0.10162206384180769,overlapping,observed,all_eligible
baseline,20,5,semiconductor,uptrend,6959,0.2896967955165972,0.7103032044834028,4.103406113537118,0.1752545096639749,-0.09484908296949138,0.06001469766420534,73886,4936,-0.09484908296949138,overlapping,observed,all_eligible
baseline,20,5,software,acute_selloff,155,0.5419354838709678,0.45806451612903226,1.4206896551724137,0.1818820040942651,-0.08279683649928565,0.11066931904621834,131931,8995,-0.08279683649928565,overlapping,observed,all_eligible
baseline,20,5,software,correction,2199,0.2723965438835834,0.7276034561164165,3.789111747851003,0.1309468916292513,-0.11048049586555422,0.04497788957742512,131931,8995,-0.11048049586555422,overlapping,observed,all_eligible
baseline,20,5,software,range_bound,1045,0.45263157894736844,0.5473684210526316,2.925968109339408,0.14733573275886339,-0.0779649287961075,0.04213723341664395,131931,8995,-0.0779649287961075,overlapping,observed,all_eligible
baseline,20,5,software,under_pressure,6489,0.29496070272769304,0.705039297272307,3.953168044077135,0.11872002031054117,-0.09853735839139302,0.012502040237235073,131931,8995,-0.09853735839139302,overlapping,observed,all_eligible
baseline,20,5,software,uptrend,15563,0.24474715671785646,0.7552528432821436,4.477735490009515,0.10852659256280962,-0.09776609491846584,-0.0022666733476466097,131931,8995,-0.09776609491846584,overlapping,observed,all_eligible
baseline_plus_historical_demand,5,1,other,acute_selloff,460,0.6,0.4,1.2750809061488673,0.06405547356923207,-0.03317625579885249,0.0329092037867745,168110,8195,-0.03317625579885249,overlapping,observed,all_eligible
baseline_plus_historical_demand,5,1,other,correction,4674,0.5755241762943946,0.4244758237056055,1.6190261496844003,0.0393434759443051,-0.03684179963898542,0.0020987205126698732,168110,8195,-0.03684179963898542,overlapping,observed,all_eligible
baseline_plus_historical_demand,5,1,other,range_bound,3228,0.6431226765799256,0.35687732342007433,1.8381270903010034,0.03566373618797891,-0.026717075336373856,0.010169933181928503,168110,8195,-0.026717075336373856,overlapping,observed,all_eligible
baseline_plus_historical_demand,5,1,other,under_pressure,6657,0.509088177857894,0.49091182214210605,1.734192037470726,0.031255176742454746,-0.03417443192573342,-0.0017800556933056297,168110,8195,-0.03417443192573342,overlapping,observed,all_eligible
baseline_plus_historical_demand,5,1,other,uptrend,12956,0.5404445816610065,0.4595554183389935,1.8835705045278137,0.027613543166129913,-0.030695341146618475,-0.002836657462739015,168110,8195,-0.030695341146618475,overlapping,observed,all_eligible
baseline_plus_historical_demand,5,1,semiconductor,acute_selloff,238,0.6260504201680672,0.3739495798319328,0.9834254143646409,0.07505443947797238,-0.0383182017960563,0.03371146345630834,88937,4863,-0.0383182017960563,overlapping,observed,all_eligible
baseline_plus_historical_demand,5,1,semiconductor,correction,2260,0.49601769911504423,0.5039823008849558,1.329192546583851,0.04987505478604781,-0.04773919948098341,0.0013867687050441826,88937,4863,-0.04773919948098341,overlapping,observed,all_eligible
baseline_plus_historical_demand,5,1,semiconductor,range_bound,1677,0.6678592725104353,0.3321407274895647,1.571806167400881,0.0577364216031176,-0.030307484219547126,0.02639781490052203,88937,4863,-0.030307484219547126,overlapping,observed,all_eligible
baseline_plus_historical_demand,5,1,semiconductor,under_pressure,3221,0.4278174479975163,0.5721825520024837,1.4342447916666667,0.042222343287879126,-0.04741944932641949,-0.002657010565009275,88937,4863,-0.04741944932641949,overlapping,observed,all_eligible
baseline_plus_historical_demand,5,1,semiconductor,uptrend,6665,0.5068267066766692,0.4931732933233308,1.6264387861876526,0.037974815700910367,-0.04074654219108903,-0.0037692561149215388,88937,4863,-0.04074654219108903,overlapping,observed,all_eligible
baseline_plus_historical_demand,5,1,software,acute_selloff,306,0.6699346405228758,0.3300653594771242,0.9029535864978903,0.08303241369587927,-0.0444496924347686,0.04389836589803578,152481,8862,-0.0444496924347686,overlapping,observed,all_eligible
baseline_plus_historical_demand,5,1,software,correction,3372,0.5329181494661922,0.46708185053380785,1.5372040586245772,0.04864426439699828,-0.048456776259889235,0.005735400766960394,152481,8862,-0.048456776259889235,overlapping,observed,all_eligible
baseline_plus_historical_demand,5,1,software,range_bound,2430,0.6205761316872428,0.3794238683127572,1.7058823529411764,0.04823924186596986,-0.03789139307026997,0.012990476959307372,152481,8862,-0.03789139307026997,overlapping,observed,all_eligible
baseline_plus_historical_demand,5,1,software,under_pressure,4962,0.5332527206771464,0.4667472793228537,1.5897985426489498,0.04327578898301712,-0.040095347830899665,0.004301477090643321,152481,8862,-0.040095347830899665,overlapping,observed,all_eligible
baseline_plus_historical_demand,5,1,software,uptrend,9741,0.5864900934195668,0.41350990658043324,1.797079556898288,0.042419298583717645,-0.03657640093015282,0.005292807141181412,152481,8862,-0.03657640093015282,overlapping,observed,all_eligible
baseline_plus_historical_demand,5,2,other,acute_selloff,829,0.428226779252111,0.571773220747889,1.3534136546184738,0.09378684386671107,-0.10392127187928721,-0.001865894279353222,168110,8195,-0.10392127187928721,overlapping,observed,all_eligible
baseline_plus_historical_demand,5,2,other,correction,2255,0.5898004434589801,0.41019955654101997,1.3621190130624092,0.06432543075006437,-0.056976649039802735,0.007745051425123846,168110,8195,-0.056976649039802735,overlapping,observed,all_eligible
baseline_plus_historical_demand,5,2,other,range_bound,1099,0.6715195632393085,0.32848043676069155,1.549520766773163,0.0638922617253929,-0.034824510013270395,0.023463606033011654,168110,8195,-0.034824510013270395,overlapping,observed,all_eligible
baseline_plus_historical_demand,5,2,other,under_pressure,4681,0.5471053193762017,0.45289468062379834,1.5810564663023678,0.04334498282325337,-0.03791091734453184,0.005924080684980554,168110,8195,-0.03791091734453184,overlapping,observed,all_eligible
baseline_plus_historical_demand,5,2,other,uptrend,18308,0.561667030806205,0.43833296919379505,1.603606831482145,0.04630268017377228,-0.03738855149117635,0.006491720339555866,168110,8195,-0.03738855149117635,overlapping,observed,all_eligible
baseline_plus_historical_demand,5,2,semiconductor,acute_selloff,472,0.5211864406779662,0.4788135593220339,1.2245508982035929,0.10006027056764512,-0.083707816879048,0.024877756965034095,88937,4863,-0.083707816879048,overlapping,observed,all_eligible
baseline_plus_historical_demand,5,2,semiconductor,correction,1269,0.6185973207249803,0.3814026792750197,1.394736842105263,0.06860575614059064,-0.0532578901624652,0.019610822321705808,88937,4863,-0.0532578901624652,overlapping,observed,all_eligible
baseline_plus_historical_demand,5,2,semiconductor,range_bound,636,0.6713836477987422,0.32861635220125784,1.249357326478149,0.06455414166918402,-0.03584784763907057,0.0257015215424486,88937,4863,-0.03584784763907057,overlapping,observed,all_eligible
baseline_plus_historical_demand,5,2,semiconductor,under_pressure,2448,0.5339052287581699,0.4660947712418301,1.2946927374301676,0.049886361217514684,-0.04440458768890206,0.006645299963748506,88937,4863,-0.04440458768890206,overlapping,observed,all_eligible
baseline_plus_historical_demand,5,2,semiconductor,uptrend,9969,0.5403751630053165,0.45962483699468354,1.4947876447876447,0.049697061583165794,-0.042792642707706795,0.0064505257184308785,88937,4863,-0.042792642707706795,overlapping,observed,all_eligible
baseline_plus_historical_demand,5,2,software,acute_selloff,853,0.46658851113716293,0.5334114888628371,1.2512998266897748,0.09405773738168635,-0.08001201252626997,0.02161534010747311,152481,8862,-0.08001201252626997,overlapping,observed,all_eligible
baseline_plus_historical_demand,5,2,software,correction,2107,0.6155671570953963,0.3844328429046037,1.3371024734982333,0.067726966623526,-0.054686989566334845,0.014591726376990192,152481,8862,-0.054686989566334845,overlapping,observed,all_eligible
baseline_plus_historical_demand,5,2,software,range_bound,1001,0.7092907092907093,0.2907092907092907,1.5369532428355959,0.0638933250331865,-0.03262553061985684,0.025769755920069852,152481,8862,-0.03262553061985684,overlapping,observed,all_eligible
baseline_plus_historical_demand,5,2,software,under_pressure,3948,0.5065856129685917,0.49341438703140833,1.4712525667351128,0.04618893541256269,-0.044913731561964695,0.003996026028323347,152481,8862,-0.044913731561964695,overlapping,observed,all_eligible
baseline_plus_historical_demand,5,2,software,uptrend,15913,0.560862188148055,0.43913781185194495,1.5619401074993602,0.05313598810986991,-0.04210709869669372,0.009084392697064849,152481,8862,-0.04210709869669372,overlapping,observed,all_eligible
baseline_plus_historical_demand,5,3,other,acute_selloff,1327,0.5086661642803316,0.49133383571966843,1.4532019704433496,0.050775193070696466,-0.04630145600146591,0.01137082118943585,168110,8195,-0.04630145600146591,overlapping,observed,all_eligible
baseline_plus_historical_demand,5,3,other,correction,9865,0.49133299543841863,0.5086670045615813,1.430271771473914,0.04597357316443653,-0.046233025348341825,0.0010668890267923436,168110,8195,-0.046233025348341825,overlapping,observed,all_eligible
baseline_plus_historical_demand,5,3,other,range_bound,5567,0.5408658164181785,0.45913418358182145,1.609939220593493,0.04220697202204225,-0.036060332925444576,0.004498609988692276,168110,8195,-0.036060332925444576,overlapping,observed,all_eligible
baseline_plus_historical_demand,5,3,other,under_pressure,3545,0.5249647390691115,0.4750352609308886,1.5073170731707317,0.038128130895062326,-0.037204443238135376,-0.0002019802091866043,168110,8195,-0.037204443238135376,overlapping,observed,all_eligible
baseline_plus_historical_demand,5,3,other,uptrend,7931,0.49388475602067833,0.5061152439793216,1.6949094636146225,0.03167666190943375,-0.03677234935519922,-0.0043542470095903705,168110,8195,-0.03677234935519922,overlapping,observed,all_eligible
baseline_plus_historical_demand,5,3,semiconductor,acute_selloff,673,0.4487369985141159,0.5512630014858841,1.2952380952380953,0.06017651162024091,-0.05763261412994701,0.014096217791271794,88937,4863,-0.05763261412994701,overlapping,observed,all_eligible
baseline_plus_historical_demand,5,3,semiconductor,correction,5120,0.4427734375,0.5572265625,1.2816229116945108,0.05616262008932131,-0.055072833581541594,0.0013163336846139305,88937,4863,-0.055072833581541594,overlapping,observed,all_eligible
baseline_plus_historical_demand,5,3,semiconductor,range_bound,3112,0.48682519280205655,0.5131748071979434,1.2613333333333334,0.05388142647443993,-0.04627700702399404,0.004056693212121428,88937,4863,-0.04627700702399404,overlapping,observed,all_eligible
baseline_plus_historical_demand,5,3,semiconductor,under_pressure,1962,0.48674821610601426,0.5132517838939857,1.1274976213130352,0.047303574027491926,-0.0479515101220909,-0.004005695056296249,88937,4863,-0.0479515101220909,overlapping,observed,all_eligible
baseline_plus_historical_demand,5,3,semiconductor,uptrend,4512,0.46897163120567376,0.5310283687943262,1.514932562620424,0.0433781184137329,-0.04382695853699817,0.0003905008336257052,88937,4863,-0.04382695853699817,overlapping,observed,all_eligible
baseline_plus_historical_demand,5,3,software,acute_selloff,1239,0.4947538337368846,0.5052461662631155,1.1680280046674445,0.07810212963367379,-0.06240709996034804,0.0205045285871444,152481,8862,-0.06240709996034804,overlapping,observed,all_eligible
baseline_plus_historical_demand,5,3,software,correction,9458,0.4342355677733136,0.5657644322266864,1.2322075939706163,0.05871455392379214,-0.06456101448137279,-0.006992801733018184,152481,8862,-0.06456101448137279,overlapping,observed,all_eligible
baseline_plus_historical_demand,5,3,software,range_bound,5805,0.5073212747631353,0.4926787252368648,1.2922374429223744,0.058275948684063446,-0.05018355823618998,0.0024409394128342213,152481,8862,-0.05018355823618998,overlapping,observed,all_eligible
baseline_plus_historical_demand,5,3,software,under_pressure,3527,0.5134675361497023,0.4865324638502977,1.3118336886993602,0.04920800107014986,-0.04646408027179039,-0.001541840761593694,152481,8862,-0.04646408027179039,overlapping,observed,all_eligible
baseline_plus_historical_demand,5,3,software,uptrend,8204,0.492198927352511,0.5078010726474891,1.5511834319526627,0.04420018259938461,-0.04469623367705949,-0.0019284966696616686,152481,8862,-0.04469623367705949,overlapping,observed,all_eligible
baseline_plus_historical_demand,5,4,other,acute_selloff,129,0.8372093023255814,0.16279069767441862,1.2659574468085106,0.055592748714750964,-0.021572540996723285,0.02359584496109751,168110,8195,-0.021572540996723285,overlapping,observed,all_eligible
baseline_plus_historical_demand,5,4,other,correction,1856,0.5641163793103449,0.4358836206896552,1.869287991498406,0.04379180900116139,-0.03504695237799135,0.01365601819305694,168110,8195,-0.03504695237799135,overlapping,observed,all_eligible
baseline_plus_historical_demand,5,4,other,range_bound,2328,0.5781786941580757,0.4218213058419244,1.8605577689243027,0.03628442736474871,-0.03199503508524835,0.0008747875891549602,168110,8195,-0.03199503508524835,overlapping,observed,all_eligible
baseline_plus_historical_demand,5,4,other,under_pressure,8185,0.49761759315821624,0.5023824068417837,1.667278849097031,0.034797233459834945,-0.037129490364697794,-0.004305788604913814,168110,8195,-0.037129490364697794,overlapping,observed,all_eligible
baseline_plus_historical_demand,5,4,other,uptrend,18210,0.5535969247666117,0.44640307523338824,1.6957065965702842,0.037400938184654606,-0.030518589307411182,0.006301186502640729,168110,8195,-0.030518589307411182,overlapping,observed,all_eligible
baseline_plus_historical_demand,5,4,semiconductor,acute_selloff,48,0.7708333333333334,0.22916666666666666,0.925,0.08565230942900674,-0.03765791944040998,0.05021926700408619,88937,4863,-0.03765791944040998,overlapping,observed,all_eligible
baseline_plus_historical_demand,5,4,semiconductor,correction,846,0.5449172576832151,0.45508274231678486,1.6292947558770343,0.0633601631773097,-0.05121103016535998,0.0231935566261907,88937,4863,-0.05121103016535998,overlapping,observed,all_eligible
baseline_plus_historical_demand,5,4,semiconductor,range_bound,1095,0.4776255707762557,0.5223744292237443,1.6018018018018019,0.050407183283666085,-0.051377952767173746,-0.005453718658201269,88937,4863,-0.051377952767173746,overlapping,observed,all_eligible
baseline_plus_historical_demand,5,4,semiconductor,under_pressure,4437,0.4439936894297949,0.5560063105702051,1.3588089330024813,0.04174622768875653,-0.05216660451129306,-0.012413585978740024,88937,4863,-0.05216660451129306,overlapping,observed,all_eligible
baseline_plus_historical_demand,5,4,semiconductor,uptrend,9769,0.5092639983621661,0.490736001637834,1.41073512252042,0.05350323095748029,-0.043451871632850345,0.006910665019945341,88937,4863,-0.043451871632850345,overlapping,observed,all_eligible
baseline_plus_historical_demand,5,4,software,acute_selloff,123,0.8130081300813008,0.18699186991869918,1.3295454545454546,0.07305000090172897,-0.026887192729885073,0.039321251244044675,152481,8862,-0.026887192729885073,overlapping,observed,all_eligible
baseline_plus_historical_demand,5,4,software,correction,1899,0.608214849921011,0.39178515007898895,1.729802513464991,0.05449876544831379,-0.038074231190926205,0.022341266751572844,152481,8862,-0.038074231190926205,overlapping,observed,all_eligible
baseline_plus_historical_demand,5,4,software,range_bound,2397,0.6007509386733417,0.3992490613266583,1.6986784140969162,0.04307105286968029,-0.037306459028050264,0.0027279969062371677,152481,8862,-0.037306459028050264,overlapping,observed,all_eligible
baseline_plus_historical_demand,5,4,software,under_pressure,8556,0.5032725572697522,0.49672744273024777,1.5108915906788247,0.04356761218385573,-0.04318553411690903,-0.0017339529949410308,152481,8862,-0.04318553411690903,overlapping,observed,all_eligible
baseline_plus_historical_demand,5,4,software,uptrend,18848,0.5416489813242784,0.4583510186757216,1.5471740097908322,0.047222093800543735,-0.0380090757672333,0.006456358111789169,152481,8862,-0.0380090757672333,overlapping,observed,all_eligible
baseline_plus_historical_demand,5,5,other,acute_selloff,200,0.705,0.295,0.9477124183006536,0.08145511665323435,-0.04014376290116409,0.05148501936350087,168110,8195,-0.04014376290116409,overlapping,observed,all_eligible
baseline_plus_historical_demand,5,5,other,correction,2653,0.5386355069732378,0.46136449302676213,1.5049088359046283,0.046152459383855635,-0.051117724289623225,-0.0009767931294489421,168110,8195,-0.051117724289623225,overlapping,observed,all_eligible
baseline_plus_historical_demand,5,5,other,range_bound,1262,0.6354992076069731,0.36450079239302696,1.5696022727272727,0.05190711228656752,-0.030515934325438185,0.020117087234419545,168110,8195,-0.030515934325438185,overlapping,observed,all_eligible
baseline_plus_historical_demand,5,5,other,under_pressure,8837,0.5464524159782732,0.45354758402172685,1.441130991826817,0.047254182562908656,-0.03878856908900793,0.007079581696897162,168110,8195,-0.03878856908900793,overlapping,observed,all_eligible
baseline_plus_historical_demand,5,5,other,uptrend,18000,0.5102222222222222,0.48977777777777776,1.6640433492452587,0.04016163021379093,-0.037535001142219734,0.0026169971442580927,168110,8195,-0.037535001142219734,overlapping,observed,all_eligible
baseline_plus_historical_demand,5,5,semiconductor,acute_selloff,89,0.6179775280898876,0.38202247191011235,0.8181818181818182,0.11281787188328674,-0.060448981733218075,0.039378449089256876,88937,4863,-0.060448981733218075,overlapping,observed,all_eligible
baseline_plus_historical_demand,5,5,semiconductor,correction,1319,0.488248673237301,0.511751326762699,1.2825322391559202,0.06695351193689686,-0.07659673695914199,-0.003251466013491836,88937,4863,-0.07659673695914199,overlapping,observed,all_eligible
baseline_plus_historical_demand,5,5,semiconductor,range_bound,711,0.749648382559775,0.25035161744022505,1.312043795620438,0.10387278182213668,-0.03936807494424154,0.06484354477352906,88937,4863,-0.03936807494424154,overlapping,observed,all_eligible
baseline_plus_historical_demand,5,5,semiconductor,under_pressure,4763,0.5328574427881587,0.4671425572118413,1.1537960247637666,0.08381798006970191,-0.061113039057117936,0.019347265915324527,88937,4863,-0.061113039057117936,overlapping,observed,all_eligible
baseline_plus_historical_demand,5,5,semiconductor,uptrend,9547,0.4853880800251388,0.5146119199748612,1.3619220308250226,0.07274384253714788,-0.05760141132210102,0.011779815062222148,88937,4863,-0.05760141132210102,overlapping,observed,all_eligible
baseline_plus_historical_demand,5,5,software,acute_selloff,202,0.7821782178217822,0.21782178217821782,0.8323699421965318,0.10387563268489212,-0.04149306577322321,0.061007390809156486,152481,8862,-0.04149306577322321,overlapping,observed,all_eligible
baseline_plus_historical_demand,5,5,software,correction,2782,0.4996405463695183,0.5003594536304816,1.4550526968381896,0.055165834961094604,-0.060173749007821076,0.0002064456722107287,152481,8862,-0.060173749007821076,overlapping,observed,all_eligible
baseline_plus_historical_demand,5,5,software,range_bound,1286,0.7325038880248833,0.26749611197511663,1.341743119266055,0.07823276268786697,-0.03154719790518555,0.04143404657549413,152481,8862,-0.03154719790518555,overlapping,observed,all_eligible
baseline_plus_historical_demand,5,5,software,under_pressure,8657,0.5105694813445767,0.48943051865542336,1.3079749297601038,0.05928087361416485,-0.05143776150469135,0.005914684249122071,152481,8862,-0.05143776150469135,overlapping,observed,all_eligible
baseline_plus_historical_demand,5,5,software,uptrend,18805,0.4690241956926349,0.530975804307365,1.4631726391969184,0.05335299085917236,-0.05079798347560767,-0.00024141193614775136,152481,8862,-0.05079798347560767,overlapping,observed,all_eligible
baseline_plus_historical_demand,10,1,other,acute_selloff,460,0.5152173913043478,0.48478260869565215,1.9605633802816902,0.088508356127077,-0.04403286239819598,0.037624385095993376,168110,8195,-0.04403286239819598,overlapping,observed,all_eligible
baseline_plus_historical_demand,10,1,other,correction,4674,0.4557124518613607,0.5442875481386393,2.801658604008293,0.057479199756852756,-0.05302600025624109,0.004300274808337447,168110,8195,-0.05302600025624109,overlapping,observed,all_eligible
baseline_plus_historical_demand,10,1,other,range_bound,3228,0.5473977695167286,0.45260223048327136,3.171620325982742,0.05368878275142014,-0.0341628687759778,0.017482128637786313,168110,8195,-0.0341628687759778,overlapping,observed,all_eligible
baseline_plus_historical_demand,10,1,other,under_pressure,6657,0.40258374643232686,0.5974162535676731,3.130932439977666,0.04521969208056593,-0.04797168822532474,-0.001152837083432137,168110,8195,-0.04797168822532474,overlapping,observed,all_eligible
baseline_plus_historical_demand,10,1,other,uptrend,12956,0.39773078110527943,0.6022692188947206,3.3660834454912516,0.04056223114635809,-0.04724671690380431,-0.00489940733802124,168110,8195,-0.04724671690380431,overlapping,observed,all_eligible
baseline_plus_historical_demand,10,1,semiconductor,acute_selloff,238,0.4495798319327731,0.5504201680672269,1.5841584158415842,0.09952237479433126,-0.06040864728162039,0.02265724735546217,88937,4863,-0.06040864728162039,overlapping,observed,all_eligible
baseline_plus_historical_demand,10,1,semiconductor,correction,2260,0.368141592920354,0.631858407079646,2.5175970873786406,0.07527024009254397,-0.06697922778640134,0.008306756970233347,88937,4863,-0.06697922778640134,overlapping,observed,all_eligible
baseline_plus_historical_demand,10,1,semiconductor,range_bound,1677,0.5891472868217055,0.4108527131782946,2.4081632653061225,0.08815937605040741,-0.03801042543988117,0.041816794925551286,88937,4863,-0.03801042543988117,overlapping,observed,all_eligible
baseline_plus_historical_demand,10,1,semiconductor,under_pressure,3221,0.34461347407637377,0.6553865259236262,2.6285282258064515,0.06366891534834021,-0.06517809891470996,0.0017148685478991876,88937,4863,-0.06517809891470996,overlapping,observed,all_eligible
baseline_plus_historical_demand,10,1,semiconductor,uptrend,6665,0.363390847711928,0.636609152288072,2.8486997635933804,0.05679167997116861,-0.06304486918658646,-0.0069841106912456674,88937,4863,-0.06304486918658646,overlapping,observed,all_eligible
baseline_plus_historical_demand,10,1,software,acute_selloff,306,0.5751633986928104,0.42483660130718953,1.3188976377952757,0.11200925760991488,-0.052864225250180565,0.05856176818920787,152481,8862,-0.052864225250180565,overlapping,observed,all_eligible
baseline_plus_historical_demand,10,1,software,correction,3372,0.42823250296559906,0.571767497034401,2.764102564102564,0.07271459556476782,-0.06628482883345076,0.013945599207277146,152481,8862,-0.06628482883345076,overlapping,observed,all_eligible
baseline_plus_historical_demand,10,1,software,range_bound,2430,0.5526748971193416,0.4473251028806584,2.9578820697954273,0.07684190176190812,-0.04640224619357047,0.029023923134863582,152481,8862,-0.04640224619357047,overlapping,observed,all_eligible
baseline_plus_historical_demand,10,1,software,under_pressure,4962,0.4355098750503829,0.5644901249496171,2.8190104166666665,0.06360845167109523,-0.05870561024866295,0.006055924653091094,152481,8862,-0.05870561024866295,overlapping,observed,all_eligible
baseline_plus_historical_demand,10,1,software,uptrend,9741,0.435889539061698,0.564110460938302,3.2519056904804113,0.0668163189900445,-0.055016931376700766,0.00894305948797827,152481,8862,-0.055016931376700766,overlapping,observed,all_eligible
baseline_plus_historical_demand,10,2,other,acute_selloff,829,0.2750301568154403,0.7249698431845597,1.9649122807017543,0.11628016372137107,-0.15063424594739794,-0.03453822711673412,168110,8195,-0.15063424594739794,overlapping,observed,all_eligible
baseline_plus_historical_demand,10,2,other,correction,2255,0.5019955654101995,0.4980044345898004,2.292242934455803,0.09528948334767263,-0.08072795516523533,0.014962616786827218,168110,8195,-0.08072795516523533,overlapping,observed,all_eligible
baseline_plus_historical_demand,10,2,other,range_bound,1099,0.5777979981801638,0.4222020018198362,2.66625,0.09668330678937383,-0.04434760014331724,0.036850400882462934,168110,8195,-0.04434760014331724,overlapping,observed,all_eligible
baseline_plus_historical_demand,10,2,other,under_pressure,4681,0.4795983764152959,0.5204016235847041,2.9872131147540983,0.06875526914905093,-0.049562617607440185,0.021471642335834706,168110,8195,-0.049562617607440185,overlapping,observed,all_eligible
baseline_plus_historical_demand,10,2,other,uptrend,18308,0.43942538780860824,0.5605746121913917,2.9461267605633803,0.07369572714650749,-0.05289398376243944,0.014935540403296478,168110,8195,-0.05289398376243944,overlapping,observed,all_eligible
baseline_plus_historical_demand,10,2,semiconductor,acute_selloff,472,0.3961864406779661,0.6038135593220338,1.6464088397790055,0.1267550903549186,-0.11742876200881212,0.011428315209787307,88937,4863,-0.11742876200881212,overlapping,observed,all_eligible
baseline_plus_historical_demand,10,2,semiconductor,correction,1269,0.5460992907801419,0.45390070921985815,2.2540747842761264,0.1046852587606877,-0.07284537627082907,0.03619934937055643,88937,4863,-0.07284537627082907,overlapping,observed,all_eligible
baseline_plus_historical_demand,10,2,semiconductor,range_bound,636,0.5628930817610063,0.4371069182389937,2.354378818737271,0.10441717650213835,-0.046882377642881334,0.04063532789195413,88937,4863,-0.046882377642881334,overlapping,observed,all_eligible
baseline_plus_historical_demand,10,2,semiconductor,under_pressure,2448,0.46977124183006536,0.5302287581699346,2.393451720310766,0.08057229504909694,-0.05630161045919721,0.03038786564613545,88937,4863,-0.05630161045919721,overlapping,observed,all_eligible
baseline_plus_historical_demand,10,2,semiconductor,uptrend,9969,0.4204032500752332,0.5795967499247667,2.67291945809141,0.07754473572303101,-0.06027693095248332,0.01479962624022013,88937,4863,-0.06027693095248332,overlapping,observed,all_eligible
baseline_plus_historical_demand,10,2,software,acute_selloff,853,0.3505275498241501,0.64947245017585,1.863076923076923,0.12532533078207084,-0.12283010882793953,0.007280929038957994,152481,8862,-0.12283010882793953,overlapping,observed,all_eligible
baseline_plus_historical_demand,10,2,software,correction,2107,0.565733270052207,0.4342667299477931,2.147129186602871,0.10036696896271091,-0.07403380029798746,0.02760851910932077,152481,8862,-0.07403380029798746,overlapping,observed,all_eligible
baseline_plus_historical_demand,10,2,software,range_bound,1001,0.6313686313686314,0.36863136863136864,2.399249061326658,0.10800329590865039,-0.039927751018663256,0.05196085982335283,152481,8862,-0.039927751018663256,overlapping,observed,all_eligible
baseline_plus_historical_demand,10,2,software,under_pressure,3948,0.43237082066869303,0.567629179331307,2.8375615297235894,0.07423182552355297,-0.05988247353879598,0.017274000387286957,152481,8862,-0.05988247353879598,overlapping,observed,all_eligible
baseline_plus_historical_demand,10,2,software,uptrend,15913,0.43762961100986614,0.5623703889901338,2.8625226427686146,0.08281042296631977,-0.05916908846218072,0.01835132658392528,152481,8862,-0.05916908846218072,overlapping,observed,all_eligible
baseline_plus_historical_demand,10,3,other,acute_selloff,1327,0.39035418236623964,0.6096458176337604,2.3681102362204722,0.07632673327228452,-0.06336367329009436,0.014334907334526706,168110,8195,-0.06336367329009436,overlapping,observed,all_eligible
baseline_plus_historical_demand,10,3,other,correction,9865,0.38003041054232134,0.6199695894576787,2.662450472416946,0.06755599243932205,-0.06575734140686172,0.00515860667960215,168110,8195,-0.06575734140686172,overlapping,observed,all_eligible
baseline_plus_historical_demand,10,3,other,range_bound,5567,0.4185378121070595,0.5814621878929406,2.628693181818182,0.06317660597166948,-0.051657674552701746,0.006203247295696426,168110,8195,-0.051657674552701746,overlapping,observed,all_eligible
baseline_plus_historical_demand,10,3,other,under_pressure,3545,0.4011283497884344,0.5988716502115656,2.7673563218390806,0.05317832425971847,-0.056618818268362174,-0.002934309162293483,168110,8195,-0.056618818268362174,overlapping,observed,all_eligible
baseline_plus_historical_demand,10,3,other,uptrend,7931,0.3454797629554911,0.6545202370445089,3.085122131754256,0.04388948958821674,-0.05446245336370956,-0.008610059058509034,168110,8195,-0.05446245336370956,overlapping,observed,all_eligible
baseline_plus_historical_demand,10,3,semiconductor,acute_selloff,673,0.31946508172362553,0.6805349182763745,2.26425855513308,0.08224030947759549,-0.07394601998321317,0.013209968786974259,88937,4863,-0.07394601998321317,overlapping,observed,all_eligible
baseline_plus_historical_demand,10,3,semiconductor,correction,5120,0.322265625,0.677734375,2.2546826949958065,0.08455771516540408,-0.07809164204423916,0.008682240516166676,88937,4863,-0.07809164204423916,overlapping,observed,all_eligible
baseline_plus_historical_demand,10,3,semiconductor,range_bound,3112,0.35861182519280205,0.6413881748071979,1.8847583643122676,0.08125797413683669,-0.06988182260445243,0.000542297553434857,88937,4863,-0.06988182260445243,overlapping,observed,all_eligible
baseline_plus_historical_demand,10,3,semiconductor,under_pressure,1962,0.34964322120285424,0.6503567787971458,2.017515923566879,0.06702492383264776,-0.07374713108881319,-0.01179646496875063,88937,4863,-0.07374713108881319,overlapping,observed,all_eligible
baseline_plus_historical_demand,10,3,semiconductor,uptrend,4512,0.32845744680851063,0.6715425531914894,2.6535849056603773,0.06214916772410944,-0.06215359474189076,-0.0006901517220680469,88937,4863,-0.06215359474189076,overlapping,observed,all_eligible
baseline_plus_historical_demand,10,3,software,acute_selloff,1239,0.3785310734463277,0.6214689265536724,1.8277945619335347,0.11130856075599346,-0.09085080352727885,0.014876566204508076,152481,8862,-0.09085080352727885,overlapping,observed,all_eligible
baseline_plus_historical_demand,10,3,software,correction,9458,0.31211672658067247,0.6878832734193275,2.324942791762014,0.08385051469070871,-0.09183071999021147,-0.005697707722457514,152481,8862,-0.09183071999021147,overlapping,observed,all_eligible
baseline_plus_historical_demand,10,3,software,range_bound,5805,0.3772609819121447,0.6227390180878553,2.1656457376212352,0.08886315885088389,-0.07289237615982161,0.0022020802499963655,152481,8862,-0.07289237615982161,overlapping,observed,all_eligible
baseline_plus_historical_demand,10,3,software,under_pressure,3527,0.3804933371136944,0.6195066628863056,2.238536155202822,0.06799521124064323,-0.07161743042358878,-0.007842883508112974,152481,8862,-0.07161743042358878,overlapping,observed,all_eligible
baseline_plus_historical_demand,10,3,software,uptrend,8204,0.3678693320331546,0.6321306679668455,2.780745062836625,0.0641078170587191,-0.06472492641225498,-0.006735638838994095,152481,8862,-0.06472492641225498,overlapping,observed,all_eligible
baseline_plus_historical_demand,10,4,other,acute_selloff,129,0.8372093023255814,0.16279069767441862,2.5546218487394956,0.08509513441389148,-0.02285601108487998,0.06468277685627924,168110,8195,-0.02285601108487998,overlapping,observed,all_eligible
baseline_plus_historical_demand,10,4,other,correction,1856,0.49245689655172414,0.5075431034482759,3.2914156626506026,0.06797704746772787,-0.043386118635842116,0.028976348493646206,168110,8195,-0.043386118635842116,overlapping,observed,all_eligible
baseline_plus_historical_demand,10,4,other,range_bound,2328,0.43170103092783507,0.5682989690721649,3.0697674418604652,0.05119052112038128,-0.04725002310738094,0.002414324021582302,168110,8195,-0.04725002310738094,overlapping,observed,all_eligible
baseline_plus_historical_demand,10,4,other,under_pressure,8185,0.35540623091020157,0.6445937690897984,3.031459170013387,0.050937542175587935,-0.055987043653949194,-0.007809615893593425,168110,8195,-0.055987043653949194,overlapping,observed,all_eligible
baseline_plus_historical_demand,10,4,other,uptrend,18210,0.44387699066447006,0.5561230093355299,3.0751628075253254,0.05837501802908628,-0.04243399586207358,0.014301700631287035,168110,8195,-0.04243399586207358,overlapping,observed,all_eligible
baseline_plus_historical_demand,10,4,semiconductor,acute_selloff,48,0.75,0.25,1.6222222222222222,0.1596154737847246,-0.03782834581621563,0.13785307108814443,88937,4863,-0.03782834581621563,overlapping,observed,all_eligible
baseline_plus_historical_demand,10,4,semiconductor,correction,846,0.475177304964539,0.524822695035461,2.647314949201742,0.09827409489517733,-0.06407235586635568,0.036970695273944705,88937,4863,-0.06407235586635568,overlapping,observed,all_eligible
baseline_plus_historical_demand,10,4,semiconductor,range_bound,1095,0.365296803652968,0.634703196347032,2.548340548340548,0.07883000024774994,-0.0707901193082862,0.007834518544018808,88937,4863,-0.0707901193082862,overlapping,observed,all_eligible
baseline_plus_historical_demand,10,4,semiconductor,under_pressure,4437,0.3213883254451206,0.6786116745548795,2.5344427244582044,0.06042888100513106,-0.07994675365921572,-0.019337676072480214,88937,4863,-0.07994675365921572,overlapping,observed,all_eligible
baseline_plus_historical_demand,10,4,semiconductor,uptrend,9769,0.392875422254069,0.607124577745931,2.526541884013501,0.0826436050985218,-0.06177521361432119,0.012412800048538746,88937,4863,-0.06177521361432119,overlapping,observed,all_eligible
baseline_plus_historical_demand,10,4,software,acute_selloff,123,0.8130081300813008,0.18699186991869918,2.58974358974359,0.11896270626817942,-0.027372109448300406,0.10129954203387492,152481,8862,-0.027372109448300406,overlapping,observed,all_eligible
baseline_plus_historical_demand,10,4,software,correction,1899,0.5339652448657188,0.4660347551342812,2.9025221540558963,0.08751425360455979,-0.04673756723675416,0.046661821209806505,152481,8862,-0.04673756723675416,overlapping,observed,all_eligible
baseline_plus_historical_demand,10,4,software,range_bound,2397,0.459741343345849,0.5402586566541511,2.8038277511961724,0.06395791067645122,-0.052805695662603784,0.008895111005235875,152481,8862,-0.052805695662603784,overlapping,observed,all_eligible
baseline_plus_historical_demand,10,4,software,under_pressure,8556,0.3796166432912576,0.6203833567087425,2.6825798908807483,0.06322835871009255,-0.06435592610799523,-0.002927265096668796,152481,8862,-0.06435592610799523,overlapping,observed,all_eligible
baseline_plus_historical_demand,10,4,software,uptrend,18848,0.4265704584040747,0.5734295415959253,2.8711195508586527,0.07397647054243828,-0.052757178620355234,0.0158975828482752,152481,8862,-0.052757178620355234,overlapping,observed,all_eligible
baseline_plus_historical_demand,10,5,other,acute_selloff,200,0.62,0.38,1.6,0.1011161799357922,-0.05313712321555937,0.045433562788288445,168110,8195,-0.05313712321555937,overlapping,observed,all_eligible
baseline_plus_historical_demand,10,5,other,correction,2653,0.42894836034677725,0.5710516396532228,2.623004953219593,0.07084472761468275,-0.0743322435785086,0.009284053672787687,168110,8195,-0.0743322435785086,overlapping,observed,all_eligible
baseline_plus_historical_demand,10,5,other,range_bound,1192,0.511744966442953,0.48825503355704697,2.495169082125604,0.07498867057602922,-0.0420748998317147,0.02267603047079233,168110,8195,-0.0420748998317147,overlapping,observed,all_eligible
baseline_plus_historical_demand,10,5,other,under_pressure,8544,0.42427434456928836,0.5757256554307116,2.498642042368278,0.0674510159702367,-0.055418457275557456,0.0076655532752389795,168110,8195,-0.055418457275557456,overlapping,observed,all_eligible
baseline_plus_historical_demand,10,5,other,uptrend,18000,0.38672222222222224,0.6132777777777778,3.0013208793282384,0.06370772889913953,-0.05252565912952661,0.01028162556958604,168110,8195,-0.05252565912952661,overlapping,observed,all_eligible
baseline_plus_historical_demand,10,5,semiconductor,acute_selloff,89,0.4157303370786517,0.5842696629213483,0.9102564102564102,0.11730087416438922,-0.09072586007030727,0.0022831366172252755,88937,4863,-0.09072586007030727,overlapping,observed,all_eligible
baseline_plus_historical_demand,10,5,semiconductor,correction,1319,0.3980288097043215,0.6019711902956786,2.0964824120603014,0.1134341646559989,-0.11155544206074787,0.023112074690505045,88937,4863,-0.11155544206074787,overlapping,observed,all_eligible
baseline_plus_historical_demand,10,5,semiconductor,range_bound,679,0.7511045655375552,0.24889543446244478,1.888529886914378,0.19151794107719738,-0.040076197079801715,0.11807980562666429,88937,4863,-0.040076197079801715,overlapping,observed,all_eligible
baseline_plus_historical_demand,10,5,semiconductor,under_pressure,4620,0.4025974025974026,0.5974025974025974,1.9089327146171693,0.12258242651066598,-0.08448831106696031,0.02607343881496598,88937,4863,-0.08448831106696031,overlapping,observed,all_eligible
baseline_plus_historical_demand,10,5,semiconductor,uptrend,9547,0.37257777312244683,0.6274222268775531,2.406750072737853,0.1174942442790823,-0.07719443380291972,0.032221587281260324,88937,4863,-0.07719443380291972,overlapping,observed,all_eligible
baseline_plus_historical_demand,10,5,software,acute_selloff,202,0.6534653465346535,0.3465346534653465,1.0714285714285714,0.11410518496673086,-0.0591253649668951,0.03198351857328347,152481,8862,-0.0591253649668951,overlapping,observed,all_eligible
baseline_plus_historical_demand,10,5,software,correction,2782,0.3817397555715313,0.6182602444284687,2.514060187469166,0.08790981941800427,-0.0854894569637782,0.018730383629142727,152481,8862,-0.0854894569637782,overlapping,observed,all_eligible
baseline_plus_historical_demand,10,5,software,range_bound,1212,0.6237623762376238,0.37623762376237624,1.871308016877637,0.11180168244700384,-0.0434762026719251,0.045366253266415614,152481,8862,-0.0434762026719251,overlapping,observed,all_eligible
baseline_plus_historical_demand,10,5,software,under_pressure,8350,0.3983233532934132,0.6016766467065868,2.247280103263876,0.08514636636694475,-0.073098551059646,0.006442708640050393,152481,8862,-0.073098551059646,overlapping,observed,all_eligible
baseline_plus_historical_demand,10,5,software,uptrend,18805,0.3421430470619516,0.6578569529380484,2.617964288951328,0.08387656029071118,-0.07253708421881505,0.004617865853972172,152481,8862,-0.07253708421881505,overlapping,observed,all_eligible
baseline_plus_historical_demand,20,1,other,acute_selloff,460,0.42391304347826086,0.5760869565217391,3.3325,0.11777379406405701,-0.054802634692096334,0.059724637467618295,168110,8195,-0.054802634692096334,overlapping,observed,all_eligible
baseline_plus_historical_demand,20,1,other,correction,4674,0.3314077877620881,0.6685922122379119,4.607307249712313,0.0825460807406824,-0.07528311988738982,0.009121716161252874,168110,8195,-0.07528311988738982,overlapping,observed,all_eligible
baseline_plus_historical_demand,20,1,other,range_bound,3228,0.4364931846344486,0.5635068153655515,4.899760383386582,0.07630617205429532,-0.04878131564616518,0.023581809878276922,168110,8195,-0.04878131564616518,overlapping,observed,all_eligible
baseline_plus_historical_demand,20,1,other,under_pressure,6657,0.2960793150067598,0.7039206849932402,5.44366964480279,0.06684933316025785,-0.06546430930239626,0.003165573249248606,168110,8195,-0.06546430930239626,overlapping,observed,all_eligible
baseline_plus_historical_demand,20,1,other,uptrend,12956,0.27292374189564683,0.7270762581043532,5.465343003210082,0.05846987253037665,-0.07090982666645222,-0.011153644704455117,168110,8195,-0.07090982666645222,overlapping,observed,all_eligible
baseline_plus_historical_demand,20,1,semiconductor,acute_selloff,238,0.3907563025210084,0.6092436974789915,2.3935185185185186,0.14656856048545838,-0.07877393508689115,0.0667663734172129,88937,4863,-0.07877393508689115,overlapping,observed,all_eligible
baseline_plus_historical_demand,20,1,semiconductor,correction,2260,0.27964601769911507,0.720353982300885,4.042654028436019,0.1125453744682775,-0.08901380332404189,0.026772603022350176,88937,4863,-0.08901380332404189,overlapping,observed,all_eligible
baseline_plus_historical_demand,20,1,semiconductor,range_bound,1677,0.4853905784138342,0.5146094215861657,3.1724137931034484,0.12697561446549607,-0.05241915687771902,0.06349563813377024,88937,4863,-0.05241915687771902,overlapping,observed,all_eligible
baseline_plus_historical_demand,20,1,semiconductor,under_pressure,3221,0.25395839801303943,0.7460416019869606,4.7223807582551975,0.09963209100972935,-0.08804700566328927,0.011160012157094041,88937,4863,-0.08804700566328927,overlapping,observed,all_eligible
baseline_plus_historical_demand,20,1,semiconductor,uptrend,6665,0.23075768942235558,0.7692423105776444,4.494316915533764,0.08225425565877408,-0.09599751123819965,-0.017058789677493597,88937,4863,-0.09599751123819965,overlapping,observed,all_eligible
baseline_plus_historical_demand,20,1,software,acute_selloff,306,0.5065359477124183,0.4934640522875817,2.5598591549295775,0.16343008790808206,-0.06396840503324785,0.10017950898251657,152481,8862,-0.06396840503324785,overlapping,observed,all_eligible
baseline_plus_historical_demand,20,1,software,correction,3372,0.3208778173190985,0.6791221826809015,4.197494473102432,0.10880678122040173,-0.08876386419057293,0.024380201850196574,152481,8862,-0.08876386419057293,overlapping,observed,all_eligible
baseline_plus_historical_demand,20,1,software,range_bound,2430,0.47530864197530864,0.5246913580246914,4.41875,0.10719131521082649,-0.060365921510291215,0.03977284701324886,152481,8862,-0.060365921510291215,overlapping,observed,all_eligible
baseline_plus_historical_demand,20,1,software,under_pressure,4962,0.3222490931076179,0.6777509068923822,4.741961414790997,0.09664797378397305,-0.08092509608135462,0.015117219297872653,152481,8862,-0.08092509608135462,overlapping,observed,all_eligible
baseline_plus_historical_demand,20,1,software,uptrend,9741,0.2985319782363207,0.7014680217636793,5.223893425010743,0.11035709768382007,-0.07908662689666088,0.021925252653569732,152481,8862,-0.07908662689666088,overlapping,observed,all_eligible
baseline_plus_historical_demand,20,2,other,acute_selloff,829,0.23522316043425814,0.7647768395657418,3.297169811320755,0.1599606580663597,-0.19089328354267232,0.016768301785712588,168110,8195,-0.19089328354267232,overlapping,observed,all_eligible
baseline_plus_historical_demand,20,2,other,correction,2255,0.43325942350332597,0.5667405764966741,3.6635220125786163,0.13722317214400614,-0.09413075554667258,0.04787308580248979,168110,8195,-0.09413075554667258,overlapping,observed,all_eligible
baseline_plus_historical_demand,20,2,other,range_bound,1099,0.46132848043676067,0.5386715195632393,4.162891046386192,0.1293753492818443,-0.06534443250688783,0.053501956467807005,168110,8195,-0.06534443250688783,overlapping,observed,all_eligible
baseline_plus_historical_demand,20,2,other,under_pressure,4681,0.3794061098055971,0.6205938901944029,4.77611126261249,0.10478496704031479,-0.06539979670748332,0.031680299540715634,168110,8195,-0.06539979670748332,overlapping,observed,all_eligible
baseline_plus_historical_demand,20,2,other,uptrend,18308,0.34356565435875025,0.6564343456412497,4.951455614513122,0.12627643316624365,-0.07792822544119768,0.027815730113295276,168110,8195,-0.07792822544119768,overlapping,observed,all_eligible
baseline_plus_historical_demand,20,2,semiconductor,acute_selloff,472,0.3771186440677966,0.6228813559322034,2.86318407960199,0.19956855187164455,-0.15175236179444498,0.10381833739239017,88937,4863,-0.15175236179444498,overlapping,observed,all_eligible
baseline_plus_historical_demand,20,2,semiconductor,correction,1269,0.5011820330969267,0.4988179669030733,3.084070796460177,0.166176008422671,-0.0796380580984643,0.09473874346182355,88937,4863,-0.0796380580984643,overlapping,observed,all_eligible
baseline_plus_historical_demand,20,2,semiconductor,range_bound,636,0.4339622641509434,0.5660377358490566,3.169811320754717,0.142449228581751,-0.06756278137935375,0.04753113222570914,88937,4863,-0.06756278137935375,overlapping,observed,all_eligible
baseline_plus_historical_demand,20,2,semiconductor,under_pressure,2448,0.39501633986928103,0.6049836601307189,3.7362530413625303,0.12749250368377824,-0.0676266166393399,0.056607425946830346,88937,4863,-0.0676266166393399,overlapping,observed,all_eligible
baseline_plus_historical_demand,20,2,semiconductor,uptrend,9969,0.3359414183970308,0.6640585816029692,4.503674181093536,0.12143859902482868,-0.08592553801069203,0.028051075415666142,88937,4863,-0.08592553801069203,overlapping,observed,all_eligible
baseline_plus_historical_demand,20,2,software,acute_selloff,853,0.3223915592028136,0.6776084407971864,3.091160220994475,0.18177788766281927,-0.15713490552503262,0.07373008185082935,152481,8862,-0.15713490552503262,overlapping,observed,all_eligible
baseline_plus_historical_demand,20,2,software,correction,2107,0.5130517323208353,0.4869482676791647,3.422317138280833,0.16273878602273623,-0.08452079356860898,0.08529171159325374,152481,8862,-0.08452079356860898,overlapping,observed,all_eligible
baseline_plus_historical_demand,20,2,software,range_bound,1001,0.4985014985014985,0.5014985014985015,3.690265486725664,0.19401246035124728,-0.057655087940036626,0.1155783357750278,152481,8862,-0.057655087940036626,overlapping,observed,all_eligible
baseline_plus_historical_demand,20,2,software,under_pressure,3948,0.35309017223910844,0.6469098277608916,4.6182219419924335,0.11996382398832087,-0.07403443540705064,0.0396912728241776,152481,8862,-0.07403443540705064,overlapping,observed,all_eligible
baseline_plus_historical_demand,20,2,software,uptrend,15913,0.3394080311694841,0.660591968830516,4.56947005531949,0.12960577296192302,-0.08454127448503684,0.030185346850847332,152481,8862,-0.08454127448503684,overlapping,observed,all_eligible
baseline_plus_historical_demand,20,3,other,acute_selloff,1327,0.2690278824415976,0.7309721175584024,3.4650132860938885,0.10464203815106156,-0.08857926869024882,0.006685464049467274,168110,8195,-0.08857926869024882,overlapping,observed,all_eligible
baseline_plus_historical_demand,20,3,other,correction,9865,0.28606183476938674,0.7139381652306133,4.160295280780385,0.10211208960267007,-0.08953693964875802,0.019304947591558548,168110,8195,-0.08953693964875802,overlapping,observed,all_eligible
baseline_plus_historical_demand,20,3,other,range_bound,5567,0.2874079396443327,0.7125920603556674,3.8736153071500503,0.08186641948758841,-0.07763012847878924,-0.010065328184143801,168110,8195,-0.07763012847878924,overlapping,observed,all_eligible
baseline_plus_historical_demand,20,3,other,under_pressure,3545,0.3119887165021157,0.6880112834978843,4.920925027974636,0.0843251736161033,-0.07687761081188904,0.00996552283906111,168110,8195,-0.07687761081188904,overlapping,observed,all_eligible
baseline_plus_historical_demand,20,3,other,uptrend,7931,0.23048795864329846,0.7695120413567016,5.191109347092677,0.061776614222581544,-0.08083072175849426,-0.016297098282915496,168110,8195,-0.08083072175849426,overlapping,observed,all_eligible
baseline_plus_historical_demand,20,3,semiconductor,acute_selloff,673,0.21693907875185736,0.7830609212481426,2.984070796460177,0.11193884839647439,-0.10019636268904639,0.008545996784993123,88937,4863,-0.10019636268904639,overlapping,observed,all_eligible
baseline_plus_historical_demand,20,3,semiconductor,correction,5120,0.23203125,0.76796875,3.69479090242113,0.13062509537893316,-0.10823931975220291,0.025255561154092727,88937,4863,-0.10823931975220291,overlapping,observed,all_eligible
baseline_plus_historical_demand,20,3,semiconductor,range_bound,3112,0.2519280205655527,0.7480719794344473,2.690766550522648,0.10387531111689934,-0.10365142993028235,-0.023102873476499492,88937,4863,-0.10365142993028235,overlapping,observed,all_eligible
baseline_plus_historical_demand,20,3,semiconductor,under_pressure,1962,0.2686034658511723,0.7313965341488278,3.6374228923920495,0.11026248059312636,-0.09971243108625401,0.01036998466881398,88937,4863,-0.09971243108625401,overlapping,observed,all_eligible
baseline_plus_historical_demand,20,3,semiconductor,uptrend,4512,0.2176418439716312,0.7823581560283688,4.433825840930525,0.09035159920744404,-0.0882309468971133,-0.003717630245625041,88937,4863,-0.0882309468971133,overlapping,observed,all_eligible
baseline_plus_historical_demand,20,3,software,acute_selloff,1239,0.25343018563357544,0.7465698143664246,2.4943289224952743,0.1468342782176219,-0.12941373617545704,-0.01635793773564876,152481,8862,-0.12941373617545704,overlapping,observed,all_eligible
baseline_plus_historical_demand,20,3,software,correction,9458,0.22636921124973566,0.7736307887502644,3.5592462039045554,0.11985345423442596,-0.12540015157333806,0.0011199493841179443,152481,8862,-0.12540015157333806,overlapping,observed,all_eligible
baseline_plus_historical_demand,20,3,software,range_bound,5805,0.2372093023255814,0.7627906976744186,3.04540108209833,0.11769115883985727,-0.11092190538264192,-0.028482969242310075,152481,8862,-0.11092190538264192,overlapping,observed,all_eligible
baseline_plus_historical_demand,20,3,software,under_pressure,3527,0.28692940175786785,0.7130705982421321,3.9778278842540398,0.10934147208296809,-0.09923893396928075,0.004781540571772059,152481,8862,-0.09923893396928075,overlapping,observed,all_eligible
baseline_plus_historical_demand,20,3,software,uptrend,8204,0.2627986348122867,0.7372013651877133,4.438499619192688,0.08857538574032289,-0.09797124469204552,-0.020341750997110938,152481,8862,-0.09797124469204552,overlapping,observed,all_eligible
baseline_plus_historical_demand,20,4,other,acute_selloff,129,0.7906976744186046,0.20930232558139536,3.142857142857143,0.12611479543499665,-0.027308331761898834,0.05635180754639286,168110,8195,-0.027308331761898834,overlapping,observed,all_eligible
baseline_plus_historical_demand,20,4,other,correction,1856,0.4084051724137931,0.5915948275862069,4.444150693985459,0.09700360584447333,-0.05591906065983558,0.030808244044211352,168110,8195,-0.05591906065983558,overlapping,observed,all_eligible
baseline_plus_historical_demand,20,4,other,range_bound,2328,0.3178694158075601,0.6821305841924399,5.003701418877236,0.07810455799766006,-0.06578273053936907,0.0148409826940276,168110,8195,-0.06578273053936907,overlapping,observed,all_eligible
baseline_plus_historical_demand,20,4,other,under_pressure,8185,0.26120952962736715,0.7387904703726329,5.072579185520362,0.07679362197820691,-0.07567441336101807,0.004488871764486035,168110,8195,-0.07567441336101807,overlapping,observed,all_eligible
baseline_plus_historical_demand,20,4,other,uptrend,18210,0.34080175727622186,0.6591982427237781,5.091622077255735,0.09216698463110859,-0.060417083326629234,0.026110861187850175,168110,8195,-0.060417083326629234,overlapping,observed,all_eligible
baseline_plus_historical_demand,20,4,semiconductor,acute_selloff,48,0.7291666666666666,0.2708333333333333,2.375,0.21070701792469557,-0.04248153625841316,0.05719637149703938,88937,4863,-0.04248153625841316,overlapping,observed,all_eligible
baseline_plus_historical_demand,20,4,semiconductor,correction,846,0.32505910165484636,0.6749408983451537,3.3360544217687074,0.14253478168758127,-0.08890944266382113,0.028140921740864702,88937,4863,-0.08890944266382113,overlapping,observed,all_eligible
baseline_plus_historical_demand,20,4,semiconductor,range_bound,1095,0.30228310502283107,0.6977168949771689,4.124050632911392,0.11465437952225403,-0.08572889233059848,0.03286137700198025,88937,4863,-0.08572889233059848,overlapping,observed,all_eligible
baseline_plus_historical_demand,20,4,semiconductor,under_pressure,4437,0.22289835474419653,0.7771016452558035,4.416558861578267,0.08974798135470076,-0.10896563868751777,-0.010109630895178837,88937,4863,-0.10896563868751777,overlapping,observed,all_eligible
baseline_plus_historical_demand,20,4,semiconductor,uptrend,9769,0.27853413860169923,0.7214658613983007,4.03097696584591,0.12719494932458011,-0.09260086012742355,0.018040992734054333,88937,4863,-0.09260086012742355,overlapping,observed,all_eligible
baseline_plus_historical_demand,20,4,software,acute_selloff,123,0.7723577235772358,0.22764227642276422,3.040983606557377,0.1650831985450576,-0.035990938432459804,0.07674846674486584,152481,8862,-0.035990938432459804,overlapping,observed,all_eligible
baseline_plus_historical_demand,20,4,software,correction,1899,0.4218009478672986,0.5781990521327014,4.078502415458937,0.12645101965635377,-0.06030822241609639,0.0513761919439859,152481,8862,-0.06030822241609639,overlapping,observed,all_eligible
baseline_plus_historical_demand,20,4,software,range_bound,2397,0.35210680016687523,0.6478931998331248,4.855536818437324,0.10528004667076686,-0.0720735668008752,0.03710124672176487,152481,8862,-0.0720735668008752,overlapping,observed,all_eligible
baseline_plus_historical_demand,20,4,software,under_pressure,8556,0.286231884057971,0.7137681159420289,4.90613266583229,0.09516638673812364,-0.08645008312795116,0.01386490322479406,152481,8862,-0.08645008312795116,overlapping,observed,all_eligible
baseline_plus_historical_demand,20,4,software,uptrend,18848,0.3310165534804754,0.6689834465195246,4.6959352937144425,0.12040099926268301,-0.07432761462408331,0.032528022702534735,152481,8862,-0.07432761462408331,overlapping,observed,all_eligible
baseline_plus_historical_demand,20,5,other,acute_selloff,200,0.425,0.575,2.130434782608696,0.14216992745682644,-0.09172635311832061,0.06063651283882626,168110,8195,-0.09172635311832061,overlapping,observed,all_eligible
baseline_plus_historical_demand,20,5,other,correction,2653,0.2860912174896344,0.7139087825103656,3.9600385170919594,0.10592804209550509,-0.10682916734832351,0.013899348018284133,168110,8195,-0.10682916734832351,overlapping,observed,all_eligible
baseline_plus_historical_demand,20,5,other,range_bound,1192,0.4110738255033557,0.5889261744966443,4.339795918367347,0.11215902314212052,-0.057392251132695346,0.039438278453435394,168110,8195,-0.057392251132695346,overlapping,observed,all_eligible
baseline_plus_historical_demand,20,5,other,under_pressure,7961,0.3299836703931667,0.6700163296068333,4.061487603305785,0.10115458369924928,-0.07488148340784369,0.01701641903172876,168110,8195,-0.07488148340784369,overlapping,observed,all_eligible
baseline_plus_historical_demand,20,5,other,uptrend,17857,0.29601836814694515,0.7039816318530548,4.942385549672999,0.09940832876776233,-0.0719688170038877,0.02258788989079718,168110,8195,-0.0719688170038877,overlapping,observed,all_eligible
baseline_plus_historical_demand,20,5,semiconductor,acute_selloff,89,0.34831460674157305,0.651685393258427,1.1625,0.1647101751885874,-0.15428887708417133,0.027960947561232623,88937,4863,-0.15428887708417133,overlapping,observed,all_eligible
baseline_plus_historical_demand,20,5,semiconductor,correction,1319,0.3017437452615618,0.6982562547384382,2.6373205741626795,0.20800065099492437,-0.16053295057315592,0.06256989852128228,88937,4863,-0.16053295057315592,overlapping,observed,all_eligible
baseline_plus_historical_demand,20,5,semiconductor,range_bound,679,0.6995581737849779,0.3004418262150221,2.524316109422492,0.3093524836856068,-0.05035420937783186,0.2040257049782276,88937,4863,-0.05035420937783186,overlapping,observed,all_eligible
baseline_plus_historical_demand,20,5,semiconductor,under_pressure,4335,0.3070357554786621,0.692964244521338,3.1182736957115544,0.20061385588385525,-0.10703770406631291,0.0687954073319501,88937,4863,-0.10703770406631291,overlapping,observed,all_eligible
baseline_plus_historical_demand,20,5,semiconductor,uptrend,9488,0.2917369308600337,0.7082630691399663,3.9465871606191323,0.19044374612407317,-0.10055760197073656,0.06691416431898148,88937,4863,-0.10055760197073656,overlapping,observed,all_eligible
baseline_plus_historical_demand,20,5,software,acute_selloff,202,0.5297029702970297,0.47029702970297027,1.4867724867724867,0.1838963295887981,-0.09454426131988913,0.1004384167186542,152481,8862,-0.09454426131988913,overlapping,observed,all_eligible
baseline_plus_historical_demand,20,5,software,correction,2782,0.291157440690151,0.7088425593098491,3.705207413945278,0.1430603555338266,-0.11304756648400076,0.05363879944563932,152481,8862,-0.11304756648400076,overlapping,observed,all_eligible
baseline_plus_historical_demand,20,5,software,range_bound,1212,0.4760726072607261,0.5239273927392739,2.862403100775194,0.16721265799210658,-0.0790894835357585,0.05770925191033428,152481,8862,-0.0790894835357585,overlapping,observed,all_eligible
baseline_plus_historical_demand,20,5,software,under_pressure,7800,0.28294871794871795,0.7170512820512821,3.8327520055807462,0.1273070507074081,-0.1039786108964564,0.013192536913980948,152481,8862,-0.1039786108964564,overlapping,observed,all_eligible
baseline_plus_historical_demand,20,5,software,uptrend,18674,0.23787083645710613,0.7621291635428938,4.293551641188795,0.13009580011104593,-0.10349163318966535,0.007240292117145521,152481,8862,-0.10349163318966535,overlapping,observed,all_eligible
historical_demand_only,5,1,other,acute_selloff,164,0.6402439024390244,0.3597560975609756,1.3148148148148149,0.07053545921155117,-0.034539557175693084,0.03368301506924101,84731,28572,-0.034539557175693084,overlapping,observed,all_eligible
historical_demand_only,5,1,other,correction,1964,0.5855397148676171,0.41446028513238287,1.5933333333333333,0.04043727468850566,-0.03681801564936889,0.0030775301857066213,84731,28572,-0.03681801564936889,overlapping,observed,all_eligible
historical_demand_only,5,1,other,range_bound,1646,0.6530984204131227,0.3469015795868773,1.8460575719649561,0.035614145647192993,-0.026485457853415533,0.01105658527416118,84731,28572,-0.026485457853415533,overlapping,observed,all_eligible
historical_demand_only,5,1,other,under_pressure,3107,0.5101383971676858,0.4898616028323141,1.6877104377104377,0.03230932814384791,-0.03458944470033094,-0.001616828840923963,84731,28572,-0.03458944470033094,overlapping,observed,all_eligible
historical_demand_only,5,1,other,uptrend,6598,0.5309184601394362,0.46908153986056383,1.8162926018287615,0.02813121466158965,-0.031513427489058866,-0.0032505705107952446,84731,28572,-0.031513427489058866,overlapping,observed,all_eligible
historical_demand_only,5,1,semiconductor,acute_selloff,81,0.5555555555555556,0.4444444444444444,0.8928571428571429,0.06415997176619444,-0.046527791445434785,0.011096945278367248,46622,16969,-0.046527791445434785,overlapping,observed,all_eligible
historical_demand_only,5,1,semiconductor,correction,828,0.5193236714975845,0.4806763285024155,1.3375,0.0523852222464816,-0.05181734873670884,0.0021288957462479597,46622,16969,-0.05181734873670884,overlapping,observed,all_eligible
historical_demand_only,5,1,semiconductor,range_bound,905,0.6585635359116022,0.3414364640883978,1.505691056910569,0.06102123704665034,-0.031741275188261336,0.027349540076946253,46622,16969,-0.031741275188261336,overlapping,observed,all_eligible
historical_demand_only,5,1,semiconductor,under_pressure,1383,0.4511930585683297,0.5488069414316703,1.3020527859237536,0.045708719639927925,-0.05099380223470097,-0.0025845938559534375,46622,16969,-0.05099380223470097,overlapping,observed,all_eligible
historical_demand_only,5,1,semiconductor,uptrend,3579,0.4886839899413244,0.5113160100586757,1.589928057553957,0.03903866900133752,-0.04268073909647939,-0.004179378204131317,46622,16969,-0.04268073909647939,overlapping,observed,all_eligible
historical_demand_only,5,1,software,acute_selloff,80,0.6125,0.3875,1.0178571428571428,0.07956988521063399,-0.0517170452529757,0.03297212164492514,75958,30391,-0.0517170452529757,overlapping,observed,all_eligible
historical_demand_only,5,1,software,correction,1301,0.509607993850884,0.49039200614911604,1.5310650887573964,0.04554315047654722,-0.04884854702957328,0.0015037997814713357,75958,30391,-0.04884854702957328,overlapping,observed,all_eligible
historical_demand_only,5,1,software,range_bound,1188,0.6439393939393939,0.3560606060606061,1.5451713395638629,0.04732696267644353,-0.039439911428031625,0.01081928319531738,75958,30391,-0.039439911428031625,overlapping,observed,all_eligible
historical_demand_only,5,1,software,under_pressure,2227,0.526268522676246,0.4737314773237539,1.5338208409506398,0.0463687238457213,-0.042572508416512174,0.0052385920806611655,75958,30391,-0.042572508416512174,overlapping,observed,all_eligible
historical_demand_only,5,1,software,uptrend,4892,0.5609157808667212,0.43908421913327883,1.7846003898635479,0.037645785422220794,-0.038700169700271424,0.0004911983319985421,75958,30391,-0.038700169700271424,overlapping,observed,all_eligible
historical_demand_only,5,2,other,acute_selloff,440,0.45681818181818185,0.5431818181818182,1.3320754716981131,0.10023283706806589,-0.10625524620378508,-0.002475053778302387,84731,28572,-0.10625524620378508,overlapping,observed,all_eligible
historical_demand_only,5,2,other,correction,1188,0.5765993265993266,0.4234006734006734,1.3593314763231197,0.0650382450566295,-0.06252367112114675,0.003893141232463857,84731,28572,-0.06252367112114675,overlapping,observed,all_eligible
historical_demand_only,5,2,other,range_bound,545,0.6807339449541284,0.3192660550458716,1.4472843450479234,0.0681050775004798,-0.03764376371558935,0.023674295902597085,84731,28572,-0.03764376371558935,overlapping,observed,all_eligible
historical_demand_only,5,2,other,under_pressure,2619,0.5673921344024436,0.4326078655975563,1.505511811023622,0.047973934020006756,-0.039632537837131464,0.007614509823525083,84731,28572,-0.039632537837131464,overlapping,observed,all_eligible
historical_demand_only,5,2,other,uptrend,9847,0.564029653701635,0.435970346298365,1.5571866783523225,0.051614350185467596,-0.03903613990947502,0.008915153171666088,84731,28572,-0.03903613990947502,overlapping,observed,all_eligible
historical_demand_only,5,2,semiconductor,acute_selloff,203,0.5073891625615764,0.49261083743842365,1.183673469387755,0.11350467504808162,-0.09894244569121449,0.025534182006522497,46622,16969,-0.09894244569121449,overlapping,observed,all_eligible
historical_demand_only,5,2,semiconductor,correction,651,0.5698924731182796,0.43010752688172044,1.312785388127854,0.06794021410878734,-0.05986565395926507,0.013399288088439364,46622,16969,-0.05986565395926507,overlapping,observed,all_eligible
historical_demand_only,5,2,semiconductor,range_bound,327,0.7186544342507645,0.28134556574923547,1.2105263157894737,0.06806431556291596,-0.03678940182941371,0.03037543691409531,46622,16969,-0.03678940182941371,overlapping,observed,all_eligible
historical_demand_only,5,2,semiconductor,under_pressure,1263,0.5423594615993665,0.4576405384006334,1.2886178861788617,0.05173436976368332,-0.0478280195738206,0.00447938399869098,46622,16969,-0.0478280195738206,overlapping,observed,all_eligible
historical_demand_only,5,2,semiconductor,uptrend,5873,0.5414609228673591,0.4585390771326409,1.4643921828420006,0.05107217545718041,-0.04397923310005138,0.006458504304183114,46622,16969,-0.04397923310005138,overlapping,observed,all_eligible
historical_demand_only,5,2,software,acute_selloff,438,0.5114155251141552,0.4885844748858447,1.1617161716171618,0.09443732598237399,-0.08313656281764713,0.018101398003609753,75958,30391,-0.08313656281764713,overlapping,observed,all_eligible
historical_demand_only,5,2,software,correction,979,0.6189989785495403,0.38100102145045966,1.2507936507936508,0.06864847166837243,-0.06287385473074554,0.009496900760399973,75958,30391,-0.06287385473074554,overlapping,observed,all_eligible
historical_demand_only,5,2,software,range_bound,463,0.7732181425485961,0.2267818574514039,1.4065573770491804,0.07169406582047029,-0.03738778369125807,0.027494570637774877,75958,30391,-0.03738778369125807,overlapping,observed,all_eligible
historical_demand_only,5,2,software,under_pressure,1770,0.5169491525423728,0.4830508474576271,1.4380069524913093,0.05003004101500432,-0.05063897186514009,0.002230886455198968,75958,30391,-0.05063897186514009,overlapping,observed,all_eligible
historical_demand_only,5,2,software,uptrend,8609,0.5601115112091997,0.43988848879080034,1.5044982698961937,0.06054615003342957,-0.04567477699327082,0.010027220234294474,75958,30391,-0.04567477699327082,overlapping,observed,all_eligible
historical_demand_only,5,3,other,acute_selloff,586,0.5221843003412969,0.4778156996587031,1.3638968481375358,0.05328762248702858,-0.04652684924579495,0.014907557904344169,84731,28572,-0.04652684924579495,overlapping,observed,all_eligible
historical_demand_only,5,3,other,correction,4792,0.5025041736227045,0.4974958263772955,1.380327868852459,0.0482115923638194,-0.047976659657484204,0.001345683699521114,84731,28572,-0.047976659657484204,overlapping,observed,all_eligible
historical_demand_only,5,3,other,range_bound,2976,0.5393145161290323,0.46068548387096775,1.569362261669954,0.0451336109494171,-0.038261632295625826,0.005233017713092478,84731,28572,-0.038261632295625826,overlapping,observed,all_eligible
historical_demand_only,5,3,other,under_pressure,1814,0.5226019845644984,0.47739801543550164,1.4710743801652892,0.039490166451472394,-0.038808498015084916,-0.001005093487881834,84731,28572,-0.038808498015084916,overlapping,observed,all_eligible
historical_demand_only,5,3,other,uptrend,3983,0.5187044940999247,0.4812955059000753,1.6280884265279585,0.03437532823675892,-0.03754485012805404,-0.0036466227673671156,84731,28572,-0.03754485012805404,overlapping,observed,all_eligible
historical_demand_only,5,3,semiconductor,acute_selloff,233,0.2918454935622318,0.7081545064377682,1.7933333333333332,0.055873112896101654,-0.06658036767162111,0.010653350154821628,46622,16969,-0.06658036767162111,overlapping,observed,all_eligible
historical_demand_only,5,3,semiconductor,correction,2215,0.44243792325056436,0.5575620767494357,1.3541167066346922,0.056668941070709467,-0.058507467371117464,0.00042800294973531256,46622,16969,-0.058507467371117464,overlapping,observed,all_eligible
historical_demand_only,5,3,semiconductor,range_bound,1913,0.5101934134866701,0.48980658651332987,1.2224094355518114,0.0568151647467434,-0.04783793646781321,0.00546662831909107,46622,16969,-0.04783793646781321,overlapping,observed,all_eligible
historical_demand_only,5,3,semiconductor,under_pressure,1045,0.508133971291866,0.49186602870813395,1.1352739726027397,0.04902889316810185,-0.04947860281765315,-0.003618400027884741,46622,16969,-0.04947860281765315,overlapping,observed,all_eligible
historical_demand_only,5,3,semiconductor,uptrend,2497,0.47937525030036043,0.5206247496996396,1.4276094276094276,0.04523990448048585,-0.04594478183787321,-0.0005850213233952986,46622,16969,-0.04594478183787321,overlapping,observed,all_eligible
historical_demand_only,5,3,software,acute_selloff,473,0.4503171247357294,0.5496828752642706,1.309090909090909,0.07686168751182586,-0.07165674092545955,0.020063114547553575,75958,30391,-0.07165674092545955,overlapping,observed,all_eligible
historical_demand_only,5,3,software,correction,4307,0.4483399117715347,0.5516600882284652,1.179454926624738,0.060223930797227244,-0.06838481101771735,-0.010438808082834384,75958,30391,-0.06838481101771735,overlapping,observed,all_eligible
historical_demand_only,5,3,software,range_bound,3347,0.5291305646847924,0.47086943531520764,1.2756613756613757,0.05983987660251755,-0.05309921980188375,0.001133274779695714,75958,30391,-0.05309921980188375,overlapping,observed,all_eligible
historical_demand_only,5,3,software,under_pressure,1700,0.5358823529411765,0.4641176470588235,1.2124183006535947,0.05169015822488735,-0.04715184142214809,-0.00042063107927803024,75958,30391,-0.04715184142214809,overlapping,observed,all_eligible
historical_demand_only,5,3,software,uptrend,4515,0.5009966777408638,0.49900332225913624,1.4751521298174441,0.050860492275911884,-0.048594507398915604,-0.0007173826661639306,75958,30391,-0.048594507398915604,overlapping,observed,all_eligible
historical_demand_only,5,4,other,acute_selloff,65,0.8923076923076924,0.1076923076923077,1.3404255319148937,0.05688296658379491,-0.018505365251915103,0.02934835916555747,84731,28572,-0.018505365251915103,overlapping,observed,all_eligible
historical_demand_only,5,4,other,correction,778,0.5976863753213367,0.4023136246786632,1.803921568627451,0.03959444031633637,-0.03331617044868604,0.010451966852101454,84731,28572,-0.03331617044868604,overlapping,observed,all_eligible
historical_demand_only,5,4,other,range_bound,1010,0.6069306930693069,0.3930693069306931,1.7717391304347827,0.03817866609795543,-0.03348168990938985,0.00200436896865573,84731,28572,-0.03348168990938985,overlapping,observed,all_eligible
historical_demand_only,5,4,other,under_pressure,3735,0.5124497991967871,0.4875502008032129,1.6308196721311476,0.036090030220978925,-0.03871511409647486,-0.004959277052668998,84731,28572,-0.03871511409647486,overlapping,observed,all_eligible
historical_demand_only,5,4,other,uptrend,9320,0.5429184549356223,0.4570815450643777,1.639110466521634,0.04020299395303969,-0.032273820618441494,0.007014611658455833,84731,28572,-0.032273820618441494,overlapping,observed,all_eligible
historical_demand_only,5,4,semiconductor,acute_selloff,9,0.6666666666666666,0.3333333333333333,1.0,0.07498930847856355,-0.04750635249578147,0.035420762771373106,46622,16969,-0.04750635249578147,overlapping,observed,all_eligible
historical_demand_only,5,4,semiconductor,correction,223,0.515695067264574,0.484304932735426,1.4172185430463575,0.07012522999367125,-0.060451530727416936,0.02013293452733459,46622,16969,-0.060451530727416936,overlapping,observed,all_eligible
historical_demand_only,5,4,semiconductor,range_bound,433,0.48267898383371827,0.5173210161662818,1.51931330472103,0.06184835878461611,-0.05455830728195851,-0.00041979618191329606,46622,16969,-0.05455830728195851,overlapping,observed,all_eligible
historical_demand_only,5,4,semiconductor,under_pressure,1887,0.47959724430312667,0.5204027556968733,1.306930693069307,0.04503291990020305,-0.052397348054295384,-0.009452178109382474,46622,16969,-0.052397348054295384,overlapping,observed,all_eligible
historical_demand_only,5,4,semiconductor,uptrend,5133,0.5119812974868498,0.4880187025131502,1.403290676416819,0.05690305088551248,-0.044602275754113886,0.008831240935791358,46622,16969,-0.044602275754113886,overlapping,observed,all_eligible
historical_demand_only,5,4,software,acute_selloff,49,0.8367346938775511,0.16326530612244897,1.2333333333333334,0.07418983311466595,-0.028737546931712224,0.03886950997089957,75958,30391,-0.028737546931712224,overlapping,observed,all_eligible
historical_demand_only,5,4,software,correction,753,0.6241699867197875,0.3758300132802125,1.6261061946902655,0.05739721057558017,-0.03798667706354554,0.024129481651115687,75958,30391,-0.03798667706354554,overlapping,observed,all_eligible
historical_demand_only,5,4,software,range_bound,1179,0.5860899067005937,0.41391009329940626,1.662608695652174,0.04659034279732683,-0.039893810129461436,0.0041799583033105695,75958,30391,-0.039893810129461436,overlapping,observed,all_eligible
historical_demand_only,5,4,software,under_pressure,3863,0.5179911985503495,0.4820088014496505,1.43200436919716,0.046478587779144036,-0.04611302209110098,-0.0017967207059859148,75958,30391,-0.04611302209110098,overlapping,observed,all_eligible
historical_demand_only,5,4,software,uptrend,10191,0.5421450299283682,0.45785497007163184,1.4951437066402378,0.05270433210503612,-0.0412767967315062,0.008172766443885286,75958,30391,-0.0412767967315062,overlapping,observed,all_eligible
historical_demand_only,5,5,other,acute_selloff,84,0.6190476190476191,0.38095238095238093,1.0727272727272728,0.07381780219162619,-0.048830879348517,0.040734210216717026,84731,28572,-0.048830879348517,overlapping,observed,all_eligible
historical_demand_only,5,5,other,correction,1344,0.5498511904761905,0.45014880952380953,1.4718614718614718,0.04621330797053064,-0.055021526701321995,-0.004633962455745133,84731,28572,-0.055021526701321995,overlapping,observed,all_eligible
historical_demand_only,5,5,other,range_bound,645,0.6604651162790698,0.3395348837209302,1.4972222222222222,0.052104833822453234,-0.031105773557435563,0.019445075406193064,84731,28572,-0.031105773557435563,overlapping,observed,all_eligible
historical_demand_only,5,5,other,under_pressure,4688,0.5671928327645052,0.4328071672354949,1.4316398182569186,0.048492003399821085,-0.04065490279845803,0.006310225462677849,84731,28572,-0.04065490279845803,overlapping,observed,all_eligible
historical_demand_only,5,5,other,uptrend,9573,0.5186461924161705,0.4813538075838295,1.6174812030075187,0.043698734325076205,-0.039876514986327695,0.00382530460129456,84731,28572,-0.039876514986327695,overlapping,observed,all_eligible
historical_demand_only,5,5,semiconductor,acute_selloff,36,0.5555555555555556,0.4444444444444444,0.78125,0.11570699523166073,-0.07688287562181885,0.0335074773297886,46622,16969,-0.07688287562181885,overlapping,observed,all_eligible
historical_demand_only,5,5,semiconductor,correction,626,0.4680511182108626,0.5319488817891374,1.3430851063829787,0.06787782720715119,-0.07823188156809222,-0.002809130527048053,46622,16969,-0.07823188156809222,overlapping,observed,all_eligible
historical_demand_only,5,5,semiconductor,range_bound,395,0.7518987341772152,0.2481012658227848,1.1779935275080906,0.11279497424144186,-0.04327975086903348,0.06943655836601703,46622,16969,-0.04327975086903348,overlapping,observed,all_eligible
historical_demand_only,5,5,semiconductor,under_pressure,2622,0.5503432494279176,0.4496567505720824,1.1319322825452423,0.09074482510035001,-0.06589541438475457,0.020121727819321523,46622,16969,-0.06589541438475457,overlapping,observed,all_eligible
historical_demand_only,5,5,semiconductor,uptrend,5929,0.5002529937594873,0.4997470062405127,1.33825617722238,0.07821187121153836,-0.061038213357085196,0.013537143962182375,46622,16969,-0.061038213357085196,overlapping,observed,all_eligible
historical_demand_only,5,5,software,acute_selloff,82,0.7804878048780488,0.21951219512195122,1.0144927536231885,0.11229616753995536,-0.05149063595562834,0.058222991384358325,75958,30391,-0.05149063595562834,overlapping,observed,all_eligible
historical_demand_only,5,5,software,correction,1335,0.5258426966292135,0.47415730337078654,1.49609375,0.06031811948171008,-0.06316352213580363,0.0011654608955159827,75958,30391,-0.06316352213580363,overlapping,observed,all_eligible
historical_demand_only,5,5,software,range_bound,643,0.7465007776049767,0.2534992223950233,1.365566037735849,0.08103676432009911,-0.03416942756142247,0.04197317778864784,75958,30391,-0.03416942756142247,overlapping,observed,all_eligible
historical_demand_only,5,5,software,under_pressure,4193,0.5363701407107083,0.4636298592892917,1.2507362221287337,0.0665544748788127,-0.055011627064585795,0.008512326356918334,75958,30391,-0.055011627064585795,overlapping,observed,all_eligible
historical_demand_only,5,5,software,uptrend,9907,0.4763298677702634,0.5236701322297366,1.390295358649789,0.06270678646417392,-0.054693564473334906,0.0032703889420682016,75958,30391,-0.054693564473334906,overlapping,observed,all_eligible
historical_demand_only,10,1,other,acute_selloff,164,0.524390243902439,0.47560975609756095,1.903225806451613,0.08844524639928433,-0.04713333038880548,0.03136228190958254,84731,28572,-0.04713333038880548,overlapping,observed,all_eligible
historical_demand_only,10,1,other,correction,1964,0.4623217922606925,0.5376782077393075,2.802207130730051,0.05626748591117582,-0.05344302634132768,0.0023842854920391966,84731,28572,-0.05344302634132768,overlapping,observed,all_eligible
historical_demand_only,10,1,other,range_bound,1646,0.5680437424058323,0.43195625759416767,3.1035747021081574,0.05280625471374719,-0.03368612932474166,0.017946310042192565,84731,28572,-0.03368612932474166,overlapping,observed,all_eligible
historical_demand_only,10,1,other,under_pressure,3107,0.4013517862890248,0.5986482137109752,3.0509399636143115,0.04572580737312665,-0.04856608971064121,-0.0026312112756558437,84731,28572,-0.04856608971064121,overlapping,observed,all_eligible
historical_demand_only,10,1,other,uptrend,6598,0.390876023037284,0.609123976962716,3.281640965958685,0.04139407790165243,-0.04790547278940235,-0.004585710945693701,84731,28572,-0.04790547278940235,overlapping,observed,all_eligible
historical_demand_only,10,1,semiconductor,acute_selloff,81,0.41975308641975306,0.5802469135802469,1.765625,0.07962001563023849,-0.072688722798391,-0.010346779145381955,46622,16969,-0.072688722798391,overlapping,observed,all_eligible
historical_demand_only,10,1,semiconductor,correction,828,0.38768115942028986,0.6123188405797102,2.4338358458961475,0.07646671567085421,-0.07255638470695508,0.001840338764064233,46622,16969,-0.07255638470695508,overlapping,observed,all_eligible
historical_demand_only,10,1,semiconductor,range_bound,905,0.5701657458563536,0.4298342541436464,2.2220689655172414,0.09123594282938437,-0.040161037868550784,0.042648824368171266,46622,16969,-0.040161037868550784,overlapping,observed,all_eligible
historical_demand_only,10,1,semiconductor,under_pressure,1383,0.3600867678958785,0.6399132321041214,2.385514018691589,0.06644894477148576,-0.06979964965055421,-0.0021558469055029212,46622,16969,-0.06979964965055421,overlapping,observed,all_eligible
historical_demand_only,10,1,semiconductor,uptrend,3579,0.34450963956412406,0.6554903604358759,2.805734058329214,0.058528742572786986,-0.06542876107582057,-0.00698930828570795,46622,16969,-0.06542876107582057,overlapping,observed,all_eligible
historical_demand_only,10,1,software,acute_selloff,80,0.4875,0.5125,1.2586206896551724,0.1028597401365022,-0.05945805414386899,0.04629164530706943,75958,30391,-0.05945805414386899,overlapping,observed,all_eligible
historical_demand_only,10,1,software,correction,1301,0.415065334358186,0.584934665641814,2.737797956867196,0.06467212571521873,-0.06872848785774126,0.004471010207002989,75958,30391,-0.06872848785774126,overlapping,observed,all_eligible
historical_demand_only,10,1,software,range_bound,1188,0.5765993265993266,0.4234006734006734,2.750294464075383,0.07136755881717459,-0.04960474253511834,0.02294902231767053,75958,30391,-0.04960474253511834,overlapping,observed,all_eligible
historical_demand_only,10,1,software,under_pressure,2227,0.43960484957341717,0.5603951504265828,2.7533009034051426,0.06704685663119596,-0.06265985734177894,0.006496044732577893,75958,30391,-0.06265985734177894,overlapping,observed,all_eligible
historical_demand_only,10,1,software,uptrend,4892,0.4129190515126738,0.5870809484873263,3.133995037220844,0.05497018872216973,-0.058361856323250735,0.0005636833191791804,75958,30391,-0.058361856323250735,overlapping,observed,all_eligible
historical_demand_only,10,2,other,acute_selloff,440,0.29318181818181815,0.7068181818181818,1.9703947368421053,0.1269341815404381,-0.1560762781166784,-0.03526577037910961,84731,28572,-0.1560762781166784,overlapping,observed,all_eligible
historical_demand_only,10,2,other,correction,1188,0.48569023569023567,0.5143097643097643,2.2162162162162162,0.095406838400846,-0.08773475230173104,0.011074903616287305,84731,28572,-0.08773475230173104,overlapping,observed,all_eligible
historical_demand_only,10,2,other,range_bound,545,0.5853211009174312,0.41467889908256883,2.5603015075376883,0.10720415427683494,-0.047756200619524784,0.047367555008140855,84731,28572,-0.047756200619524784,overlapping,observed,all_eligible
historical_demand_only,10,2,other,under_pressure,2619,0.4925544100801833,0.5074455899198167,2.881609195402299,0.0746250697823985,-0.05132856891533828,0.024663823759258414,84731,28572,-0.05132856891533828,overlapping,observed,all_eligible
historical_demand_only,10,2,other,uptrend,9847,0.446024169797908,0.553975830202092,2.8833577354807223,0.08296504031718217,-0.054399001490949055,0.018409902499404045,84731,28572,-0.054399001490949055,overlapping,observed,all_eligible
historical_demand_only,10,2,semiconductor,acute_selloff,203,0.37438423645320196,0.625615763546798,1.5605095541401275,0.14978983051266542,-0.13881841471077327,0.018244718161368318,46622,16969,-0.13881841471077327,overlapping,observed,all_eligible
historical_demand_only,10,2,semiconductor,correction,651,0.4838709677419355,0.5161290322580645,2.2838345864661656,0.10464670417730465,-0.08194822454433805,0.02921012735270563,46622,16969,-0.08194822454433805,overlapping,observed,all_eligible
historical_demand_only,10,2,semiconductor,range_bound,327,0.6024464831804281,0.39755351681957185,2.2170542635658914,0.11282101832848265,-0.04745554805737779,0.048380797460746285,46622,16969,-0.04745554805737779,overlapping,observed,all_eligible
historical_demand_only,10,2,semiconductor,under_pressure,1263,0.4655581947743468,0.5344418052256532,2.384864864864865,0.08394481883796955,-0.061581502698341055,0.029134983915216038,46622,16969,-0.061581502698341055,overlapping,observed,all_eligible
historical_demand_only,10,2,semiconductor,uptrend,5873,0.4205687042397412,0.5794312957602588,2.6838627700127065,0.07874447946935571,-0.06135821802840836,0.014564347537327394,46622,16969,-0.06135821802840836,overlapping,observed,all_eligible
historical_demand_only,10,2,software,acute_selloff,438,0.3721461187214612,0.6278538812785388,1.813953488372093,0.12793175477891913,-0.13412850692665687,-0.0016137928516202678,75958,30391,-0.13412850692665687,overlapping,observed,all_eligible
historical_demand_only,10,2,software,correction,979,0.5546475995914198,0.4453524004085802,2.1507936507936507,0.10681855804223296,-0.08736079921801716,0.021600380161723307,75958,30391,-0.08736079921801716,overlapping,observed,all_eligible
historical_demand_only,10,2,software,range_bound,463,0.6760259179265659,0.32397408207343414,2.2409972299168976,0.1368514633825002,-0.04646173869229824,0.06651933404895999,75958,30391,-0.04646173869229824,overlapping,observed,all_eligible
historical_demand_only,10,2,software,under_pressure,1770,0.4429378531073446,0.5570621468926553,2.804273504273504,0.07802666597626672,-0.06879579569811355,0.013161318767146778,75958,30391,-0.06879579569811355,overlapping,observed,all_eligible
historical_demand_only,10,2,software,uptrend,8609,0.4383784411662214,0.5616215588337786,2.7315140845070425,0.0920426887140021,-0.06371238097006672,0.018598594984041577,75958,30391,-0.06371238097006672,overlapping,observed,all_eligible
historical_demand_only,10,3,other,acute_selloff,586,0.4197952218430034,0.5802047781569966,2.400900900900901,0.07983558937183216,-0.061035806664886165,0.020997292491215534,84731,28572,-0.061035806664886165,overlapping,observed,all_eligible
historical_demand_only,10,3,other,correction,4792,0.39398998330550916,0.6060100166944908,2.633417243549402,0.07029082261065002,-0.06822398938244068,0.005604669017268155,84731,28572,-0.06822398938244068,overlapping,observed,all_eligible
historical_demand_only,10,3,other,range_bound,2976,0.4210349462365591,0.5789650537634409,2.558127301420305,0.06656419854718289,-0.05403960458048007,0.0056722889322581675,84731,28572,-0.05403960458048007,overlapping,observed,all_eligible
historical_demand_only,10,3,other,under_pressure,1814,0.3886438809261301,0.6113561190738699,2.7422222222222223,0.05482002885496641,-0.06074933492950977,-0.00644181473717716,84731,28572,-0.06074933492950977,overlapping,observed,all_eligible
historical_demand_only,10,3,other,uptrend,3983,0.36731107205623903,0.632688927943761,3.0113744075829385,0.04667008077655074,-0.055565487832239704,-0.009027062275901838,84731,28572,-0.055565487832239704,overlapping,observed,all_eligible
historical_demand_only,10,3,semiconductor,acute_selloff,233,0.2017167381974249,0.7982832618025751,2.6825396825396823,0.07754696401533256,-0.08305395684925361,0.010851959385727795,46622,16969,-0.08305395684925361,overlapping,observed,all_eligible
historical_demand_only,10,3,semiconductor,correction,2215,0.3417607223476298,0.6582392776523702,2.385806451612903,0.0871433764234727,-0.07825299059571032,0.013509970368342738,46622,16969,-0.07825299059571032,overlapping,observed,all_eligible
historical_demand_only,10,3,semiconductor,range_bound,1913,0.3737584945112389,0.6262415054887611,1.7946428571428572,0.08352857001695559,-0.07143392320720077,6.34786131593167e-05,46622,16969,-0.07143392320720077,overlapping,observed,all_eligible
historical_demand_only,10,3,semiconductor,under_pressure,1045,0.3703349282296651,0.6296650717703349,1.9841040462427746,0.06928091259049267,-0.07658445127447475,-0.012353902882311765,46622,16969,-0.07658445127447475,overlapping,observed,all_eligible
historical_demand_only,10,3,semiconductor,uptrend,2497,0.3275931117340809,0.6724068882659191,2.5928853754940713,0.06540004303687533,-0.06532465123541076,-0.00229740355921106,46622,16969,-0.06532465123541076,overlapping,observed,all_eligible
historical_demand_only,10,3,software,acute_selloff,473,0.3298097251585624,0.6701902748414377,1.830238726790451,0.11524708860707052,-0.0993393069218773,0.016721140097069615,75958,30391,-0.0993393069218773,overlapping,observed,all_eligible
historical_demand_only,10,3,software,correction,4307,0.3306245646621779,0.6693754353378222,2.2469635627530367,0.08523843673103143,-0.097397720704093,-0.009812532571553104,75958,30391,-0.097397720704093,overlapping,observed,all_eligible
historical_demand_only,10,3,software,range_bound,3347,0.39229160442187033,0.6077083955781297,2.119642857142857,0.09260960982152855,-0.07664914777148614,0.0007038413757981969,75958,30391,-0.07664914777148614,overlapping,observed,all_eligible
historical_demand_only,10,3,software,under_pressure,1700,0.3988235294117647,0.6011764705882353,2.1045454545454545,0.07236770132319892,-0.0728468848312512,-0.007179067549236224,75958,30391,-0.0728468848312512,overlapping,observed,all_eligible
historical_demand_only,10,3,software,uptrend,4515,0.3767441860465116,0.6232558139534884,2.6354699174203695,0.07217802753003344,-0.06977609607195408,-0.007924515088320736,75958,30391,-0.06977609607195408,overlapping,observed,all_eligible
historical_demand_only,10,4,other,acute_selloff,65,0.8923076923076924,0.1076923076923077,2.8548387096774195,0.0828773438533944,-0.019062102351715113,0.06770531204118004,84731,28572,-0.019062102351715113,overlapping,observed,all_eligible
historical_demand_only,10,4,other,correction,778,0.5205655526992288,0.4794344473007712,3.480225988700565,0.06124828952598787,-0.04127396208481794,0.02530577717199735,84731,28572,-0.04127396208481794,overlapping,observed,all_eligible
historical_demand_only,10,4,other,range_bound,1010,0.4504950495049505,0.5495049504950495,3.0016447368421053,0.05461152673682503,-0.04668508888394983,0.006075215138738282,84731,28572,-0.04668508888394983,overlapping,observed,all_eligible
historical_demand_only,10,4,other,under_pressure,3735,0.37028112449799194,0.629718875502008,2.957549445248432,0.052830523313981755,-0.05809022177844354,-0.009072738157355265,84731,28572,-0.05809022177844354,overlapping,observed,all_eligible
historical_demand_only,10,4,other,uptrend,9320,0.4334763948497854,0.5665236051502146,3.01140350877193,0.06241725322837143,-0.044703202531010365,0.01591334099402717,84731,28572,-0.044703202531010365,overlapping,observed,all_eligible
historical_demand_only,10,4,semiconductor,acute_selloff,9,0.6666666666666666,0.3333333333333333,1.75,0.1315815535089081,-0.04750635249578147,0.11632035646683701,46622,16969,-0.04750635249578147,overlapping,observed,all_eligible
historical_demand_only,10,4,semiconductor,correction,223,0.4349775784753363,0.5650224215246636,2.4408602150537635,0.10898537511503964,-0.07415365983292611,0.03629737267347203,46622,16969,-0.07415365983292611,overlapping,observed,all_eligible
historical_demand_only,10,4,semiconductor,range_bound,433,0.371824480369515,0.628175519630485,2.4740484429065743,0.09879026743028478,-0.07417572693203081,0.020148411724598986,46622,16969,-0.07417572693203081,overlapping,observed,all_eligible
historical_demand_only,10,4,semiconductor,under_pressure,1887,0.3487016428192899,0.6512983571807102,2.4565972222222223,0.06333252162813638,-0.07929992094810405,-0.015233355563066134,46622,16969,-0.07929992094810405,overlapping,observed,all_eligible
historical_demand_only,10,4,semiconductor,uptrend,5133,0.3952854081433859,0.604714591856614,2.549137931034483,0.08664267085096285,-0.062244243534954204,0.01561671115453289,46622,16969,-0.062244243534954204,overlapping,observed,all_eligible
historical_demand_only,10,4,software,acute_selloff,49,0.8367346938775511,0.16326530612244897,3.0652173913043477,0.1066212315964611,-0.0294208942958359,0.08797513371343657,75958,30391,-0.0294208942958359,overlapping,observed,all_eligible
historical_demand_only,10,4,software,correction,753,0.547144754316069,0.45285524568393093,2.6403508771929824,0.08936559800790603,-0.04726613911982261,0.04667528499605009,75958,30391,-0.04726613911982261,overlapping,observed,all_eligible
historical_demand_only,10,4,software,range_bound,1179,0.453774385072095,0.546225614927905,2.64673157162726,0.06924128731356291,-0.05701071056699263,0.010592511252327146,75958,30391,-0.05701071056699263,overlapping,observed,all_eligible
historical_demand_only,10,4,software,under_pressure,3863,0.39502976960911207,0.6049702303908879,2.5298411335337057,0.06710965478049485,-0.06866045970177515,-0.0037983140228881615,75958,30391,-0.06866045970177515,overlapping,observed,all_eligible
historical_demand_only,10,4,software,uptrend,10191,0.4321460111863409,0.5678539888136591,2.812093435836783,0.08177435354098507,-0.05631702655957558,0.01901929975506324,75958,30391,-0.05631702655957558,overlapping,observed,all_eligible
historical_demand_only,10,5,other,acute_selloff,84,0.5476190476190477,0.4523809523809524,2.1323529411764706,0.09229800731365892,-0.06661124013144308,0.029582193430242383,84731,28572,-0.06661124013144308,overlapping,observed,all_eligible
historical_demand_only,10,5,other,correction,1344,0.4427083333333333,0.5572916666666666,2.642696629213483,0.07114424976299186,-0.07981225311734545,0.005988040110505529,84731,28572,-0.07981225311734545,overlapping,observed,all_eligible
historical_demand_only,10,5,other,range_bound,618,0.5210355987055016,0.47896440129449835,2.4285714285714284,0.07597877547908889,-0.04300685467596446,0.022702901425871433,84731,28572,-0.04300685467596446,overlapping,observed,all_eligible
historical_demand_only,10,5,other,under_pressure,4557,0.4382269036646917,0.5617730963353084,2.4252991452991455,0.06926452457228602,-0.058652807809478666,0.005991991114157336,84731,28572,-0.058652807809478666,overlapping,observed,all_eligible
historical_demand_only,10,5,other,uptrend,9573,0.3959051499007626,0.6040948500992375,2.901219512195122,0.06975219667641709,-0.0550983887983569,0.013172186772718496,84731,28572,-0.0550983887983569,overlapping,observed,all_eligible
historical_demand_only,10,5,semiconductor,acute_selloff,36,0.4444444444444444,0.5555555555555556,1.0,0.12297279385871605,-0.09367768457519138,0.01187347558441544,46622,16969,-0.09367768457519138,overlapping,observed,all_eligible
historical_demand_only,10,5,semiconductor,correction,626,0.38977635782747605,0.610223642172524,2.4668094218415417,0.1170617749519992,-0.10902787164666596,0.030468146798222788,46622,16969,-0.10902787164666596,overlapping,observed,all_eligible
historical_demand_only,10,5,semiconductor,range_bound,379,0.7546174142480211,0.24538258575197888,1.7977207977207976,0.20892391942865673,-0.04158084278395331,0.1305248217681901,46622,16969,-0.04158084278395331,overlapping,observed,all_eligible
historical_demand_only,10,5,semiconductor,under_pressure,2560,0.412890625,0.587109375,1.875454073689673,0.13011781834353733,-0.091599324048487,0.024784860841802703,46622,16969,-0.091599324048487,overlapping,observed,all_eligible
historical_demand_only,10,5,semiconductor,uptrend,5929,0.3899477146230393,0.6100522853769607,2.338553661906955,0.12593583452003348,-0.08142755798853307,0.0355768726657498,46622,16969,-0.08142755798853307,overlapping,observed,all_eligible
historical_demand_only,10,5,software,acute_selloff,82,0.6341463414634146,0.36585365853658536,1.2465753424657535,0.1189239551860524,-0.07726427514259966,0.009652486006711668,75958,30391,-0.07726427514259966,overlapping,observed,all_eligible
historical_demand_only,10,5,software,correction,1335,0.3962546816479401,0.6037453183520599,2.67472306143001,0.09582848880870024,-0.08854263807146015,0.024202839500622526,75958,30391,-0.08854263807146015,overlapping,observed,all_eligible
historical_demand_only,10,5,software,range_bound,607,0.6474464579901154,0.3525535420098847,1.9122055674518201,0.11915659374500845,-0.04475882431059754,0.051677342427157935,75958,30391,-0.04475882431059754,overlapping,observed,all_eligible
historical_demand_only,10,5,software,under_pressure,4023,0.4240616455381556,0.5759383544618444,2.0914432611090708,0.09462071463906749,-0.07719105735117145,0.008364074405592704,75958,30391,-0.07719105735117145,overlapping,observed,all_eligible
historical_demand_only,10,5,software,uptrend,9907,0.3532855556677097,0.6467144443322903,2.5013297872340425,0.09969323844904555,-0.07752704841634137,0.011577599732157993,75958,30391,-0.07752704841634137,overlapping,observed,all_eligible
historical_demand_only,20,1,other,acute_selloff,164,0.42073170731707316,0.5792682926829268,3.375886524822695,0.11475614036604155,-0.06019248393002522,0.05553569489603195,84731,28572,-0.06019248393002522,overlapping,observed,all_eligible
historical_demand_only,20,1,other,correction,1964,0.32484725050916496,0.675152749490835,4.6394366197183095,0.07907620095256412,-0.07767806234314152,0.004036600700013986,84731,28572,-0.07767806234314152,overlapping,observed,all_eligible
historical_demand_only,20,1,other,range_bound,1646,0.45018226002430134,0.5498177399756987,4.883650190114069,0.07569948728552336,-0.04714510148587444,0.025115766940802767,84731,28572,-0.04714510148587444,overlapping,observed,all_eligible
historical_demand_only,20,1,other,under_pressure,3107,0.28838107499195365,0.7116189250080464,5.41187648456057,0.06686652869893331,-0.06657053309083169,0.0008015796930680116,84731,28572,-0.06657053309083169,overlapping,observed,all_eligible
historical_demand_only,20,1,other,uptrend,6598,0.2691724765080327,0.7308275234919672,5.354913833255706,0.059806397917931575,-0.07095241266761547,-0.010698141750953228,84731,28572,-0.07095241266761547,overlapping,observed,all_eligible
historical_demand_only,20,1,semiconductor,acute_selloff,81,0.35802469135802467,0.6419753086419753,2.943661971830986,0.1254825785245164,-0.09283470018665631,0.03989245032570923,46622,16969,-0.09283470018665631,overlapping,observed,all_eligible
historical_demand_only,20,1,semiconductor,correction,828,0.29830917874396135,0.7016908212560387,3.8926470588235293,0.11449090223596314,-0.097024792913894,0.017343904235467066,46622,16969,-0.097024792913894,overlapping,observed,all_eligible
historical_demand_only,20,1,semiconductor,range_bound,905,0.4486187845303867,0.5513812154696133,3.0651340996168583,0.13285228455003392,-0.05669380042751411,0.06369308153566675,46622,16969,-0.05669380042751411,overlapping,observed,all_eligible
historical_demand_only,20,1,semiconductor,under_pressure,1383,0.2754880694143167,0.7245119305856833,4.450717703349282,0.10483010041637998,-0.09245099345847284,0.013742268926410728,46622,16969,-0.09245099345847284,overlapping,observed,all_eligible
historical_demand_only,20,1,semiconductor,uptrend,3579,0.21374685666387258,0.7862531433361274,4.423093131057732,0.08345570155776405,-0.09822597894796539,-0.015633009246402336,46622,16969,-0.09822597894796539,overlapping,observed,all_eligible
historical_demand_only,20,1,software,acute_selloff,80,0.425,0.575,3.824324324324324,0.1701534551969724,-0.07116318494380128,0.08870003345533728,75958,30391,-0.07116318494380128,overlapping,observed,all_eligible
historical_demand_only,20,1,software,correction,1301,0.32667179093005383,0.6733282090699462,4.235867446393762,0.09172234924452162,-0.09359322389541978,0.018822794249121658,75958,30391,-0.09359322389541978,overlapping,observed,all_eligible
historical_demand_only,20,1,software,range_bound,1188,0.49915824915824913,0.5008417508417509,4.1438923395445135,0.09885026028815844,-0.06443143921475997,0.030354289053126277,75958,30391,-0.06443143921475997,overlapping,observed,all_eligible
historical_demand_only,20,1,software,under_pressure,2227,0.33048944768747196,0.6695105523125281,4.538685282140779,0.09924077556403248,-0.08619476449043055,0.013090730380496575,75958,30391,-0.08619476449043055,overlapping,observed,all_eligible
historical_demand_only,20,1,software,uptrend,4892,0.2810711365494685,0.7189288634505315,5.182571428571428,0.08799102428025508,-0.08289182437435383,0.005526081966133639,75958,30391,-0.08289182437435383,overlapping,observed,all_eligible
historical_demand_only,20,2,other,acute_selloff,440,0.23863636363636365,0.7613636363636364,3.135135135135135,0.17768213203684702,-0.19515361361038097,0.022917089821606597,84731,28572,-0.19515361361038097,overlapping,observed,all_eligible
historical_demand_only,20,2,other,correction,1188,0.4166666666666667,0.5833333333333334,3.7327935222672064,0.1390660549009736,-0.10156145268156963,0.04614273526590783,84731,28572,-0.10156145268156963,overlapping,observed,all_eligible
historical_demand_only,20,2,other,range_bound,545,0.4990825688073395,0.5009174311926605,3.9299781181619258,0.1417593850771522,-0.06728675893890265,0.06010441913930034,84731,28572,-0.06728675893890265,overlapping,observed,all_eligible
historical_demand_only,20,2,other,under_pressure,2619,0.394807178312333,0.6051928216876671,4.613899613899614,0.1131983689831151,-0.06658954236205242,0.033999788041941655,84731,28572,-0.06658954236205242,overlapping,observed,all_eligible
historical_demand_only,20,2,other,uptrend,9847,0.351071392302224,0.6489286076977759,4.852992136478742,0.13871797441830208,-0.07770202737615288,0.0349173248442386,84731,28572,-0.07770202737615288,overlapping,observed,all_eligible
historical_demand_only,20,2,semiconductor,acute_selloff,203,0.3497536945812808,0.6502463054187192,2.943820224719101,0.23237340447801408,-0.1614941150465106,0.13238812240869377,46622,16969,-0.1614941150465106,overlapping,observed,all_eligible
historical_demand_only,20,2,semiconductor,correction,651,0.43317972350230416,0.5668202764976958,3.1182608695652174,0.16331134897505864,-0.08945703010360316,0.08653131505860877,46622,16969,-0.08945703010360316,overlapping,observed,all_eligible
historical_demand_only,20,2,semiconductor,range_bound,327,0.4709480122324159,0.5290519877675841,3.23943661971831,0.1597971637262856,-0.06693453137078412,0.05797283597141606,46622,16969,-0.06693453137078412,overlapping,observed,all_eligible
historical_demand_only,20,2,semiconductor,under_pressure,1263,0.4014251781472684,0.5985748218527316,3.690340909090909,0.13552045953901576,-0.07142322005442497,0.061284494290635795,46622,16969,-0.07142322005442497,overlapping,observed,all_eligible
historical_demand_only,20,2,semiconductor,uptrend,5873,0.33373063170441003,0.66626936829559,4.5929987347110925,0.12248273154424455,-0.0861734612263759,0.02954607659272865,46622,16969,-0.0861734612263759,overlapping,observed,all_eligible
historical_demand_only,20,2,software,acute_selloff,438,0.3401826484018265,0.6598173515981736,2.8101604278074865,0.1837623316177392,-0.1681337494160614,0.07109564118689893,75958,30391,-0.1681337494160614,overlapping,observed,all_eligible
historical_demand_only,20,2,software,correction,979,0.4943820224719101,0.5056179775280899,3.56993006993007,0.178106548343479,-0.10000550769515554,0.08802046270615713,75958,30391,-0.10000550769515554,overlapping,observed,all_eligible
historical_demand_only,20,2,software,range_bound,463,0.5356371490280778,0.46436285097192226,3.68433734939759,0.2662864959137632,-0.06600945852703557,0.1765288579592185,75958,30391,-0.06600945852703557,overlapping,observed,all_eligible
historical_demand_only,20,2,software,under_pressure,1770,0.34858757062146895,0.651412429378531,4.5442857142857145,0.12392170618316624,-0.08618136552113367,0.031752648002272836,75958,30391,-0.08618136552113367,overlapping,observed,all_eligible
historical_demand_only,20,2,software,uptrend,8609,0.3381345103960971,0.6618654896039029,4.46698252887178,0.13993470163116567,-0.09013429011803974,0.030328054672742848,75958,30391,-0.09013429011803974,overlapping,observed,all_eligible
historical_demand_only,20,3,other,acute_selloff,586,0.295221843003413,0.7047781569965871,3.7117296222664016,0.11138350688440973,-0.08270101090295008,0.01768175315030583,84731,28572,-0.08270101090295008,overlapping,observed,all_eligible
historical_demand_only,20,3,other,correction,4792,0.2936143572621035,0.7063856427378965,4.233639805300162,0.10582530941732307,-0.09160443800896177,0.020188575365251003,84731,28572,-0.09160443800896177,overlapping,observed,all_eligible
historical_demand_only,20,3,other,range_bound,2976,0.2758736559139785,0.7241263440860215,3.7962703962703963,0.08511937359015724,-0.08116469188411314,-0.013633762181368494,84731,28572,-0.08116469188411314,overlapping,observed,all_eligible
historical_demand_only,20,3,other,under_pressure,1814,0.28831312017640576,0.7116868798235942,4.784198975859546,0.08451807384745458,-0.08404027462561026,0.0018015521795842822,84731,28572,-0.08404027462561026,overlapping,observed,all_eligible
historical_demand_only,20,3,other,uptrend,3983,0.2390158172231986,0.7609841827768014,4.986057319907049,0.06382834435010051,-0.08384778217144785,-0.02044767121962128,84731,28572,-0.08384778217144785,overlapping,observed,all_eligible
historical_demand_only,20,3,semiconductor,acute_selloff,233,0.12446351931330472,0.8755364806866953,3.426470588235294,0.10890483278201397,-0.10627049554110922,-0.0009352294904018393,46622,16969,-0.10627049554110922,overlapping,observed,all_eligible
historical_demand_only,20,3,semiconductor,correction,2215,0.2514672686230248,0.7485327313769752,4.066666666666666,0.13753201215444213,-0.10640555250427886,0.03431970736552595,46622,16969,-0.10640555250427886,overlapping,observed,all_eligible
historical_demand_only,20,3,semiconductor,range_bound,1913,0.25927861996863566,0.7407213800313643,2.418966737438075,0.10453006424234153,-0.10662603776933474,-0.029620963085299653,46622,16969,-0.10662603776933474,overlapping,observed,all_eligible
historical_demand_only,20,3,semiconductor,under_pressure,1045,0.2813397129186603,0.7186602870813397,3.530075187969925,0.11178728774473062,-0.10302955639283107,0.0077531879830074054,46622,16969,-0.10302955639283107,overlapping,observed,all_eligible
historical_demand_only,20,3,semiconductor,uptrend,2497,0.21385662795354426,0.7861433720464558,4.245261984392419,0.09501020735561173,-0.09226308425455826,-0.0047498049648213815,46622,16969,-0.09226308425455826,overlapping,observed,all_eligible
historical_demand_only,20,3,software,acute_selloff,473,0.2156448202959831,0.7843551797040169,2.583743842364532,0.15268091813705145,-0.14290788317722394,-0.03167927954394577,75958,30391,-0.14290788317722394,overlapping,observed,all_eligible
historical_demand_only,20,3,software,correction,4307,0.23125145112607384,0.7687485488739262,3.5666169895678093,0.12051516099570528,-0.1319519097719435,-0.0037452963816420027,75958,30391,-0.1319519097719435,overlapping,observed,all_eligible
historical_demand_only,20,3,software,range_bound,3347,0.2464893934867045,0.7535106065132955,3.098079280751941,0.12202180726611027,-0.11671049150615452,-0.03176115511060409,75958,30391,-0.11671049150615452,overlapping,observed,all_eligible
historical_demand_only,20,3,software,under_pressure,1700,0.3035294117647059,0.6964705882352941,3.7331768388106417,0.11725034091197045,-0.10209987644990653,0.005192777909569194,75958,30391,-0.10209987644990653,overlapping,observed,all_eligible
historical_demand_only,20,3,software,uptrend,4515,0.27663344407530455,0.7233665559246955,4.037671232876712,0.0972850479334353,-0.10551524925549037,-0.02529994833719246,75958,30391,-0.10551524925549037,overlapping,observed,all_eligible
historical_demand_only,20,4,other,acute_selloff,65,0.8153846153846154,0.18461538461538463,3.1846153846153844,0.12936239191641855,-0.023647437097599765,0.06422850965966195,84731,28572,-0.023647437097599765,overlapping,observed,all_eligible
historical_demand_only,20,4,other,correction,778,0.4537275064267352,0.5462724935732648,4.973143759873618,0.08710693862486278,-0.05299856948159108,0.025586401489601975,84731,28572,-0.05299856948159108,overlapping,observed,all_eligible
historical_demand_only,20,4,other,range_bound,1010,0.31287128712871287,0.6871287128712872,4.781292984869326,0.08589553023602603,-0.06490274450034376,0.01982197185776971,84731,28572,-0.06490274450034376,overlapping,observed,all_eligible
historical_demand_only,20,4,other,under_pressure,3735,0.28005354752342704,0.719946452476573,4.952155001977066,0.07624462032684846,-0.07681906688475441,0.0037946219955476515,84731,28572,-0.07681906688475441,overlapping,observed,all_eligible
historical_demand_only,20,4,other,uptrend,9320,0.338519313304721,0.6614806866952789,5.025064084306465,0.09912554766494372,-0.06365039357750296,0.02887935128699918,84731,28572,-0.06365039357750296,overlapping,observed,all_eligible
historical_demand_only,20,4,semiconductor,acute_selloff,9,0.6666666666666666,0.3333333333333333,3.4444444444444446,0.1681458116256012,-0.04750635249578147,0.039398132532139,46622,16969,-0.04750635249578147,overlapping,observed,all_eligible
historical_demand_only,20,4,semiconductor,correction,223,0.3094170403587444,0.6905829596412556,2.928205128205128,0.16423051003709888,-0.09673629329156537,0.03411918356960945,46622,16969,-0.09673629329156537,overlapping,observed,all_eligible
historical_demand_only,20,4,semiconductor,range_bound,433,0.3140877598152425,0.6859122401847575,3.8623853211009176,0.1508866231146321,-0.08894105034000503,0.05400478330466055,46622,16969,-0.08894105034000503,overlapping,observed,all_eligible
historical_demand_only,20,4,semiconductor,under_pressure,1887,0.25967143614202437,0.7403285638579756,4.307580174927113,0.09437480014353257,-0.10491850360557435,-0.0036636129636423266,46622,16969,-0.10491850360557435,overlapping,observed,all_eligible
historical_demand_only,20,4,semiconductor,uptrend,5133,0.28618741476719267,0.7138125852328073,3.9917685208281366,0.13307901068479316,-0.09131624723353224,0.023602219833334544,46622,16969,-0.09131624723353224,overlapping,observed,all_eligible
historical_demand_only,20,4,software,acute_selloff,49,0.7755102040816326,0.22448979591836735,3.7346938775510203,0.15356913694211186,-0.04013591412959292,0.074660732011555,75958,30391,-0.04013591412959292,overlapping,observed,all_eligible
historical_demand_only,20,4,software,correction,753,0.42231075697211157,0.5776892430278885,3.8947368421052633,0.12626702657414135,-0.06202119138992984,0.04985730885484051,75958,30391,-0.06202119138992984,overlapping,observed,all_eligible
historical_demand_only,20,4,software,range_bound,1179,0.35538592027141647,0.6446140797285835,4.381516587677726,0.11673538626306472,-0.0748932291031242,0.045322923493019675,75958,30391,-0.0748932291031242,overlapping,observed,all_eligible
historical_demand_only,20,4,software,under_pressure,3863,0.30572094227284496,0.694279057727155,4.671673070206078,0.09887465624346989,-0.09165799403151047,0.011845342091174611,75958,30391,-0.09165799403151047,overlapping,observed,all_eligible
historical_demand_only,20,4,software,uptrend,10191,0.336865862035129,0.663134137964871,4.516923842707815,0.13130070948506145,-0.07865312916998597,0.03574731381062566,75958,30391,-0.07865312916998597,overlapping,observed,all_eligible
historical_demand_only,20,5,other,acute_selloff,84,0.30952380952380953,0.6904761904761905,2.9324324324324325,0.1379884500458415,-0.11466691657889923,0.04549128012337776,84731,28572,-0.11466691657889923,overlapping,observed,all_eligible
historical_demand_only,20,5,other,correction,1344,0.29464285714285715,0.7053571428571429,4.092592592592593,0.10620867093738508,-0.11306862117446223,0.01291558310327187,84731,28572,-0.11306862117446223,overlapping,observed,all_eligible
historical_demand_only,20,5,other,range_bound,618,0.42880258899676377,0.5711974110032363,4.5870841487279845,0.11699395149506572,-0.0566417680360637,0.04570595040690547,84731,28572,-0.0566417680360637,overlapping,observed,all_eligible
historical_demand_only,20,5,other,under_pressure,4240,0.33537735849056605,0.664622641509434,3.909691629955947,0.10233453934614217,-0.08076039810245848,0.010950839801358307,84731,28572,-0.08076039810245848,overlapping,observed,all_eligible
historical_demand_only,20,5,other,uptrend,9504,0.30166245791245794,0.6983375420875421,4.737133692958158,0.10857621543566409,-0.0756579312326009,0.026353573913245783,84731,28572,-0.0756579312326009,overlapping,observed,all_eligible
historical_demand_only,20,5,semiconductor,acute_selloff,36,0.4166666666666667,0.5833333333333334,1.3235294117647058,0.17287786259375804,-0.1357752141010268,0.050136182597175144,46622,16969,-0.1357752141010268,overlapping,observed,all_eligible
historical_demand_only,20,5,semiconductor,correction,626,0.33226837060702874,0.6677316293929713,3.1646586345381524,0.23896630057837057,-0.1456494835177885,0.10312759185116384,46622,16969,-0.1456494835177885,overlapping,observed,all_eligible
historical_demand_only,20,5,semiconductor,range_bound,379,0.7097625329815304,0.29023746701846964,2.292682926829268,0.35516463179909147,-0.05190901276973625,0.23938638236030388,46622,16969,-0.05190901276973625,overlapping,observed,all_eligible
historical_demand_only,20,5,semiconductor,under_pressure,2401,0.31403581840899625,0.6859641815910037,3.0421155729676785,0.21019321554735107,-0.11449908713843825,0.06991828328928065,46622,16969,-0.11449908713843825,overlapping,observed,all_eligible
historical_demand_only,20,5,semiconductor,uptrend,5904,0.30775745257452575,0.6922425474254743,3.857459230924099,0.2050050183748874,-0.10513705941221728,0.07439708305235124,46622,16969,-0.10513705941221728,overlapping,observed,all_eligible
historical_demand_only,20,5,software,acute_selloff,82,0.5,0.5,1.7105263157894737,0.18183848933611493,-0.11977874626217735,0.07585582611904378,75958,30391,-0.11977874626217735,overlapping,observed,all_eligible
historical_demand_only,20,5,software,correction,1335,0.31086142322097376,0.6891385767790262,3.858041329739443,0.1584184240148336,-0.11564720191344464,0.06537590320374354,75958,30391,-0.11564720191344464,overlapping,observed,all_eligible
historical_demand_only,20,5,software,range_bound,607,0.49917627677100496,0.500823723228995,2.958823529411765,0.1843139632350638,-0.08035661282109458,0.07402669279527754,75958,30391,-0.08035661282109458,overlapping,observed,all_eligible
historical_demand_only,20,5,software,under_pressure,3715,0.2869448183041723,0.7130551816958277,3.454676258992806,0.13982255756025205,-0.11220268708551152,0.010087154955473385,75958,30391,-0.11220268708551152,overlapping,observed,all_eligible
historical_demand_only,20,5,software,uptrend,9837,0.25434583714547115,0.7456541628545288,4.056068031132892,0.15683746328779538,-0.10916098829551064,0.019920116403695346,75958,30391,-0.10916098829551064,overlapping,observed,all_eligible
no_decay,5,1,other,acute_selloff,192,0.6458333333333334,0.3541666666666667,1.2868217054263567,0.07256129257012545,-0.03424314452327109,0.036873515397140344,90273,28572,-0.03424314452327109,overlapping,observed,all_eligible
no_decay,5,1,other,correction,2159,0.5780453913849004,0.4219546086150996,1.6161616161616161,0.039994878898913865,-0.03699256813257685,0.0026218208036169113,90273,28572,-0.03699256813257685,overlapping,observed,all_eligible
no_decay,5,1,other,range_bound,1710,0.656140350877193,0.34385964912280703,1.8468899521531101,0.03604117891260022,-0.0263090181532983,0.011509868598505705,90273,28572,-0.0263090181532983,overlapping,observed,all_eligible
no_decay,5,1,other,under_pressure,3354,0.5071556350626119,0.4928443649373882,1.692488262910798,0.0323069044546573,-0.03439516290674451,-0.0012219464232008366,90273,28572,-0.03439516290674451,overlapping,observed,all_eligible
no_decay,5,1,other,uptrend,6956,0.5255894192064405,0.4744105807935595,1.8255352894528152,0.027990647970272935,-0.03150975379190472,-0.0033283904441489907,90273,28572,-0.03150975379190472,overlapping,observed,all_eligible
no_decay,5,1,semiconductor,acute_selloff,101,0.5841584158415841,0.4158415841584158,0.8529411764705882,0.06748210861693324,-0.04275151968796549,0.017047062683664228,50294,16969,-0.04275151968796549,overlapping,observed,all_eligible
no_decay,5,1,semiconductor,correction,951,0.5236593059936908,0.47634069400630913,1.3466424682395643,0.05204217414166775,-0.05089030381361593,0.002440927988416986,50294,16969,-0.05089030381361593,overlapping,observed,all_eligible
no_decay,5,1,semiconductor,range_bound,954,0.6519916142557652,0.3480083857442348,1.527047913446677,0.060585079872659806,-0.03140589999363842,0.02733501937611913,50294,16969,-0.03140589999363842,overlapping,observed,all_eligible
no_decay,5,1,semiconductor,under_pressure,1558,0.4435173299101412,0.5564826700898587,1.3359683794466404,0.04466417525990906,-0.05026168525551452,-0.002870000176170083,50294,16969,-0.05026168525551452,overlapping,observed,all_eligible
no_decay,5,1,semiconductor,uptrend,3776,0.4896716101694915,0.5103283898305084,1.592958616429895,0.03908161471841883,-0.04233101151146055,-0.003977226970237393,50294,16969,-0.04233101151146055,overlapping,observed,all_eligible
no_decay,5,1,software,acute_selloff,102,0.6176470588235294,0.38235294117647056,1.0666666666666667,0.07648933090310636,-0.04593138968632807,0.0334384029106435,81550,30391,-0.04593138968632807,overlapping,observed,all_eligible
no_decay,5,1,software,correction,1407,0.5081734186211798,0.4918265813788202,1.5326086956521738,0.045305687680120436,-0.048331569395665616,0.0013125055939106373,81550,30391,-0.048331569395665616,overlapping,observed,all_eligible
no_decay,5,1,software,range_bound,1230,0.6422764227642277,0.35772357723577236,1.550375939849624,0.04763729258814489,-0.03955382254284891,0.010659300911462354,81550,30391,-0.03955382254284891,overlapping,observed,all_eligible
no_decay,5,1,software,under_pressure,2369,0.5158294639088223,0.4841705360911777,1.533795493934142,0.045790838893256906,-0.04315038327438499,0.004670584811625231,81550,30391,-0.04315038327438499,overlapping,observed,all_eligible
no_decay,5,1,software,uptrend,5074,0.5563657863618447,0.4436342136381553,1.7872641509433962,0.03742960114554448,-0.038808930759430406,0.00025376500375969273,81550,30391,-0.038808930759430406,overlapping,observed,all_eligible
no_decay,5,2,other,acute_selloff,494,0.4534412955465587,0.5465587044534413,1.3056478405315615,0.09988251821602886,-0.10530152910372485,-0.001754107240918511,90273,28572,-0.10530152910372485,overlapping,observed,all_eligible
no_decay,5,2,other,correction,1285,0.5743190661478599,0.42568093385214006,1.340153452685422,0.06606592953704651,-0.06227967244440106,0.004825160977970563,90273,28572,-0.06227967244440106,overlapping,observed,all_eligible
no_decay,5,2,other,range_bound,585,0.6854700854700855,0.3145299145299145,1.4649122807017543,0.06924111032569197,-0.03754466891902966,0.025325490633851883,90273,28572,-0.03754466891902966,overlapping,observed,all_eligible
no_decay,5,2,other,under_pressure,2813,0.5620334162815499,0.43796658371845004,1.5112891478514203,0.0479201095816969,-0.0400764068915188,0.007361230761648587,90273,28572,-0.0400764068915188,overlapping,observed,all_eligible
no_decay,5,2,other,uptrend,10376,0.5627409406322282,0.43725905936777176,1.5467685319017137,0.051975164147487825,-0.03928087927429049,0.009011529502266493,90273,28572,-0.03928087927429049,overlapping,observed,all_eligible
no_decay,5,2,semiconductor,acute_selloff,260,0.4653846153846154,0.5346153846153846,1.1397849462365592,0.10919121350951973,-0.10158530770361338,0.019360560717094983,50294,16969,-0.10158530770361338,overlapping,observed,all_eligible
no_decay,5,2,semiconductor,correction,724,0.5787292817679558,0.4212707182320442,1.3347022587268993,0.06858457069765549,-0.05886177263425679,0.01527658331953962,50294,16969,-0.05886177263425679,overlapping,observed,all_eligible
no_decay,5,2,semiconductor,range_bound,349,0.7106017191977078,0.28939828080229224,1.251121076233184,0.0678526708049249,-0.036762529223065755,0.030159349568581944,50294,16969,-0.036762529223065755,overlapping,observed,all_eligible
no_decay,5,2,semiconductor,under_pressure,1406,0.5440967283072546,0.45590327169274536,1.272943980929678,0.05263676712647044,-0.04752247476927308,0.006140722426991324,50294,16969,-0.04752247476927308,overlapping,observed,all_eligible
no_decay,5,2,semiconductor,uptrend,6222,0.5369656059144969,0.46303439408550306,1.451875,0.0510866667770444,-0.04396330670948433,0.006574607237235726,50294,16969,-0.04396330670948433,overlapping,observed,all_eligible
no_decay,5,2,software,acute_selloff,497,0.5150905432595574,0.48490945674044267,1.2046783625730995,0.0944893193177688,-0.08272662081292052,0.017461096077007358,81550,30391,-0.08272662081292052,overlapping,observed,all_eligible
no_decay,5,2,software,correction,1089,0.6179981634527089,0.3820018365472911,1.2510699001426533,0.06910796571766582,-0.0622625703040612,0.010009002333258061,81550,30391,-0.0622625703040612,overlapping,observed,all_eligible
no_decay,5,2,software,range_bound,496,0.7620967741935484,0.23790322580645162,1.4103343465045592,0.07153500823250755,-0.03780149341265455,0.027290426804609556,81550,30391,-0.03780149341265455,overlapping,observed,all_eligible
no_decay,5,2,software,under_pressure,1972,0.5182555780933062,0.4817444219066937,1.4477459016393444,0.05021811467224271,-0.050648937694564966,0.001960370734467857,81550,30391,-0.050648937694564966,overlapping,observed,all_eligible
no_decay,5,2,software,uptrend,9068,0.5603220114689016,0.43967798853109835,1.506102877070619,0.05982161449600293,-0.04499139123516366,0.010217195842320769,81550,30391,-0.04499139123516366,overlapping,observed,all_eligible
no_decay,5,3,other,acute_selloff,656,0.5198170731707317,0.4801829268292683,1.3661616161616161,0.05399083921482099,-0.04615981169511068,0.015454714658008918,90273,28572,-0.04615981169511068,overlapping,observed,all_eligible
no_decay,5,3,other,correction,5163,0.5020337013364323,0.4979662986635677,1.3805774278215224,0.0490690748959691,-0.04802544297414582,0.002053948255542146,90273,28572,-0.04802544297414582,overlapping,observed,all_eligible
no_decay,5,3,other,range_bound,3153,0.5337773549000951,0.46622264509990485,1.552697616060226,0.04477806604548078,-0.038404937137482255,0.004592916623455462,90273,28572,-0.038404937137482255,overlapping,observed,all_eligible
no_decay,5,3,other,under_pressure,1940,0.5175257731958763,0.4824742268041237,1.4726867335562988,0.038995584203499994,-0.03878298362009456,-0.001372104511201649,90273,28572,-0.03878298362009456,overlapping,observed,all_eligible
no_decay,5,3,other,uptrend,4228,0.5120624408703879,0.4879375591296121,1.6391625615763548,0.0340869668376782,-0.03803755294499337,-0.004062639303611669,90273,28572,-0.03803755294499337,overlapping,observed,all_eligible
no_decay,5,3,semiconductor,acute_selloff,280,0.3142857142857143,0.6857142857142857,1.6384180790960452,0.05678941144077604,-0.06570835125493717,0.010580944890905974,50294,16969,-0.06570835125493717,overlapping,observed,all_eligible
no_decay,5,3,semiconductor,correction,2524,0.4449286846275753,0.5550713153724247,1.3452791178497587,0.05706353570104731,-0.05725177837880486,0.001919372798241376,50294,16969,-0.05725177837880486,overlapping,observed,all_eligible
no_decay,5,3,semiconductor,range_bound,2005,0.5082294264339152,0.4917705735660848,1.2246376811594204,0.056341798321498125,-0.04726372780791436,0.005678379713321427,50294,16969,-0.04726372780791436,overlapping,observed,all_eligible
no_decay,5,3,semiconductor,under_pressure,1126,0.5035523978685613,0.49644760213143874,1.1362179487179487,0.0485729905416861,-0.049679391004010275,-0.00390936683239514,50294,16969,-0.049679391004010275,overlapping,observed,all_eligible
no_decay,5,3,semiconductor,uptrend,2642,0.4822104466313399,0.5177895533686601,1.4407319013524265,0.04490888117615334,-0.04546209735993575,-0.0002116428727926535,50294,16969,-0.04546209735993575,overlapping,observed,all_eligible
no_decay,5,3,software,acute_selloff,576,0.4600694444444444,0.5399305555555556,1.2671755725190839,0.07638243738468319,-0.06976234245318502,0.02015746205767077,81550,30391,-0.06976234245318502,overlapping,observed,all_eligible
no_decay,5,3,software,correction,4815,0.44714434060228453,0.5528556593977155,1.1913946587537092,0.0602029299517152,-0.06746103957949923,-0.009449516255070924,81550,30391,-0.06746103957949923,overlapping,observed,all_eligible
no_decay,5,3,software,range_bound,3545,0.5314527503526093,0.4685472496473907,1.2812344449975113,0.06032940468875914,-0.052750031632554796,0.0020378148287727646,81550,30391,-0.052750031632554796,overlapping,observed,all_eligible
no_decay,5,3,software,under_pressure,1841,0.5252580119500272,0.47474198804997286,1.214430894308943,0.05107364118316233,-0.04763403002220593,-0.0016144424307055788,81550,30391,-0.04763403002220593,overlapping,observed,all_eligible
no_decay,5,3,software,uptrend,4807,0.4969835656334512,0.5030164343665487,1.4873749404478323,0.05025195785268637,-0.04842321915397356,-0.0009203440936497373,81550,30391,-0.04842321915397356,overlapping,observed,all_eligible
no_decay,5,4,other,acute_selloff,71,0.9014084507042254,0.09859154929577464,1.3018867924528301,0.05714969305084485,-0.01833922043998857,0.031005404741531524,90273,28572,-0.01833922043998857,overlapping,observed,all_eligible
no_decay,5,4,other,correction,866,0.5842956120092379,0.41570438799076215,1.8152709359605912,0.04076094790578551,-0.03368549349545955,0.011830920058482209,90273,28572,-0.03368549349545955,overlapping,observed,all_eligible
no_decay,5,4,other,range_bound,1057,0.5988647114474929,0.4011352885525071,1.7620041753653444,0.03803353741933875,-0.03373586457048332,0.0016669548567809572,90273,28572,-0.03373586457048332,overlapping,observed,all_eligible
no_decay,5,4,other,under_pressure,4093,0.5037869533349622,0.49621304666503785,1.6466346153846154,0.03607724930144867,-0.03864443751960963,-0.004780026333638009,90273,28572,-0.03864443751960963,overlapping,observed,all_eligible
no_decay,5,4,other,uptrend,9891,0.5422100899807906,0.4577899100192094,1.6403628117913833,0.04009317713030956,-0.03209141064494794,0.006978237969103262,90273,28572,-0.03209141064494794,overlapping,observed,all_eligible
no_decay,5,4,semiconductor,acute_selloff,17,0.8235294117647058,0.17647058823529413,0.8571428571428571,0.08469154366595173,-0.0449548677775064,0.04827098370492741,50294,16969,-0.0449548677775064,overlapping,observed,all_eligible
no_decay,5,4,semiconductor,correction,299,0.5618729096989966,0.43812709030100333,1.541871921182266,0.06791217532725098,-0.0564572784901713,0.02106921481332124,50294,16969,-0.0564572784901713,overlapping,observed,all_eligible
no_decay,5,4,semiconductor,range_bound,489,0.4621676891615542,0.5378323108384458,1.5444015444015444,0.059099856824149644,-0.05385777775169786,-0.0019269846155188374,50294,16969,-0.05385777775169786,overlapping,observed,all_eligible
no_decay,5,4,semiconductor,under_pressure,2211,0.4758028041610131,0.5241971958389868,1.3134469696969697,0.04415512666606469,-0.05123900831805218,-0.009252458082429494,50294,16969,-0.05123900831805218,overlapping,observed,all_eligible
no_decay,5,4,semiconductor,uptrend,5610,0.5110516934046346,0.4889483065953654,1.402540956201939,0.056761566428045945,-0.04407496943056926,0.009342855476463834,50294,16969,-0.04407496943056926,overlapping,observed,all_eligible
no_decay,5,4,software,acute_selloff,58,0.8620689655172413,0.13793103448275862,1.236842105263158,0.07223721167847998,-0.026050091887204304,0.03835665297131494,81550,30391,-0.026050091887204304,overlapping,observed,all_eligible
no_decay,5,4,software,correction,905,0.6198895027624309,0.38011049723756907,1.6427255985267035,0.05844864383587625,-0.03834103127142518,0.02476506037475938,81550,30391,-0.03834103127142518,overlapping,observed,all_eligible
no_decay,5,4,software,range_bound,1256,0.5835987261146497,0.4164012738853503,1.6493506493506493,0.04704512475074643,-0.0404678881667054,0.0041736812383157025,81550,30391,-0.0404678881667054,overlapping,observed,all_eligible
no_decay,5,4,software,under_pressure,4466,0.5105239587998208,0.4894760412001791,1.4341417023300047,0.04621872264381089,-0.04605685364032964,-0.0024313961529286695,81550,30391,-0.04605685364032964,overlapping,observed,all_eligible
no_decay,5,4,software,uptrend,10732,0.5408125232948192,0.4591874767051808,1.5001878287002255,0.05265853325623597,-0.04103386183641701,0.008314892726406247,81550,30391,-0.04103386183641701,overlapping,observed,all_eligible
no_decay,5,5,other,acute_selloff,104,0.6923076923076923,0.3076923076923077,0.9452054794520548,0.07991249651779425,-0.046768830926917235,0.047881285024784406,90273,28572,-0.046768830926917235,overlapping,observed,all_eligible
no_decay,5,5,other,correction,1444,0.5422437673130194,0.4577562326869806,1.4320323014804845,0.04635077458813851,-0.056664135630836526,-0.005400475140413125,90273,28572,-0.056664135630836526,overlapping,observed,all_eligible
no_decay,5,5,other,range_bound,666,0.6591591591591591,0.3408408408408408,1.4866310160427807,0.05233808874477225,-0.031147062460819143,0.019361844741488755,90273,28572,-0.031147062460819143,overlapping,observed,all_eligible
no_decay,5,5,other,under_pressure,5013,0.5581488130859764,0.44185118691402353,1.4312282061216584,0.048586752671892615,-0.040575948080613544,0.006357141776680157,90273,28572,-0.040575948080613544,overlapping,observed,all_eligible
no_decay,5,5,other,uptrend,10135,0.5136655155402072,0.48633448445979277,1.6179276680718881,0.04341382412938619,-0.03964349747752454,0.0037624882625048556,90273,28572,-0.03964349747752454,overlapping,observed,all_eligible
no_decay,5,5,semiconductor,acute_selloff,42,0.47619047619047616,0.5238095238095238,0.8055555555555556,0.11072031058082532,-0.07904728117324153,0.03302408040339306,50294,16969,-0.07904728117324153,overlapping,observed,all_eligible
no_decay,5,5,semiconductor,correction,667,0.48125937031484256,0.5187406296851574,1.3076923076923077,0.06892842361640217,-0.07740234082407227,-0.000919490047973019,50294,16969,-0.07740234082407227,overlapping,observed,all_eligible
no_decay,5,5,semiconductor,range_bound,419,0.7398568019093079,0.26014319809069214,1.1938461538461538,0.11122798855940859,-0.04421759115234441,0.06823833666580581,50294,16969,-0.04421759115234441,overlapping,observed,all_eligible
no_decay,5,5,semiconductor,under_pressure,2861,0.5571478504019574,0.44285214959804264,1.1252665245202558,0.09057089534772904,-0.06488718087325544,0.02089665703917049,50294,16969,-0.06488718087325544,overlapping,observed,all_eligible
no_decay,5,5,semiconductor,uptrend,6170,0.49886547811993515,0.5011345218800648,1.338899534629072,0.077616231054016,-0.06063375593527442,0.013279208489675119,50294,16969,-0.06063375593527442,overlapping,observed,all_eligible
no_decay,5,5,software,acute_selloff,103,0.7669902912621359,0.23300970873786409,0.9090909090909091,0.12092059570549696,-0.05108167838541345,0.06375765882447137,81550,30391,-0.05108167838541345,overlapping,observed,all_eligible
no_decay,5,5,software,correction,1489,0.5130960376091337,0.48690396239086636,1.471345029239766,0.06204862677529565,-0.064187314974826,0.0013904689064145853,81550,30391,-0.064187314974826,overlapping,observed,all_eligible
no_decay,5,5,software,range_bound,688,0.7354651162790697,0.26453488372093026,1.3604395604395605,0.08195051020649745,-0.03485308926152772,0.04226452010618045,81550,30391,-0.03485308926152772,overlapping,observed,all_eligible
no_decay,5,5,software,under_pressure,4638,0.5282449331608452,0.4717550668391548,1.2616390919584455,0.06518659120068183,-0.0550309397700726,0.0072883291952787425,81550,30391,-0.0550309397700726,overlapping,observed,all_eligible
no_decay,5,5,software,uptrend,10530,0.47359924026590694,0.5264007597340931,1.3989255869478712,0.061873848914038264,-0.054359501500801266,0.002948249791633011,81550,30391,-0.054359501500801266,overlapping,observed,all_eligible
no_decay,10,1,other,acute_selloff,192,0.53125,0.46875,1.8571428571428572,0.09382771175277012,-0.046173134217166366,0.03702492263392386,90273,28572,-0.046173134217166366,overlapping,observed,all_eligible
no_decay,10,1,other,correction,2159,0.4590088003705419,0.5409911996294581,2.8460949464012253,0.055892220513647235,-0.05340557409045323,0.002602878780896436,90273,28572,-0.05340557409045323,overlapping,observed,all_eligible
no_decay,10,1,other,range_bound,1710,0.5701754385964912,0.4298245614035088,3.093145869947276,0.05358850747701612,-0.03349671778798702,0.01827502354459751,90273,28572,-0.03349671778798702,overlapping,observed,all_eligible
no_decay,10,1,other,under_pressure,3354,0.3974358974358974,0.6025641025641025,3.060213843556556,0.04571014597550071,-0.048234522564789474,-0.002245272840299933,90273,28572,-0.048234522564789474,overlapping,observed,all_eligible
no_decay,10,1,other,uptrend,6956,0.3874353076480736,0.6125646923519263,3.2853577371048255,0.04134318216321946,-0.04782007376659633,-0.004530444388141334,90273,28572,-0.04782007376659633,overlapping,observed,all_eligible
no_decay,10,1,semiconductor,acute_selloff,101,0.43564356435643564,0.5643564356435643,1.7179487179487178,0.08833896308497004,-0.06624951670242286,0.004520672109092189,50294,16969,-0.06624951670242286,overlapping,observed,all_eligible
no_decay,10,1,semiconductor,correction,951,0.39747634069400634,0.6025236593059937,2.4408759124087593,0.077307630693545,-0.07088194509173182,0.00427717321101585,50294,16969,-0.07088194509173182,overlapping,observed,all_eligible
no_decay,10,1,semiconductor,range_bound,954,0.5660377358490566,0.4339622641509434,2.259452411994785,0.09091247946019525,-0.039466630218799106,0.04304544274589052,50294,16969,-0.039466630218799106,overlapping,observed,all_eligible
no_decay,10,1,semiconductor,under_pressure,1558,0.3465982028241335,0.6534017971758665,2.4855072463768115,0.0652390782329539,-0.06895951387980905,-0.0018698583842237735,50294,16969,-0.06895951387980905,overlapping,observed,all_eligible
no_decay,10,1,semiconductor,uptrend,3776,0.345603813559322,0.654396186440678,2.8018691588785045,0.05849712163082935,-0.06522743228432469,-0.007069074671882971,50294,16969,-0.06522743228432469,overlapping,observed,all_eligible
no_decay,10,1,software,acute_selloff,102,0.47058823529411764,0.5294117647058824,1.294871794871795,0.09934218096255457,-0.055695507370218,0.043232759996707226,81550,30391,-0.055695507370218,overlapping,observed,all_eligible
no_decay,10,1,software,correction,1407,0.4136460554371002,0.5863539445628998,2.722513089005236,0.06420034422182594,-0.06803117357944151,0.005142189255895083,81550,30391,-0.06803117357944151,overlapping,observed,all_eligible
no_decay,10,1,software,range_bound,1230,0.5747967479674797,0.42520325203252035,2.744874715261959,0.07128206940122074,-0.04988631771001469,0.023190011151282088,81550,30391,-0.04988631771001469,overlapping,observed,all_eligible
no_decay,10,1,software,under_pressure,2369,0.429717180244829,0.5702828197551709,2.751152073732719,0.06587152112848972,-0.06328196327062009,0.00511100960039386,81550,30391,-0.06328196327062009,overlapping,observed,all_eligible
no_decay,10,1,software,uptrend,5074,0.41013007489160425,0.5898699251083958,3.150717703349282,0.054879983076668484,-0.05851660077054366,0.0005416252094169688,81550,30391,-0.05851660077054366,overlapping,observed,all_eligible
no_decay,10,2,other,acute_selloff,494,0.2874493927125506,0.7125506072874493,1.927325581395349,0.1262398664401053,-0.15697440489399522,-0.03641931844964826,90273,28572,-0.15697440489399522,overlapping,observed,all_eligible
no_decay,10,2,other,correction,1285,0.48638132295719844,0.5136186770428015,2.2191192266380235,0.09705067414200798,-0.08765778161297275,0.012635153877645952,90273,28572,-0.08765778161297275,overlapping,observed,all_eligible
no_decay,10,2,other,range_bound,585,0.588034188034188,0.41196581196581195,2.5209302325581397,0.1084659973742701,-0.04753010508113526,0.04682713823677033,90273,28572,-0.04753010508113526,overlapping,observed,all_eligible
no_decay,10,2,other,under_pressure,2813,0.48844649840028437,0.5115535015997156,2.8653126670229825,0.07466838297146515,-0.05190018707592099,0.02425462138496631,90273,28572,-0.05190018707592099,overlapping,observed,all_eligible
no_decay,10,2,other,uptrend,10376,0.4442945258288358,0.5557054741711642,2.8642165154544057,0.08419937809903924,-0.05486645429270043,0.019095154007903684,90273,28572,-0.05486645429270043,overlapping,observed,all_eligible
no_decay,10,2,semiconductor,acute_selloff,260,0.3576923076923077,0.6423076923076924,1.5025125628140703,0.14429375532735356,-0.1402472421902273,0.01614673343469904,50294,16969,-0.1402472421902273,overlapping,observed,all_eligible
no_decay,10,2,semiconductor,correction,724,0.4930939226519337,0.5069060773480663,2.293918918918919,0.1059615909985078,-0.07994763855738014,0.032966204200389496,50294,16969,-0.07994763855738014,overlapping,observed,all_eligible
no_decay,10,2,semiconductor,range_bound,349,0.5902578796561605,0.40974212034383956,2.2717391304347827,0.1118843024255816,-0.047501251987105385,0.047247463523293357,50294,16969,-0.047501251987105385,overlapping,observed,all_eligible
no_decay,10,2,semiconductor,under_pressure,1406,0.47297297297297297,0.527027027027027,2.328544061302682,0.08543118878663107,-0.06068678410963888,0.030964736861616545,50294,16969,-0.06068678410963888,overlapping,observed,all_eligible
no_decay,10,2,semiconductor,uptrend,6222,0.4148183863709418,0.5851816136290582,2.6638655462184873,0.0786334923773774,-0.06179674563197727,0.013883313095114948,50294,16969,-0.06179674563197727,overlapping,observed,all_eligible
no_decay,10,2,software,acute_selloff,497,0.3843058350100604,0.6156941649899397,1.8212435233160622,0.12700085220551205,-0.13154138341252627,-0.0006379596174446366,81550,30391,-0.13154138341252627,overlapping,observed,all_eligible
no_decay,10,2,software,correction,1089,0.5528007346189164,0.44719926538108357,2.1496437054631827,0.10531276101099464,-0.086084837683776,0.02081474684890721,81550,30391,-0.086084837683776,overlapping,observed,all_eligible
no_decay,10,2,software,range_bound,496,0.6633064516129032,0.33669354838709675,2.216494845360825,0.134104868154313,-0.0474310112944635,0.06413947524135515,81550,30391,-0.0474310112944635,overlapping,observed,all_eligible
no_decay,10,2,software,under_pressure,1972,0.44016227180527384,0.5598377281947262,2.7814166031987813,0.07848911723542888,-0.06916525364935637,0.013398562808921821,81550,30391,-0.06916525364935637,overlapping,observed,all_eligible
no_decay,10,2,software,uptrend,9068,0.4385752095280106,0.5614247904719895,2.736842105263158,0.09128374551079939,-0.06279683890444343,0.019184504170881914,81550,30391,-0.06279683890444343,overlapping,observed,all_eligible
no_decay,10,3,other,acute_selloff,656,0.4222560975609756,0.5777439024390244,2.386904761904762,0.08008567080808444,-0.060882111673823146,0.01985453692654676,90273,28572,-0.060882111673823146,overlapping,observed,all_eligible
no_decay,10,3,other,correction,5163,0.3947317451094325,0.6052682548905675,2.6202312138728323,0.07172422771772372,-0.06817638224503923,0.006623008364191422,90273,28572,-0.06817638224503923,overlapping,observed,all_eligible
no_decay,10,3,other,range_bound,3153,0.4138915318744053,0.5861084681255947,2.5645645645645647,0.06587891977687464,-0.05433584472889764,0.005128961607826728,90273,28572,-0.05433584472889764,overlapping,observed,all_eligible
no_decay,10,3,other,under_pressure,1940,0.3829896907216495,0.6170103092783505,2.7669172932330826,0.05432171654358308,-0.06033283102322749,-0.006381881202550003,90273,28572,-0.06033283102322749,overlapping,observed,all_eligible
no_decay,10,3,other,uptrend,4228,0.3630558183538316,0.6369441816461684,3.0242043926490365,0.04640029112845399,-0.05608579489750897,-0.009315819340904526,90273,28572,-0.05608579489750897,overlapping,observed,all_eligible
no_decay,10,3,semiconductor,acute_selloff,280,0.21071428571428572,0.7892857142857143,2.6222222222222222,0.0791995309173863,-0.08267660534419122,0.01024233080445362,50294,16969,-0.08267660534419122,overlapping,observed,all_eligible
no_decay,10,3,semiconductor,correction,2524,0.3415213946117274,0.6584786053882726,2.353433835845896,0.08801225119267164,-0.07678907816976026,0.015165707478448873,50294,16969,-0.07678907816976026,overlapping,observed,all_eligible
no_decay,10,3,semiconductor,range_bound,2005,0.3690773067331671,0.6309226932668329,1.815024805102764,0.08306410225821449,-0.07038750444140912,0.0009219151911888134,50294,16969,-0.07038750444140912,overlapping,observed,all_eligible
no_decay,10,3,semiconductor,under_pressure,1126,0.3685612788632327,0.6314387211367674,2.0134589502018843,0.0689157088016446,-0.07630523672195545,-0.012109696698597598,50294,16969,-0.07630523672195545,overlapping,observed,all_eligible
no_decay,10,3,semiconductor,uptrend,2642,0.33043149129447386,0.6695685087055261,2.5978802992518704,0.06504765970220998,-0.06466652614254083,-0.001677016027908566,50294,16969,-0.06466652614254083,overlapping,observed,all_eligible
no_decay,10,3,software,acute_selloff,576,0.3472222222222222,0.6527777777777778,1.808888888888889,0.11431742825047607,-0.09534717247425176,0.01562014763415958,81550,30391,-0.09534717247425176,overlapping,observed,all_eligible
no_decay,10,3,software,correction,4815,0.329595015576324,0.670404984423676,2.2494011976047905,0.08519117170910197,-0.09645531114956109,-0.00952326130899213,81550,30391,-0.09645531114956109,overlapping,observed,all_eligible
no_decay,10,3,software,range_bound,3545,0.39492242595204513,0.6050775740479548,2.132914046121593,0.09310702567543813,-0.07621203502814984,0.0013604911435620502,81550,30391,-0.07621203502814984,overlapping,observed,all_eligible
no_decay,10,3,software,under_pressure,1841,0.3916349809885932,0.6083650190114068,2.1242603550295858,0.07239742922395391,-0.07347522282684449,-0.007183297127283037,81550,30391,-0.07347522282684449,overlapping,observed,all_eligible
no_decay,10,3,software,uptrend,4807,0.37341377158310796,0.626586228416892,2.6505535055350555,0.07188204582639267,-0.06957919976693248,-0.007664045133635891,81550,30391,-0.06957919976693248,overlapping,observed,all_eligible
no_decay,10,4,other,acute_selloff,71,0.9014084507042254,0.09859154929577464,2.6911764705882355,0.08524885050117681,-0.01944824982449858,0.0702741087834075,90273,28572,-0.01944824982449858,overlapping,observed,all_eligible
no_decay,10,4,other,correction,866,0.5092378752886836,0.4907621247113164,3.410472972972973,0.0629219106363655,-0.0414946011214207,0.027415708087395775,90273,28572,-0.0414946011214207,overlapping,observed,all_eligible
no_decay,10,4,other,range_bound,1057,0.44654683065279094,0.5534531693472091,3.0094488188976376,0.05441469084681094,-0.046788509810641574,0.0060570226877262375,90273,28572,-0.046788509810641574,overlapping,observed,all_eligible
no_decay,10,4,other,under_pressure,4093,0.36110432445638896,0.638895675543611,2.9579273693534103,0.05290979609746047,-0.05815675472482081,-0.008916304452525298,90273,28572,-0.05815675472482081,overlapping,observed,all_eligible
no_decay,10,4,other,uptrend,9891,0.43342432514407037,0.5665756748559296,3.012847965738758,0.06236775339940911,-0.044508922916663654,0.015821110758096696,90273,28572,-0.044508922916663654,overlapping,observed,all_eligible
no_decay,10,4,semiconductor,acute_selloff,17,0.8235294117647058,0.17647058823529413,1.75,0.17129266490270217,-0.0449548677775064,0.13971845471924324,50294,16969,-0.0449548677775064,overlapping,observed,all_eligible
no_decay,10,4,semiconductor,correction,299,0.4882943143812709,0.5117056856187291,2.5928853754940713,0.10753572855538067,-0.06959031591863181,0.038889011795858075,50294,16969,-0.06959031591863181,overlapping,observed,all_eligible
no_decay,10,4,semiconductor,range_bound,489,0.3456032719836401,0.65439672801636,2.4608150470219434,0.0934819754560693,-0.07366940795688802,0.017367355062198053,50294,16969,-0.07366940795688802,overlapping,observed,all_eligible
no_decay,10,4,semiconductor,under_pressure,2211,0.3437358661239258,0.6562641338760742,2.4520958083832336,0.062429172203698424,-0.07760209810781962,-0.014642809505075731,50294,16969,-0.07760209810781962,overlapping,observed,all_eligible
no_decay,10,4,semiconductor,uptrend,5610,0.3932263814616756,0.6067736185383245,2.545955882352941,0.08695821577607685,-0.06155879048328156,0.016520917170872385,50294,16969,-0.06155879048328156,overlapping,observed,all_eligible
no_decay,10,4,software,acute_selloff,58,0.8620689655172413,0.13793103448275862,2.8363636363636364,0.10697608335885028,-0.026677860611886643,0.0898069047826733,81550,30391,-0.026677860611886643,overlapping,observed,all_eligible
no_decay,10,4,software,correction,905,0.5414364640883977,0.4585635359116022,2.665693430656934,0.09130168694338012,-0.048557305294813065,0.04782438466733541,81550,30391,-0.048557305294813065,overlapping,observed,all_eligible
no_decay,10,4,software,range_bound,1256,0.45143312101910826,0.5485668789808917,2.6047120418848166,0.06971635883343966,-0.057694859424929454,0.010194980354160612,81550,30391,-0.057694859424929454,overlapping,observed,all_eligible
no_decay,10,4,software,under_pressure,4466,0.38759516345723244,0.6124048365427676,2.543113101903695,0.06665751799352614,-0.06896816023477881,-0.004848530997551958,81550,30391,-0.06896816023477881,overlapping,observed,all_eligible
no_decay,10,4,software,uptrend,10732,0.43114051434960865,0.5688594856503913,2.814347765167437,0.08187323328944039,-0.05605256877851045,0.01904079807874557,81550,30391,-0.05605256877851045,overlapping,observed,all_eligible
no_decay,10,5,other,acute_selloff,104,0.625,0.375,1.8505747126436782,0.09776294831775321,-0.06278559079596283,0.038504199393274124,90273,28572,-0.06278559079596283,overlapping,observed,all_eligible
no_decay,10,5,other,correction,1444,0.4376731301939058,0.5623268698060941,2.5813953488372094,0.07124075170185064,-0.08184997072432199,0.00491104563630073,90273,28572,-0.08184997072432199,overlapping,observed,all_eligible
no_decay,10,5,other,range_bound,636,0.5220125786163522,0.4779874213836478,2.3963133640552994,0.07597174281537687,-0.042901836218672704,0.02245130386415136,90273,28572,-0.042901836218672704,overlapping,observed,all_eligible
no_decay,10,5,other,under_pressure,4868,0.42974527526705014,0.5702547247329499,2.418544752092724,0.06885020449325621,-0.05850293967724679,0.005708904442352886,90273,28572,-0.05850293967724679,overlapping,observed,all_eligible
no_decay,10,5,other,uptrend,10135,0.3912185495806611,0.608781450419339,2.8958642280441587,0.06907655019843237,-0.05483916380628189,0.012675785841446118,90273,28572,-0.05483916380628189,overlapping,observed,all_eligible
no_decay,10,5,semiconductor,acute_selloff,42,0.38095238095238093,0.6190476190476191,1.0,0.11694813797544416,-0.0995663109564625,-0.0009482458623869406,50294,16969,-0.0995663109564625,overlapping,observed,all_eligible
no_decay,10,5,semiconductor,correction,667,0.4047976011994003,0.5952023988005997,2.431137724550898,0.11850636844509407,-0.1074854836043034,0.032599435396582145,50294,16969,-0.1074854836043034,overlapping,observed,all_eligible
no_decay,10,5,semiconductor,range_bound,398,0.7512562814070352,0.24874371859296482,1.8048780487804879,0.2068138426007612,-0.04139328770530317,0.12902540662223638,50294,16969,-0.04139328770530317,overlapping,observed,all_eligible
no_decay,10,5,semiconductor,under_pressure,2771,0.4211476001443522,0.5788523998556477,1.8710601719197708,0.1311771475724153,-0.09014870486538837,0.02698454947405741,50294,16969,-0.09014870486538837,overlapping,observed,all_eligible
no_decay,10,5,semiconductor,uptrend,6170,0.38914100486223663,0.6108589951377633,2.35287610619469,0.12546512252864925,-0.08107170470523722,0.03551731822647355,50294,16969,-0.08107170470523722,overlapping,observed,all_eligible
no_decay,10,5,software,acute_selloff,103,0.6407766990291263,0.3592233009708738,1.1505376344086022,0.1286503324513239,-0.07221652201958485,0.024362031627426645,81550,30391,-0.07221652201958485,overlapping,observed,all_eligible
no_decay,10,5,software,correction,1489,0.38683680322364,0.61316319677636,2.6336363636363638,0.09699709192425213,-0.08938115378798879,0.023742175011825874,81550,30391,-0.08938115378798879,overlapping,observed,all_eligible
no_decay,10,5,software,range_bound,647,0.6414219474497682,0.35857805255023184,1.892,0.12301477427842333,-0.04491825012481711,0.053763166020023824,81550,30391,-0.04491825012481711,overlapping,observed,all_eligible
no_decay,10,5,software,under_pressure,4452,0.417340521114106,0.582659478885894,2.1116700201207244,0.09234383043910283,-0.07745562599408333,0.006825091765136808,81550,30391,-0.07745562599408333,overlapping,observed,all_eligible
no_decay,10,5,software,uptrend,10530,0.35118708452041786,0.6488129154795822,2.5158916549240646,0.09811289344841741,-0.0768863814546016,0.011077048748037572,81550,30391,-0.0768863814546016,overlapping,observed,all_eligible
no_decay,20,1,other,acute_selloff,192,0.4270833333333333,0.5729166666666666,3.210843373493976,0.12104795298502065,-0.05897090606660762,0.05754428311428892,90273,28572,-0.05897090606660762,overlapping,observed,all_eligible
no_decay,20,1,other,correction,2159,0.3232978230662344,0.6767021769337657,4.627551020408164,0.07890927628366595,-0.07678078102052784,0.005032258507690734,90273,28572,-0.07678078102052784,overlapping,observed,all_eligible
no_decay,20,1,other,range_bound,1710,0.44853801169590646,0.5514619883040935,4.860482103725347,0.07640640532037964,-0.0483528846564041,0.024420817138381824,90273,28572,-0.0483528846564041,overlapping,observed,all_eligible
no_decay,20,1,other,under_pressure,3354,0.285629099582588,0.714370900417412,5.451471234079929,0.06692455348787435,-0.06651016619521805,0.0009100791144644188,90273,28572,-0.06651016619521805,overlapping,observed,all_eligible
no_decay,20,1,other,uptrend,6956,0.2648073605520414,0.7351926394479587,5.375691830861191,0.059586791652685274,-0.07129914366175269,-0.011146075776010391,90273,28572,-0.07129914366175269,overlapping,observed,all_eligible
no_decay,20,1,semiconductor,acute_selloff,101,0.3465346534653465,0.6534653465346535,2.9310344827586206,0.13549682716088007,-0.08540069474169906,0.05065463943830108,50294,16969,-0.08540069474169906,overlapping,observed,all_eligible
no_decay,20,1,semiconductor,correction,951,0.31335436382754994,0.68664563617245,3.9516539440203564,0.11604837161894017,-0.09416926533887397,0.022212413272436622,50294,16969,-0.09416926533887397,overlapping,observed,all_eligible
no_decay,20,1,semiconductor,range_bound,954,0.45073375262054505,0.549266247379455,3.116867469879518,0.13338887230958457,-0.05537104759864362,0.0656457011330487,50294,16969,-0.05537104759864362,overlapping,observed,all_eligible
no_decay,20,1,semiconductor,under_pressure,1558,0.2663671373555841,0.733632862644416,4.532203389830508,0.10424898735265413,-0.09147338361319116,0.014678167332058395,50294,16969,-0.09147338361319116,overlapping,observed,all_eligible
no_decay,20,1,semiconductor,uptrend,3776,0.211864406779661,0.788135593220339,4.425955414012739,0.08344468568021554,-0.09817065626514936,-0.016496583668319024,50294,16969,-0.09817065626514936,overlapping,observed,all_eligible
no_decay,20,1,software,acute_selloff,102,0.4117647058823529,0.5882352941176471,3.389473684210526,0.15727591733222895,-0.06844135860093883,0.08291368543745786,81550,30391,-0.06844135860093883,overlapping,observed,all_eligible
no_decay,20,1,software,correction,1407,0.326226012793177,0.673773987206823,4.1891891891891895,0.09128601569458174,-0.092496815516357,0.018779849512701032,81550,30391,-0.092496815516357,overlapping,observed,all_eligible
no_decay,20,1,software,range_bound,1230,0.4967479674796748,0.5032520325203252,4.146,0.09917873115249243,-0.0644223605266254,0.03159175567250618,81550,30391,-0.0644223605266254,overlapping,observed,all_eligible
no_decay,20,1,software,under_pressure,2369,0.3220768256648375,0.6779231743351625,4.516289342904472,0.09714496082379188,-0.08658654608749893,0.011681944321241538,81550,30391,-0.08658654608749893,overlapping,observed,all_eligible
no_decay,20,1,software,uptrend,5074,0.27867560110366574,0.7213243988963343,5.170765404807958,0.08803570911115516,-0.083168282590171,0.0053483408451235,81550,30391,-0.083168282590171,overlapping,observed,all_eligible
no_decay,20,2,other,acute_selloff,494,0.23481781376518218,0.7651821862348178,3.0583554376657824,0.1749747956020684,-0.2001943093335272,0.015511483630495424,90273,28572,-0.2001943093335272,overlapping,observed,all_eligible
no_decay,20,2,other,correction,1285,0.42023346303501946,0.5797665369649806,3.65205223880597,0.1414651078328499,-0.10122585289683535,0.0474743157832996,90273,28572,-0.10122585289683535,overlapping,observed,all_eligible
no_decay,20,2,other,range_bound,585,0.49914529914529915,0.5008547008547009,3.876267748478702,0.14236506253162243,-0.0678051887534832,0.06076794873006609,90273,28572,-0.0678051887534832,overlapping,observed,all_eligible
no_decay,20,2,other,under_pressure,2813,0.3917525773195876,0.6082474226804123,4.571043165467626,0.11387826414643998,-0.06764494562533711,0.0340298288418652,90273,28572,-0.06764494562533711,overlapping,observed,all_eligible
no_decay,20,2,other,uptrend,10376,0.3510023130300694,0.6489976869699307,4.80538354606344,0.14012151877554793,-0.07883716554383963,0.03507386151885808,90273,28572,-0.07883716554383963,overlapping,observed,all_eligible
no_decay,20,2,semiconductor,acute_selloff,260,0.3346153846153846,0.6653846153846154,2.898230088495575,0.22527752884172567,-0.1662084716148776,0.1254436381909554,50294,16969,-0.1662084716148776,overlapping,observed,all_eligible
no_decay,20,2,semiconductor,correction,724,0.44751381215469616,0.5524861878453039,3.1679626749611196,0.16620943423122622,-0.0869197151935337,0.09144046306267566,50294,16969,-0.0869197151935337,overlapping,observed,all_eligible
no_decay,20,2,semiconductor,range_bound,349,0.45558739255014324,0.5444126074498568,3.228476821192053,0.15869482720128425,-0.06756347252920132,0.05681277793578189,50294,16969,-0.06756347252920132,overlapping,observed,all_eligible
no_decay,20,2,semiconductor,under_pressure,1406,0.4118065433854908,0.5881934566145093,3.5962837837837838,0.13721251322154646,-0.07100720773113654,0.0629754802492527,50294,16969,-0.07100720773113654,overlapping,observed,all_eligible
no_decay,20,2,semiconductor,uptrend,6222,0.32899389263902284,0.6710061073609772,4.58386454183267,0.1223933240684016,-0.08699453707079244,0.028396014710469947,50294,16969,-0.08699453707079244,overlapping,observed,all_eligible
no_decay,20,2,software,acute_selloff,497,0.352112676056338,0.647887323943662,2.9411764705882355,0.1821107545521719,-0.16583770788353205,0.07157609139506915,81550,30391,-0.16583770788353205,overlapping,observed,all_eligible
no_decay,20,2,software,correction,1089,0.4931129476584022,0.5068870523415978,3.5246589716684156,0.17567168165673713,-0.09891417143967805,0.08474566672543812,81550,30391,-0.09891417143967805,overlapping,observed,all_eligible
no_decay,20,2,software,range_bound,496,0.5262096774193549,0.4737903225806452,3.614864864864865,0.25812523251453634,-0.06710841482755006,0.16826652412316723,81550,30391,-0.06710841482755006,overlapping,observed,all_eligible
no_decay,20,2,software,under_pressure,1972,0.3473630831643002,0.6526369168356998,4.488505747126437,0.1244041104425003,-0.08637186026058695,0.03130808685605332,81550,30391,-0.08637186026058695,overlapping,observed,all_eligible
no_decay,20,2,software,uptrend,9068,0.33943537715041905,0.660564622849581,4.449405178446466,0.13913076368642194,-0.08882929715249223,0.031457215837595386,81550,30391,-0.08882929715249223,overlapping,observed,all_eligible
no_decay,20,3,other,acute_selloff,656,0.29573170731707316,0.7042682926829268,3.601769911504425,0.11084518011494417,-0.08234316326071227,0.01867872836379171,90273,28572,-0.08234316326071227,overlapping,observed,all_eligible
no_decay,20,3,other,correction,5163,0.29556459422816195,0.704435405771838,4.17939121756487,0.10853343307256662,-0.09146312626228714,0.022748711794242666,90273,28572,-0.09146312626228714,overlapping,observed,all_eligible
no_decay,20,3,other,range_bound,3153,0.2718046305106248,0.7281953694893752,3.8466637207247016,0.08450030741125777,-0.08160850885253795,-0.014185531576699507,90273,28572,-0.08160850885253795,overlapping,observed,all_eligible
no_decay,20,3,other,under_pressure,1940,0.2824742268041237,0.7175257731958763,4.840986977381768,0.08353979505561579,-0.08354716707844295,0.001454165873673205,90273,28572,-0.08354716707844295,overlapping,observed,all_eligible
no_decay,20,3,other,uptrend,4228,0.23770104068117312,0.7622989593188269,5.008418740849195,0.06382136419407028,-0.08402030611880397,-0.020240662788035203,90273,28572,-0.08402030611880397,overlapping,observed,all_eligible
no_decay,20,3,semiconductor,acute_selloff,280,0.1357142857142857,0.8642857142857143,3.382716049382716,0.11190060743634635,-0.10745870551046417,0.004170140806706737,50294,16969,-0.10745870551046417,overlapping,observed,all_eligible
no_decay,20,3,semiconductor,correction,2524,0.25118858954041207,0.748811410459588,3.9659309021113245,0.13950452492791054,-0.10493441593874729,0.03790386918660362,50294,16969,-0.10493441593874729,overlapping,observed,all_eligible
no_decay,20,3,semiconductor,range_bound,2005,0.256359102244389,0.7436408977556109,2.44983164983165,0.10499846361557579,-0.10528000818608005,-0.02832234507477682,50294,16969,-0.10528000818608005,overlapping,observed,all_eligible
no_decay,20,3,semiconductor,under_pressure,1126,0.283303730017762,0.716696269982238,3.51288056206089,0.11399079147512318,-0.10231717017636459,0.01083679393473558,50294,16969,-0.10231717017636459,overlapping,observed,all_eligible
no_decay,20,3,semiconductor,uptrend,2642,0.21309613928841786,0.7869038607115821,4.29417933927635,0.0949123574477558,-0.09105868732363127,-0.004018976358585145,50294,16969,-0.09105868732363127,overlapping,observed,all_eligible
no_decay,20,3,software,acute_selloff,576,0.2378472222222222,0.7621527777777778,2.4823284823284824,0.14728898657356526,-0.13760035870230652,-0.0300380001843675,81550,30391,-0.13760035870230652,overlapping,observed,all_eligible
no_decay,20,3,software,correction,4815,0.2307372793354102,0.7692627206645898,3.5331389183457054,0.12001757300117619,-0.13273993983001758,-0.005787913909110168,81550,30391,-0.13273993983001758,overlapping,observed,all_eligible
no_decay,20,3,software,range_bound,3545,0.25190409026798305,0.7480959097320169,3.1097467382962396,0.12264503528900426,-0.1159190349269656,-0.03146783741352812,81550,30391,-0.1159190349269656,overlapping,observed,all_eligible
no_decay,20,3,software,under_pressure,1841,0.29766431287343836,0.7023356871265617,3.801449275362319,0.11666328311455595,-0.10323492164275198,0.0051229633149279885,81550,30391,-0.10323492164275198,overlapping,observed,all_eligible
no_decay,20,3,software,uptrend,4807,0.27335136259621384,0.7266486374037862,4.0645679408930295,0.09728069571515108,-0.10521593653542044,-0.02468325136947439,81550,30391,-0.10521593653542044,overlapping,observed,all_eligible
no_decay,20,4,other,acute_selloff,71,0.8309859154929577,0.16901408450704225,3.0,0.1307333008839806,-0.023672485311294858,0.06288134227185568,90273,28572,-0.023672485311294858,overlapping,observed,all_eligible
no_decay,20,4,other,correction,866,0.44226327944572746,0.5577367205542725,4.896306818181818,0.08863811680456436,-0.05342703670177222,0.026756799532135483,90273,28572,-0.05342703670177222,overlapping,observed,all_eligible
no_decay,20,4,other,range_bound,1057,0.3122043519394513,0.6877956480605487,4.754293262879789,0.08542996130664214,-0.06491158708791006,0.01931674455351385,90273,28572,-0.06491158708791006,overlapping,observed,all_eligible
no_decay,20,4,other,under_pressure,4093,0.2724163205472758,0.7275836794527242,5.05453893074991,0.07640265233533672,-0.07679945411149125,0.004264820627245689,90273,28572,-0.07679945411149125,overlapping,observed,all_eligible
no_decay,20,4,other,uptrend,9891,0.3362652916793044,0.6637347083206956,4.997719957081545,0.09849573771737037,-0.063459669622902,0.028167096631994726,90273,28572,-0.063459669622902,overlapping,observed,all_eligible
no_decay,20,4,semiconductor,acute_selloff,17,0.8235294117647058,0.17647058823529413,2.6470588235294117,0.20558107907054132,-0.045134402081423455,0.052379393806335106,50294,16969,-0.045134402081423455,overlapping,observed,all_eligible
no_decay,20,4,semiconductor,correction,299,0.3210702341137124,0.6789297658862876,2.9809885931558937,0.1573933959505822,-0.092867554146961,0.03404376185126194,50294,16969,-0.092867554146961,overlapping,observed,all_eligible
no_decay,20,4,semiconductor,range_bound,489,0.2903885480572597,0.7096114519427403,3.989041095890411,0.1450191381256472,-0.08781652185115006,0.05210538558087585,50294,16969,-0.08781652185115006,overlapping,observed,all_eligible
no_decay,20,4,semiconductor,under_pressure,2211,0.24513794663048394,0.7548620533695161,4.324155193992491,0.092501801439736,-0.10343864372716267,-0.004857028648739251,50294,16969,-0.10343864372716267,overlapping,observed,all_eligible
no_decay,20,4,semiconductor,uptrend,5610,0.28520499108734404,0.714795008912656,4.014337733272645,0.13308029160865892,-0.09076155268740083,0.024278505019309723,50294,16969,-0.09076155268740083,overlapping,observed,all_eligible
no_decay,20,4,software,acute_selloff,58,0.8103448275862069,0.1896551724137931,3.413793103448276,0.16006890566125015,-0.03592571806068494,0.07715780541015814,81550,30391,-0.03592571806068494,overlapping,observed,all_eligible
no_decay,20,4,software,correction,905,0.41878453038674035,0.5812154696132596,3.909560723514212,0.13043166201059028,-0.06374151978765286,0.04978195883771731,81550,30391,-0.06374151978765286,overlapping,observed,all_eligible
no_decay,20,4,software,range_bound,1256,0.3519108280254777,0.6480891719745223,4.324022346368715,0.11717412478044631,-0.07614727387109368,0.043498645629382444,81550,30391,-0.07614727387109368,overlapping,observed,all_eligible
no_decay,20,4,software,under_pressure,4466,0.2971339005821764,0.7028660994178235,4.699090909090909,0.09957853136155895,-0.09206713348104432,0.011863896532280082,81550,30391,-0.09206713348104432,overlapping,observed,all_eligible
no_decay,20,4,software,uptrend,10732,0.3354453969437197,0.6645546030562803,4.508214159082851,0.13153585865185935,-0.07831669427797018,0.035884615426821774,81550,30391,-0.07831669427797018,overlapping,observed,all_eligible
no_decay,20,5,other,acute_selloff,104,0.3942307692307692,0.6057692307692307,2.5053763440860215,0.14152604030556795,-0.10738916952619998,0.05328533120512993,90273,28572,-0.10738916952619998,overlapping,observed,all_eligible
no_decay,20,5,other,correction,1444,0.2880886426592798,0.7119113573407202,4.060384263494968,0.10682553135985338,-0.11642695517118647,0.011649916489125018,90273,28572,-0.11642695517118647,overlapping,observed,all_eligible
no_decay,20,5,other,range_bound,636,0.4261006289308176,0.5738993710691824,4.5426944971537,0.11693860790298215,-0.056626414451621615,0.045123347702931714,90273,28572,-0.056626414451621615,overlapping,observed,all_eligible
no_decay,20,5,other,under_pressure,4533,0.32627399073461283,0.6737260092653872,3.9230996746524696,0.10155618836621608,-0.08051890852380929,0.010702124507682596,90273,28572,-0.08051890852380929,overlapping,observed,all_eligible
no_decay,20,5,other,uptrend,10063,0.298221206399682,0.701778793600318,4.7439074762494835,0.10742168396095465,-0.0754223089660369,0.025612790837530108,90273,28572,-0.0754223089660369,overlapping,observed,all_eligible
no_decay,20,5,semiconductor,acute_selloff,42,0.35714285714285715,0.6428571428571429,1.564102564102564,0.16626899402428577,-0.14551281827845114,0.03412528686318523,50294,16969,-0.14551281827845114,overlapping,observed,all_eligible
no_decay,20,5,semiconductor,correction,667,0.3403298350824588,0.6596701649175413,3.1292134831460676,0.23929738230172934,-0.14478932763947316,0.1043870862807433,50294,16969,-0.14478932763947316,overlapping,observed,all_eligible
no_decay,20,5,semiconductor,range_bound,398,0.6984924623115578,0.3015075376884422,2.2963917525773194,0.3496825999828609,-0.05271322375234281,0.23376187760584952,50294,16969,-0.05271322375234281,overlapping,observed,all_eligible
no_decay,20,5,semiconductor,under_pressure,2591,0.3222693940563489,0.6777306059436511,3.023508137432188,0.21185615913365527,-0.11235272159383038,0.07267209494707076,50294,16969,-0.11235272159383038,overlapping,observed,all_eligible
no_decay,20,5,semiconductor,uptrend,6135,0.3080684596577017,0.6919315403422983,3.865555986051918,0.20414796701087515,-0.10488981679994525,0.07414995231178811,50294,16969,-0.10488981679994525,overlapping,observed,all_eligible
no_decay,20,5,software,acute_selloff,103,0.5339805825242718,0.46601941747572817,1.5208333333333333,0.20213237903474918,-0.10740338564439018,0.10316703836496588,81550,30391,-0.10740338564439018,overlapping,observed,all_eligible
no_decay,20,5,software,correction,1489,0.3022162525184688,0.6977837474815313,3.848827809215845,0.16025203852872125,-0.11826852284063724,0.06228081613724225,81550,30391,-0.11826852284063724,overlapping,observed,all_eligible
no_decay,20,5,software,range_bound,647,0.4992272024729521,0.500772797527048,2.8933823529411766,0.18773758311050143,-0.08003313115257628,0.07603403310079382,81550,30391,-0.08003313115257628,overlapping,observed,all_eligible
no_decay,20,5,software,under_pressure,4120,0.28106796116504856,0.7189320388349515,3.550488599348534,0.1361289677575128,-0.11170098608532003,0.009232764232046864,81550,30391,-0.11170098608532003,overlapping,observed,all_eligible
no_decay,20,5,software,uptrend,10451,0.2523203521194144,0.7476796478805856,4.088446430990112,0.15456758306670085,-0.10813337115269281,0.019208136796002383,81550,30391,-0.10813337115269281,overlapping,observed,all_eligible
no_environment,5,1,other,acute_selloff,146,0.6438356164383562,0.3561643835616438,1.2989690721649485,0.07347489266775827,-0.03460557885079152,0.03728310622824123,76195,28572,-0.03460557885079152,overlapping,observed,all_eligible
no_environment,5,1,other,correction,1708,0.6018735362997658,0.3981264637002342,1.5754475703324808,0.04109786587208127,-0.03676157700046007,0.003546853143486112,76195,28572,-0.03676157700046007,overlapping,observed,all_eligible
no_environment,5,1,other,range_bound,1448,0.6685082872928176,0.3314917127071823,1.8695035460992908,0.03495419370628813,-0.026030874852351088,0.011158783804026826,76195,28572,-0.026030874852351088,overlapping,observed,all_eligible
no_environment,5,1,other,under_pressure,2817,0.5154419595314164,0.4845580404685836,1.684407096171802,0.032451979529069835,-0.0350468537998703,-0.001967662328514334,76195,28572,-0.0350468537998703,overlapping,observed,all_eligible
no_environment,5,1,other,uptrend,6027,0.5350920856147336,0.4649079143852663,1.8175182481751824,0.028054409180576136,-0.031808804349847994,-0.003652241785241632,76195,28572,-0.031808804349847994,overlapping,observed,all_eligible
no_environment,5,1,semiconductor,acute_selloff,70,0.5571428571428572,0.44285714285714284,0.8541666666666666,0.06293634515671895,-0.04566600815201279,0.012179265126353101,42544,16969,-0.04566600815201279,overlapping,observed,all_eligible
no_environment,5,1,semiconductor,correction,702,0.5270655270655271,0.47293447293447294,1.3431372549019607,0.05194152915539197,-0.05155363467348858,0.0023667555101346428,42544,16969,-0.05155363467348858,overlapping,observed,all_eligible
no_environment,5,1,semiconductor,range_bound,827,0.6711003627569528,0.32889963724304716,1.4903339191564147,0.06170998226898062,-0.0313073374665447,0.02752470357336003,42544,16969,-0.0313073374665447,overlapping,observed,all_eligible
no_environment,5,1,semiconductor,under_pressure,1275,0.45098039215686275,0.5490196078431373,1.3264,0.045579722113917504,-0.051232273273698586,-0.0027829531347526343,42544,16969,-0.051232273273698586,overlapping,observed,all_eligible
no_environment,5,1,semiconductor,uptrend,3351,0.4968666069829902,0.5031333930170099,1.5843706777316735,0.03919395704972925,-0.04243455179192707,-0.0038043265584892403,42544,16969,-0.04243455179192707,overlapping,observed,all_eligible
no_environment,5,1,software,acute_selloff,74,0.6216216216216216,0.3783783783783784,0.9615384615384616,0.08095491342067741,-0.05173304272811897,0.033126556218646956,69003,30391,-0.05173304272811897,overlapping,observed,all_eligible
no_environment,5,1,software,correction,1126,0.5186500888099467,0.48134991119005327,1.5281090289608177,0.04639350070124184,-0.049396971968837175,0.0018828510920337884,69003,30391,-0.049396971968837175,overlapping,observed,all_eligible
no_environment,5,1,software,range_bound,1060,0.6556603773584906,0.3443396226415094,1.563793103448276,0.0479609982223493,-0.04006753365008485,0.010888606028182108,69003,30391,-0.04006753365008485,overlapping,observed,all_eligible
no_environment,5,1,software,under_pressure,2039,0.5434036292300147,0.45659637076998527,1.540886699507389,0.04615734255698359,-0.042041477264903995,0.005908208328226829,69003,30391,-0.042041477264903995,overlapping,observed,all_eligible
no_environment,5,1,software,uptrend,4423,0.5659054940085915,0.43409450599140853,1.7774140752864158,0.03773764957131671,-0.039097642002031606,0.0001642343471427782,69003,30391,-0.039097642002031606,overlapping,observed,all_eligible
no_environment,5,2,other,acute_selloff,407,0.4668304668304668,0.5331695331695332,1.3360323886639676,0.10191179408258734,-0.10726953852384143,-0.0015806873015514744,76195,28572,-0.10726953852384143,overlapping,observed,all_eligible
no_environment,5,2,other,correction,1031,0.5780795344325897,0.4219204655674103,1.3279483037156705,0.06630286228677477,-0.06469217184467013,0.002524990559117767,76195,28572,-0.06469217184467013,overlapping,observed,all_eligible
no_environment,5,2,other,range_bound,487,0.704312114989733,0.29568788501026694,1.4035087719298245,0.07077444689405417,-0.03762662030626868,0.025754727947598036,76195,28572,-0.03762662030626868,overlapping,observed,all_eligible
no_environment,5,2,other,under_pressure,2358,0.5725190839694656,0.42748091603053434,1.502664298401421,0.047835313031649423,-0.0396929847560511,0.007389247624150435,76195,28572,-0.0396929847560511,overlapping,observed,all_eligible
no_environment,5,2,other,uptrend,8944,0.5742397137745975,0.4257602862254025,1.5675675675675675,0.05198178830333917,-0.038642911759659164,0.009484273994664129,76195,28572,-0.038642911759659164,overlapping,observed,all_eligible
no_environment,5,2,semiconductor,acute_selloff,187,0.5187165775401069,0.48128342245989303,1.2121212121212122,0.1150653352896023,-0.10098324965870907,0.024185332207501787,42544,16969,-0.10098324965870907,overlapping,observed,all_eligible
no_environment,5,2,semiconductor,correction,581,0.5714285714285714,0.42857142857142855,1.3121827411167513,0.068708194632597,-0.0597503187995448,0.01421675380454122,42544,16969,-0.0597503187995448,overlapping,observed,all_eligible
no_environment,5,2,semiconductor,range_bound,279,0.7240143369175627,0.27598566308243727,1.2429378531073447,0.06863239838325788,-0.03667345722501638,0.03147179627788434,42544,16969,-0.03667345722501638,overlapping,observed,all_eligible
no_environment,5,2,semiconductor,under_pressure,1160,0.5482758620689655,0.4517241379310345,1.2691176470588235,0.052044105382469126,-0.048565347087885645,0.004039031242152809,42544,16969,-0.048565347087885645,overlapping,observed,all_eligible
no_environment,5,2,semiconductor,uptrend,5405,0.55263644773358,0.44736355226642,1.4588744588744589,0.05067409696658901,-0.04352201290235283,0.006514039588662031,42544,16969,-0.04352201290235283,overlapping,observed,all_eligible
no_environment,5,2,software,acute_selloff,381,0.5275590551181102,0.47244094488188976,1.1368821292775666,0.0965634070552172,-0.08338860852868359,0.019615842471895798,69003,30391,-0.08338860852868359,overlapping,observed,all_eligible
no_environment,5,2,software,correction,835,0.6287425149700598,0.3712574850299401,1.2426470588235294,0.07098098757292211,-0.06224506838113536,0.011320355965224134,69003,30391,-0.06224506838113536,overlapping,observed,all_eligible
no_environment,5,2,software,range_bound,403,0.7890818858560794,0.2109181141439206,1.3962264150943395,0.07290532956003244,-0.03753629119376022,0.029410501389024107,69003,30391,-0.03753629119376022,overlapping,observed,all_eligible
no_environment,5,2,software,under_pressure,1570,0.5248407643312102,0.4751592356687898,1.4584415584415584,0.05031959025535524,-0.05102305618103601,0.0024902522031340444,69003,30391,-0.05102305618103601,overlapping,observed,all_eligible
no_environment,5,2,software,uptrend,7886,0.5663200608673599,0.43367993913264014,1.5104930467762325,0.059974084892468006,-0.04553406241482584,0.009578749003606583,69003,30391,-0.04553406241482584,overlapping,observed,all_eligible
no_environment,5,3,other,acute_selloff,520,0.5384615384615384,0.46153846153846156,1.361904761904762,0.05484118733163828,-0.04656018542109233,0.016275825638418832,76195,28572,-0.04656018542109233,overlapping,observed,all_eligible
no_environment,5,3,other,correction,4095,0.5199023199023199,0.4800976800976801,1.3804347826086956,0.04920386321490663,-0.048000349243977884,0.0020512147047898124,76195,28572,-0.048000349243977884,overlapping,observed,all_eligible
no_environment,5,3,other,range_bound,2590,0.5606177606177606,0.43938223938223936,1.568334578043316,0.046162632122353164,-0.037624177413138324,0.006807930497048033,76195,28572,-0.037624177413138324,overlapping,observed,all_eligible
no_environment,5,3,other,under_pressure,1597,0.5316217908578584,0.4683782091421415,1.4616402116402116,0.039671463731326365,-0.039507062496667696,-0.001216658417039561,76195,28572,-0.039507062496667696,overlapping,observed,all_eligible
no_environment,5,3,other,uptrend,3735,0.5255689424364123,0.47443105756358767,1.6277472527472527,0.0346236115794577,-0.03763723308065602,-0.003628507000366865,76195,28572,-0.03763723308065602,overlapping,observed,all_eligible
no_environment,5,3,semiconductor,acute_selloff,200,0.28,0.72,1.8208955223880596,0.05791645056488801,-0.06872172899555082,0.013601441328293386,42544,16969,-0.06872172899555082,overlapping,observed,all_eligible
no_environment,5,3,semiconductor,correction,1964,0.4470468431771894,0.5529531568228105,1.3608340888485948,0.05677405621333181,-0.05814056508016677,0.00039066862833864516,42544,16969,-0.05814056508016677,overlapping,observed,all_eligible
no_environment,5,3,semiconductor,range_bound,1722,0.5087108013937283,0.4912891986062718,1.2245283018867925,0.05641910898496111,-0.04843280735762627,0.004557076290723499,42544,16969,-0.04843280735762627,overlapping,observed,all_eligible
no_environment,5,3,semiconductor,under_pressure,944,0.5063559322033898,0.4936440677966102,1.1442125237191652,0.04877833643324784,-0.050248949654948805,-0.004291700048411071,42544,16969,-0.050248949654948805,overlapping,observed,all_eligible
no_environment,5,3,semiconductor,uptrend,2296,0.4834494773519164,0.5165505226480837,1.4226898444647758,0.045440383680961614,-0.04590789722304774,-0.00011779171266667116,42544,16969,-0.04590789722304774,overlapping,observed,all_eligible
no_environment,5,3,software,acute_selloff,413,0.46246973365617433,0.5375302663438256,1.2989690721649485,0.07938624298783764,-0.07164169665934586,0.02226844235652836,69003,30391,-0.07164169665934586,overlapping,observed,all_eligible
no_environment,5,3,software,correction,3755,0.45885486018641813,0.5411451398135819,1.1720019111323459,0.06164308777504897,-0.06948260428951845,-0.01022686203192931,69003,30391,-0.06948260428951845,overlapping,observed,all_eligible
no_environment,5,3,software,range_bound,3010,0.5392026578073089,0.46079734219269103,1.2744982290436835,0.05950549180161107,-0.0533272945701539,0.0010339192842747232,69003,30391,-0.0533272945701539,overlapping,observed,all_eligible
no_environment,5,3,software,under_pressure,1533,0.54337899543379,0.45662100456621,1.1916167664670658,0.05299005917047858,-0.047657106945766775,1.098461967716947e-05,69003,30391,-0.047657106945766775,overlapping,observed,all_eligible
no_environment,5,3,software,uptrend,4139,0.5141338487557381,0.4858661512442619,1.4517738359201773,0.051120163649792584,-0.048759795845189094,-0.000696900822854269,69003,30391,-0.048759795845189094,overlapping,observed,all_eligible
no_environment,5,4,other,acute_selloff,58,0.896551724137931,0.10344827586206896,1.3571428571428572,0.04839245873062786,-0.017735927536228758,0.023486262152724483,76195,28572,-0.017735927536228758,overlapping,observed,all_eligible
no_environment,5,4,other,correction,691,0.5962373371924746,0.4037626628075253,1.8322784810126582,0.038081939999443065,-0.03340958901317149,0.00978106519457259,76195,28572,-0.03340958901317149,overlapping,observed,all_eligible
no_environment,5,4,other,range_bound,885,0.6203389830508474,0.37966101694915255,1.7348484848484849,0.03873754701845785,-0.03327328524364533,0.0025812976902398364,76195,28572,-0.03327328524364533,overlapping,observed,all_eligible
no_environment,5,4,other,under_pressure,3368,0.5201900237529691,0.47980997624703087,1.6231778425655976,0.036183428787956995,-0.03879776870650753,-0.005028428907949861,76195,28572,-0.03879776870650753,overlapping,observed,all_eligible
no_environment,5,4,other,uptrend,8472,0.5534702549575071,0.44652974504249293,1.6420575692963753,0.040291729752367694,-0.032409827715592456,0.006996977386115669,76195,28572,-0.032409827715592456,overlapping,observed,all_eligible
no_environment,5,4,semiconductor,acute_selloff,8,0.625,0.375,0.8333333333333334,0.07321775395373864,-0.05328541088896435,0.029340076725943076,42544,16969,-0.05328541088896435,overlapping,observed,all_eligible
no_environment,5,4,semiconductor,correction,203,0.4975369458128079,0.5024630541871922,1.325925925925926,0.07053661152103079,-0.06270595199114463,0.017960028235192778,42544,16969,-0.06270595199114463,overlapping,observed,all_eligible
no_environment,5,4,semiconductor,range_bound,403,0.4913151364764268,0.5086848635235732,1.5251141552511416,0.062347765030284615,-0.053877747958669536,0.00028671855969039504,42544,16969,-0.053877747958669536,overlapping,observed,all_eligible
no_environment,5,4,semiconductor,under_pressure,1739,0.48591144335825187,0.5140885566417481,1.3161057692307692,0.04518537611339278,-0.0524938093123224,-0.009630129921857763,42544,16969,-0.0524938093123224,overlapping,observed,all_eligible
no_environment,5,4,semiconductor,uptrend,4736,0.5179476351351351,0.48205236486486486,1.4068199841395719,0.05738758045727479,-0.04424711445379915,0.009574214468282147,42544,16969,-0.04424711445379915,overlapping,observed,all_eligible
no_environment,5,4,software,acute_selloff,44,0.8636363636363636,0.13636363636363635,1.24,0.07707934075510557,-0.027291206158394823,0.043545604114601996,69003,30391,-0.027291206158394823,overlapping,observed,all_eligible
no_environment,5,4,software,correction,660,0.6363636363636364,0.36363636363636365,1.6228287841191067,0.05854727334138736,-0.038367306335742056,0.02561550539115652,69003,30391,-0.038367306335742056,overlapping,observed,all_eligible
no_environment,5,4,software,range_bound,1064,0.5958646616541353,0.4041353383458647,1.6370510396975426,0.04774615453027769,-0.04068552396993733,0.004606347848819665,69003,30391,-0.04068552396993733,overlapping,observed,all_eligible
no_environment,5,4,software,under_pressure,3508,0.5324971493728621,0.467502850627138,1.4169653524492234,0.04710674093860253,-0.04620207657728716,-0.0014785996078223195,69003,30391,-0.04620207657728716,overlapping,observed,all_eligible
no_environment,5,4,software,uptrend,9408,0.5513392857142857,0.4486607142857143,1.4902423332618486,0.05279671555732699,-0.041138339586040885,0.00832203616980038,69003,30391,-0.041138339586040885,overlapping,observed,all_eligible
no_environment,5,5,other,acute_selloff,73,0.684931506849315,0.3150684931506849,0.94,0.07711145899720888,-0.04578356853719897,0.04331782909387241,76195,28572,-0.04578356853719897,overlapping,observed,all_eligible
no_environment,5,5,other,correction,1173,0.5754475703324808,0.42455242966751916,1.4829821717990275,0.04744480640441988,-0.055495787399524196,-0.0036209472598555978,76195,28572,-0.055495787399524196,overlapping,observed,all_eligible
no_environment,5,5,other,range_bound,558,0.6541218637992832,0.34587813620071683,1.4581939799331103,0.05214615164546949,-0.03206625731119066,0.018182369198101907,76195,28572,-0.03206625731119066,overlapping,observed,all_eligible
no_environment,5,5,other,under_pressure,4192,0.5756202290076335,0.4243797709923664,1.4333179510844485,0.04888819111266516,-0.04102532284966695,0.00646073032088333,76195,28572,-0.04102532284966695,overlapping,observed,all_eligible
no_environment,5,5,other,uptrend,8597,0.5254158427358381,0.4745841572641619,1.631190727081138,0.04334966515094791,-0.039844509042687444,0.003649185667033595,76195,28572,-0.039844509042687444,overlapping,observed,all_eligible
no_environment,5,5,semiconductor,acute_selloff,31,0.6129032258064516,0.3870967741935484,0.8,0.12054373877521642,-0.07583690862432159,0.032909262471915134,42544,16969,-0.07583690862432159,overlapping,observed,all_eligible
no_environment,5,5,semiconductor,correction,578,0.47750865051903113,0.5224913494809689,1.3700564971751412,0.06875375493871869,-0.07642724525340322,-0.000691437390340856,42544,16969,-0.07642724525340322,overlapping,observed,all_eligible
no_environment,5,5,semiconductor,range_bound,324,0.7623456790123457,0.23765432098765432,1.1544401544401544,0.11396550596027205,-0.04180674224669952,0.06963281883267469,42544,16969,-0.04180674224669952,overlapping,observed,all_eligible
no_environment,5,5,semiconductor,under_pressure,2349,0.5551298424861644,0.4448701575138357,1.132112491824722,0.0902475139666277,-0.06550271126407922,0.020087544952443883,42544,16969,-0.06550271126407922,overlapping,observed,all_eligible
no_environment,5,5,semiconductor,uptrend,5322,0.5110860578729801,0.48891394212701994,1.332600502512563,0.07857616664742484,-0.060458733010169706,0.01397206259431804,42544,16969,-0.060458733010169706,overlapping,observed,all_eligible
no_environment,5,5,software,acute_selloff,72,0.7777777777777778,0.2222222222222222,1.032258064516129,0.11332571013471908,-0.05423075804565736,0.05680856302938564,69003,30391,-0.05423075804565736,overlapping,observed,all_eligible
no_environment,5,5,software,correction,1199,0.5279399499582986,0.47206005004170143,1.5057971014492753,0.06061785237770105,-0.06326520540541176,0.001644452509525213,69003,30391,-0.06326520540541176,overlapping,observed,all_eligible
no_environment,5,5,software,range_bound,579,0.7737478411053541,0.22625215889464595,1.3717277486910995,0.08400756876864272,-0.034280086111127074,0.044370946327572304,69003,30391,-0.034280086111127074,overlapping,observed,all_eligible
no_environment,5,5,software,under_pressure,3837,0.5402658326817826,0.45973416731821737,1.2542295381801554,0.06721034274869522,-0.05523397468322301,0.008873407211832208,69003,30391,-0.05523397468322301,overlapping,observed,all_eligible
no_environment,5,5,software,uptrend,9110,0.48342480790340286,0.5165751920965972,1.3896014658726523,0.06255882012677196,-0.054461561906198455,0.003230460932941141,69003,30391,-0.054461561906198455,overlapping,observed,all_eligible
no_environment,10,1,other,acute_selloff,146,0.541095890410959,0.4589041095890411,1.9017857142857142,0.0922164059330555,-0.04426527217396841,0.03817848020466864,76195,28572,-0.04426527217396841,overlapping,observed,all_eligible
no_environment,10,1,other,correction,1708,0.47365339578454335,0.5263466042154566,2.7618110236220472,0.05687490936582113,-0.05383381618199945,0.0020536516608102248,76195,28572,-0.05383381618199945,overlapping,observed,all_eligible
no_environment,10,1,other,range_bound,1448,0.580110497237569,0.4198895027624309,3.127725856697819,0.05203685856265906,-0.03319379267553458,0.017804629880240404,76195,28572,-0.03319379267553458,overlapping,observed,all_eligible
no_environment,10,1,other,under_pressure,2817,0.40752573659921904,0.592474263400781,3.0324105334233624,0.045787140205405814,-0.04922106321846034,-0.0031547458480457877,76195,28572,-0.04922106321846034,overlapping,observed,all_eligible
no_environment,10,1,other,uptrend,6027,0.39621702339472376,0.6037829766052762,3.2789137380191695,0.04130562819914784,-0.048168307603332246,-0.004861962685920378,76195,28572,-0.048168307603332246,overlapping,observed,all_eligible
no_environment,10,1,semiconductor,acute_selloff,70,0.44285714285714284,0.5571428571428572,1.7818181818181817,0.07818688948422703,-0.07092407148980488,-0.01221032169395082,42544,16969,-0.07092407148980488,overlapping,observed,all_eligible
no_environment,10,1,semiconductor,correction,702,0.4017094017094017,0.5982905982905983,2.438735177865613,0.0766255899529311,-0.07250021745792463,0.0033220748981031664,42544,16969,-0.07250021745792463,overlapping,observed,all_eligible
no_environment,10,1,semiconductor,range_bound,827,0.5828295042321644,0.41717049576783555,2.18018018018018,0.090110660119248,-0.03956402229268948,0.04140714311091151,42544,16969,-0.03956402229268948,overlapping,observed,all_eligible
no_environment,10,1,semiconductor,under_pressure,1275,0.3545098039215686,0.6454901960784314,2.4104193138500634,0.06658533777421127,-0.07009296381232351,-0.0025005977654196086,42544,16969,-0.07009296381232351,overlapping,observed,all_eligible
no_environment,10,1,semiconductor,uptrend,3351,0.3497463443748135,0.6502536556251866,2.785601681555439,0.058503808804361505,-0.06510954263554039,-0.007002013983997465,42544,16969,-0.06510954263554039,overlapping,observed,all_eligible
no_environment,10,1,software,acute_selloff,74,0.5,0.5,1.2222222222222223,0.10304725045264708,-0.059244761360010174,0.044946476267805714,69003,30391,-0.059244761360010174,overlapping,observed,all_eligible
no_environment,10,1,software,correction,1126,0.42539964476021314,0.5746003552397868,2.75974025974026,0.06613123846997869,-0.06868046203639395,0.006590958696982921,69003,30391,-0.06868046203639395,overlapping,observed,all_eligible
no_environment,10,1,software,range_bound,1060,0.590566037735849,0.40943396226415096,2.7152317880794703,0.0715437189803495,-0.05021372801630356,0.022399599541586428,69003,30391,-0.05021372801630356,overlapping,observed,all_eligible
no_environment,10,1,software,under_pressure,2039,0.45316331535066207,0.5468366846493379,2.7234363225320273,0.06701157111364983,-0.06165416298706234,0.007171887075101579,69003,30391,-0.06165416298706234,overlapping,observed,all_eligible
no_environment,10,1,software,uptrend,4423,0.41985078001356546,0.5801492199864345,3.1434231378763866,0.0549045232730156,-0.05862197394238426,0.0003068220583628242,69003,30391,-0.05862197394238426,overlapping,observed,all_eligible
no_environment,10,2,other,acute_selloff,407,0.29238329238329236,0.7076167076167076,1.9609929078014185,0.12958215463210973,-0.1582174515785848,-0.0360945743113798,76195,28572,-0.1582174515785848,overlapping,observed,all_eligible
no_environment,10,2,other,correction,1031,0.48496605237633367,0.5150339476236664,2.1481481481481484,0.09785053617991088,-0.09133140641007118,0.009256792452093234,76195,28572,-0.09133140641007118,overlapping,observed,all_eligible
no_environment,10,2,other,range_bound,487,0.6057494866529775,0.3942505133470226,2.46927374301676,0.11176452464147504,-0.04789980972742991,0.05070922739451311,76195,28572,-0.04789980972742991,overlapping,observed,all_eligible
no_environment,10,2,other,under_pressure,2358,0.494910941475827,0.5050890585241731,2.9294871794871793,0.07476562993165467,-0.051193819136596465,0.024547776139487578,76195,28572,-0.051193819136596465,overlapping,observed,all_eligible
no_environment,10,2,other,uptrend,8944,0.4571779964221825,0.5428220035778175,2.9094020172910664,0.08424801997060713,-0.05380958926428128,0.019403165903501454,76195,28572,-0.05380958926428128,overlapping,observed,all_eligible
no_environment,10,2,semiconductor,acute_selloff,187,0.39037433155080214,0.6096256684491979,1.6267605633802817,0.15118412936719042,-0.14120369458814594,0.015961708248116102,42544,16969,-0.14120369458814594,overlapping,observed,all_eligible
no_environment,10,2,semiconductor,correction,581,0.49225473321858865,0.5077452667814114,2.2505263157894735,0.10675988994894295,-0.08166488900694371,0.03186085392660507,42544,16969,-0.08166488900694371,overlapping,observed,all_eligible
no_environment,10,2,semiconductor,range_bound,279,0.6057347670250897,0.3942652329749104,2.2557077625570776,0.113659779666871,-0.04738191525905752,0.04910336450009481,42544,16969,-0.04738191525905752,overlapping,observed,all_eligible
no_environment,10,2,semiconductor,under_pressure,1160,0.4706896551724138,0.5293103448275862,2.3513513513513513,0.08430783936404221,-0.06226303032884098,0.029250735436696988,42544,16969,-0.06226303032884098,overlapping,observed,all_eligible
no_environment,10,2,semiconductor,uptrend,5405,0.4299722479185939,0.5700277520814061,2.6829740187949143,0.07803328658106716,-0.060810474271883595,0.014461328924013623,42544,16969,-0.060810474271883595,overlapping,observed,all_eligible
no_environment,10,2,software,acute_selloff,381,0.3805774278215223,0.6194225721784777,1.7389830508474575,0.12972234945809363,-0.13721613876355615,-0.006500056141958509,69003,30391,-0.13721613876355615,overlapping,observed,all_eligible
no_environment,10,2,software,correction,835,0.5676646706586826,0.43233532934131735,2.143076923076923,0.11174059365027393,-0.0862475229104529,0.02680788439957856,69003,30391,-0.0862475229104529,overlapping,observed,all_eligible
no_environment,10,2,software,range_bound,403,0.6823821339950372,0.3176178660049628,2.1774193548387095,0.14385711305545978,-0.04701838963689259,0.07033738832682719,69003,30391,-0.04701838963689259,overlapping,observed,all_eligible
no_environment,10,2,software,under_pressure,1570,0.4535031847133758,0.5464968152866242,2.7978825794032725,0.07811791704647175,-0.06921268933642719,0.01298852115614488,69003,30391,-0.06921268933642719,overlapping,observed,all_eligible
no_environment,10,2,software,uptrend,7886,0.44521937610956125,0.5547806238904388,2.7475,0.0914324909391648,-0.06353678457398959,0.018605719625750684,69003,30391,-0.06353678457398959,overlapping,observed,all_eligible
no_environment,10,3,other,acute_selloff,520,0.4346153846153846,0.5653846153846154,2.4139650872817957,0.08214510524054439,-0.060702800574157646,0.02307945775603591,76195,28572,-0.060702800574157646,overlapping,observed,all_eligible
no_environment,10,3,other,correction,4095,0.41098901098901097,0.589010989010989,2.6047531992687385,0.07167096184523122,-0.06767269308410015,0.007775196608855225,76195,28572,-0.06767269308410015,overlapping,observed,all_eligible
no_environment,10,3,other,range_bound,2590,0.4413127413127413,0.5586872586872587,2.547248803827751,0.06713096142921471,-0.05326326353704133,0.006035412117690496,76195,28572,-0.05326326353704133,overlapping,observed,all_eligible
no_environment,10,3,other,under_pressure,1597,0.39511584220413276,0.6048841577958672,2.6814964610717897,0.054589848655554205,-0.062060049179796344,-0.007727925974701191,76195,28572,-0.062060049179796344,overlapping,observed,all_eligible
no_environment,10,3,other,uptrend,3735,0.37295850066934405,0.627041499330656,3.011517275913871,0.04689975917289281,-0.056006390972145874,-0.009420602299356895,76195,28572,-0.056006390972145874,overlapping,observed,all_eligible
no_environment,10,3,semiconductor,acute_selloff,200,0.2,0.8,2.6706586826347305,0.08071590151857679,-0.08316777355435936,0.015784376150180156,42544,16969,-0.08316777355435936,overlapping,observed,all_eligible
no_environment,10,3,semiconductor,correction,1964,0.34470468431771895,0.655295315682281,2.4283636363636365,0.08690740410376487,-0.07729504743133293,0.014198100201945698,42544,16969,-0.07729504743133293,overlapping,observed,all_eligible
no_environment,10,3,semiconductor,range_bound,1722,0.3716608594657375,0.6283391405342624,1.7983333333333333,0.08288503992456155,-0.07238686111488196,-0.002142353535482954,42544,16969,-0.07238686111488196,overlapping,observed,all_eligible
no_environment,10,3,semiconductor,under_pressure,944,0.3675847457627119,0.6324152542372882,1.9855769230769231,0.06838993020991808,-0.07821745293189752,-0.014608803888099724,42544,16969,-0.07821745293189752,overlapping,observed,all_eligible
no_environment,10,3,semiconductor,uptrend,2296,0.3318815331010453,0.6681184668989547,2.6197583511016345,0.06570159361760662,-0.06534716397272512,-0.002156390680610069,42544,16969,-0.06534716397272512,overlapping,observed,all_eligible
no_environment,10,3,software,acute_selloff,413,0.3414043583535109,0.6585956416464891,1.8132530120481927,0.11785811408066595,-0.10026956723440936,0.01733937495289094,69003,30391,-0.10026956723440936,overlapping,observed,all_eligible
no_environment,10,3,software,correction,3755,0.34007989347536616,0.6599201065246338,2.2346820809248555,0.08766849085657782,-0.09856365396859686,-0.009187560415746737,69003,30391,-0.09856365396859686,overlapping,observed,all_eligible
no_environment,10,3,software,range_bound,3010,0.3983388704318937,0.6016611295681064,2.10573566084788,0.09253032681471936,-0.07715802253462754,0.00023309441369160063,69003,30391,-0.07715802253462754,overlapping,observed,all_eligible
no_environment,10,3,software,under_pressure,1533,0.40378343118069143,0.5962165688193085,2.0353892821031345,0.07380755004842615,-0.07348835456082001,-0.0066257994205554255,69003,30391,-0.07348835456082001,overlapping,observed,all_eligible
no_environment,10,3,software,uptrend,4139,0.38680840782797776,0.6131915921720222,2.604229607250755,0.07294289099913859,-0.06986733026688036,-0.007781347919281758,69003,30391,-0.06986733026688036,overlapping,observed,all_eligible
no_environment,10,4,other,acute_selloff,58,0.896551724137931,0.10344827586206896,2.8181818181818183,0.0716841306446311,-0.018057056688561286,0.05588024828181276,76195,28572,-0.018057056688561286,overlapping,observed,all_eligible
no_environment,10,4,other,correction,691,0.5195369030390738,0.4804630969609262,3.5042553191489363,0.05922923721282952,-0.041609029179625286,0.024088546811721564,76195,28572,-0.041609029179625286,overlapping,observed,all_eligible
no_environment,10,4,other,range_bound,885,0.4632768361581921,0.536723163841808,3.0132325141776937,0.05567611895847795,-0.045871307348751125,0.006783182679089521,76195,28572,-0.045871307348751125,overlapping,observed,all_eligible
no_environment,10,4,other,under_pressure,3368,0.37975059382422804,0.620249406175772,2.9375,0.0529885901673781,-0.05820545025739496,-0.009043467468600994,76195,28572,-0.05820545025739496,overlapping,observed,all_eligible
no_environment,10,4,other,uptrend,8472,0.4423984891406988,0.5576015108593012,3.0290944123314065,0.06261357538061015,-0.04470464617581662,0.016231587286908288,76195,28572,-0.04470464617581662,overlapping,observed,all_eligible
no_environment,10,4,semiconductor,acute_selloff,8,0.625,0.375,1.7142857142857142,0.13147035115261754,-0.05328541088896435,0.11430150448028756,42544,16969,-0.05328541088896435,overlapping,observed,all_eligible
no_environment,10,4,semiconductor,correction,203,0.4088669950738916,0.5911330049261084,2.407185628742515,0.11025364331623543,-0.07775804455532467,0.03288326711516828,42544,16969,-0.07775804455532467,overlapping,observed,all_eligible
no_environment,10,4,semiconductor,range_bound,403,0.38213399503722084,0.6178660049627791,2.4723247232472323,0.09887006245996802,-0.07361338521201899,0.018710550723814227,42544,16969,-0.07361338521201899,overlapping,observed,all_eligible
no_environment,10,4,semiconductor,under_pressure,1739,0.35077630822311673,0.6492236917768832,2.428435114503817,0.06339121630517423,-0.07986596778553971,-0.015883264884738693,42544,16969,-0.07986596778553971,overlapping,observed,all_eligible
no_environment,10,4,semiconductor,uptrend,4736,0.40076013513513514,0.5992398648648649,2.5667701863354035,0.08719471258125133,-0.06162947522453577,0.016291824514996545,42544,16969,-0.06162947522453577,overlapping,observed,all_eligible
no_environment,10,4,software,acute_selloff,44,0.8636363636363636,0.13636363636363635,3.292682926829268,0.11140471791849366,-0.028052206632078004,0.09311403345609262,69003,30391,-0.028052206632078004,overlapping,observed,all_eligible
no_environment,10,4,software,correction,660,0.5606060606060606,0.4393939393939394,2.603960396039604,0.09117850567297116,-0.04746803334506685,0.047893475572137904,69003,30391,-0.04746803334506685,overlapping,observed,all_eligible
no_environment,10,4,software,range_bound,1064,0.47368421052631576,0.5263157894736842,2.620272314674735,0.07031765386660797,-0.05712826275365689,0.01132897228698318,69003,30391,-0.05712826275365689,overlapping,observed,all_eligible
no_environment,10,4,software,under_pressure,3508,0.40450399087799316,0.5954960091220068,2.4983467170524327,0.06765002686597371,-0.06903707438149771,-0.004045795258384546,69003,30391,-0.06903707438149771,overlapping,observed,all_eligible
no_environment,10,4,software,uptrend,9408,0.44079506802721086,0.5592049319727891,2.8024335574767854,0.08169633867122751,-0.0561209301477931,0.01902195830166091,69003,30391,-0.0561209301477931,overlapping,observed,all_eligible
no_environment,10,5,other,acute_selloff,73,0.6027397260273972,0.3972602739726027,2.0163934426229506,0.09664714559675944,-0.06565270284211445,0.029446375611313892,76195,28572,-0.06565270284211445,overlapping,observed,all_eligible
no_environment,10,5,other,correction,1173,0.46462063086104005,0.5353793691389599,2.6208651399491094,0.0724520131720504,-0.0798795542120579,0.007279853459578523,76195,28572,-0.0798795542120579,overlapping,observed,all_eligible
no_environment,10,5,other,range_bound,532,0.5169172932330827,0.4830827067669173,2.4444444444444446,0.0758675765972034,-0.04369038131823155,0.022088414935645388,76195,28572,-0.04369038131823155,overlapping,observed,all_eligible
no_environment,10,5,other,under_pressure,4081,0.4437637833864249,0.5562362166135751,2.43184421534937,0.06989711790180123,-0.05955708086736555,0.0056751335266285174,76195,28572,-0.05955708086736555,overlapping,observed,all_eligible
no_environment,10,5,other,uptrend,8597,0.401419099685937,0.5985809003140631,2.919984387197502,0.06968888768797873,-0.05494068556349162,0.01334771378115981,76195,28572,-0.05494068556349162,overlapping,observed,all_eligible
no_environment,10,5,semiconductor,acute_selloff,31,0.5161290322580645,0.4838709677419355,1.032258064516129,0.12588922950803472,-0.09335350452360318,0.013277306197750529,42544,16969,-0.09335350452360318,overlapping,observed,all_eligible
no_environment,10,5,semiconductor,correction,578,0.4013840830449827,0.5986159169550173,2.470319634703196,0.1185149624528536,-0.10622251250186546,0.0337554193156354,42544,16969,-0.10622251250186546,overlapping,observed,all_eligible
no_environment,10,5,semiconductor,range_bound,311,0.7652733118971061,0.2347266881028939,1.67595818815331,0.21463602109257393,-0.04057804553534359,0.1323008891812006,42544,16969,-0.04057804553534359,overlapping,observed,all_eligible
no_environment,10,5,semiconductor,under_pressure,2304,0.4175347222222222,0.5824652777777778,1.882217090069284,0.12939546878947494,-0.09104311502048018,0.02392623004378392,42544,16969,-0.09104311502048018,overlapping,observed,all_eligible
no_environment,10,5,semiconductor,uptrend,5322,0.3983464862833521,0.6016535137166479,2.301693175987686,0.12650211034150252,-0.08107049227022378,0.03583644270144827,42544,16969,-0.08107049227022378,overlapping,observed,all_eligible
no_environment,10,5,software,acute_selloff,72,0.625,0.375,1.171875,0.12031861517971859,-0.08213953246470006,0.006113622274823324,69003,30391,-0.08213953246470006,overlapping,observed,all_eligible
no_environment,10,5,software,correction,1199,0.3944954128440367,0.6055045871559633,2.7115812917594653,0.09653544039723115,-0.0891483029952371,0.024427184409675496,69003,30391,-0.0891483029952371,overlapping,observed,all_eligible
no_environment,10,5,software,range_bound,548,0.6751824817518248,0.3248175182481752,1.9316037735849056,0.12322987098661173,-0.044029596767578665,0.05549535398672697,69003,30391,-0.044029596767578665,overlapping,observed,all_eligible
no_environment,10,5,software,under_pressure,3696,0.4264069264069264,0.5735930735930735,2.06813627254509,0.09522063460283471,-0.07753637324743887,0.008386252036668046,69003,30391,-0.07753637324743887,overlapping,observed,all_eligible
no_environment,10,5,software,uptrend,9110,0.35872667398463226,0.6412733260153677,2.4806820243061853,0.09896940344367638,-0.0773125014003117,0.011075002614939752,69003,30391,-0.0773125014003117,overlapping,observed,all_eligible
no_environment,20,1,other,acute_selloff,146,0.4520547945205479,0.547945205479452,3.2,0.11681602627341138,-0.05502532494716291,0.06112820943760138,76195,28572,-0.05502532494716291,overlapping,observed,all_eligible
no_environment,20,1,other,correction,1708,0.32728337236533955,0.6727166276346604,4.632436837815811,0.07985018939244007,-0.07843738191737304,0.004344231708319084,76195,28572,-0.07843738191737304,overlapping,observed,all_eligible
no_environment,20,1,other,range_bound,1448,0.4620165745856354,0.5379834254143646,4.88006902502157,0.07500396862261786,-0.04629271631719618,0.025372461223871417,76195,28572,-0.04629271631719618,overlapping,observed,all_eligible
no_environment,20,1,other,under_pressure,2817,0.29357472488462905,0.706425275115371,5.400634249471459,0.06714411710030659,-0.06756118937955533,9.423098712904038e-05,76195,28572,-0.06756118937955533,overlapping,observed,all_eligible
no_environment,20,1,other,uptrend,6027,0.27509540401526467,0.7249045959847353,5.326928004099411,0.059475016237836464,-0.07126553127960515,-0.011445473114965379,76195,28572,-0.07126553127960515,overlapping,observed,all_eligible
no_environment,20,1,semiconductor,acute_selloff,70,0.37142857142857144,0.6285714285714286,3.0163934426229506,0.12224158185819799,-0.09056257640102934,0.03905072063926766,42544,16969,-0.09056257640102934,overlapping,observed,all_eligible
no_environment,20,1,semiconductor,correction,702,0.3190883190883191,0.6809116809116809,3.90625,0.11418348357699255,-0.09441160361758041,0.020359844590918143,42544,16969,-0.09441160361758041,overlapping,observed,all_eligible
no_environment,20,1,semiconductor,range_bound,827,0.4570737605804111,0.5429262394195888,3.00278940027894,0.1299021432253554,-0.05643049554032832,0.06052893042373881,42544,16969,-0.05643049554032832,overlapping,observed,all_eligible
no_environment,20,1,semiconductor,under_pressure,1275,0.2752941176470588,0.7247058823529412,4.43125,0.10467608321034261,-0.09296892748042657,0.013198373837510734,42544,16969,-0.09296892748042657,overlapping,observed,all_eligible
no_environment,20,1,semiconductor,uptrend,3351,0.21724858251268278,0.7827514174873172,4.358847366051328,0.0834696925492749,-0.09758141366847037,-0.015056989172900414,42544,16969,-0.09758141366847037,overlapping,observed,all_eligible
no_environment,20,1,software,acute_selloff,74,0.43243243243243246,0.5675675675675675,3.942857142857143,0.16852464166680473,-0.07068124663262304,0.08487484591501987,69003,30391,-0.07068124663262304,overlapping,observed,all_eligible
no_environment,20,1,software,correction,1126,0.34547069271758435,0.6545293072824157,4.285555555555556,0.09407993333412919,-0.09305026828818667,0.020909984507766464,69003,30391,-0.09305026828818667,overlapping,observed,all_eligible
no_environment,20,1,software,range_bound,1060,0.5132075471698113,0.4867924528301887,4.143851508120649,0.09886586332490944,-0.06603644658647691,0.028260035232767572,69003,30391,-0.06603644658647691,overlapping,observed,all_eligible
no_environment,20,1,software,under_pressure,2039,0.3423246689553703,0.6576753310446297,4.509148264984227,0.09747908414443313,-0.08498071176146528,0.012920877943647853,69003,30391,-0.08498071176146528,overlapping,observed,all_eligible
no_environment,20,1,software,uptrend,4423,0.2871354284422338,0.7128645715577662,5.234677675452525,0.08866067497293295,-0.08261871428782815,0.006710867045965069,69003,30391,-0.08261871428782815,overlapping,observed,all_eligible
no_environment,20,2,other,acute_selloff,407,0.24078624078624078,0.7592137592137592,3.045602605863192,0.18189994902601775,-0.19569987890722632,0.025301492278342254,76195,28572,-0.19569987890722632,overlapping,observed,all_eligible
no_environment,20,2,other,correction,1031,0.41998060135790494,0.5800193986420951,3.744131455399061,0.14301063763189525,-0.10494671275355544,0.04601844847529361,76195,28572,-0.10494671275355544,overlapping,observed,all_eligible
no_environment,20,2,other,range_bound,487,0.5154004106776181,0.48459958932238195,3.7634146341463413,0.14718229040076086,-0.0672606522329985,0.06351607977264734,76195,28572,-0.0672606522329985,overlapping,observed,all_eligible
no_environment,20,2,other,under_pressure,2358,0.3977947413061917,0.6022052586938084,4.696514745308311,0.11429097777433607,-0.0667102337149982,0.03444137845424384,76195,28572,-0.0667102337149982,overlapping,observed,all_eligible
no_environment,20,2,other,uptrend,8944,0.3597942754919499,0.6402057245080501,4.888086110291949,0.14134953614910073,-0.07728103444536683,0.0354406847325517,76195,28572,-0.07728103444536683,overlapping,observed,all_eligible
no_environment,20,2,semiconductor,acute_selloff,187,0.3689839572192513,0.6310160427807486,3.128834355828221,0.23513228593067387,-0.16445540984235663,0.1334820917445362,42544,16969,-0.16445540984235663,overlapping,observed,all_eligible
no_environment,20,2,semiconductor,correction,581,0.4440619621342513,0.5559380378657487,3.0935672514619883,0.1667187067323472,-0.08917497286951576,0.08933961680593962,42544,16969,-0.08917497286951576,overlapping,observed,all_eligible
no_environment,20,2,semiconductor,range_bound,279,0.48028673835125446,0.5197132616487455,3.3292181069958846,0.16106401506852477,-0.0666432010206621,0.055661642976344905,42544,16969,-0.0666432010206621,overlapping,observed,all_eligible
no_environment,20,2,semiconductor,under_pressure,1160,0.4077586206896552,0.5922413793103448,3.669753086419753,0.13774231280294216,-0.07204125338849399,0.06389549553927233,42544,16969,-0.07204125338849399,overlapping,observed,all_eligible
no_environment,20,2,semiconductor,uptrend,5405,0.3406105457909343,0.6593894542090657,4.575757575757576,0.12079008858958651,-0.0851853873413852,0.028778717772227295,42544,16969,-0.0851853873413852,overlapping,observed,all_eligible
no_environment,20,2,software,acute_selloff,381,0.34908136482939633,0.6509186351706037,2.7950310559006213,0.18241011675557708,-0.1727519980699265,0.06210686171352544,69003,30391,-0.1727519980699265,overlapping,observed,all_eligible
no_environment,20,2,software,correction,835,0.5125748502994012,0.4874251497005988,3.637466307277628,0.18431551280446712,-0.09784782376051256,0.09425535490384121,69003,30391,-0.09784782376051256,overlapping,observed,all_eligible
no_environment,20,2,software,range_bound,403,0.5384615384615384,0.46153846153846156,3.6918767507002803,0.28060122295143997,-0.06739465008697285,0.18595640048481682,69003,30391,-0.06739465008697285,overlapping,observed,all_eligible
no_environment,20,2,software,under_pressure,1570,0.3592356687898089,0.640764331210191,4.510878323932313,0.12435980971813965,-0.08702929369283235,0.0311416158235161,69003,30391,-0.08702929369283235,overlapping,observed,all_eligible
no_environment,20,2,software,uptrend,7886,0.3432665483134669,0.6567334516865331,4.463359273670558,0.1400120468557281,-0.09000387429109791,0.030255271537758668,69003,30391,-0.09000387429109791,overlapping,observed,all_eligible
no_environment,20,3,other,acute_selloff,520,0.3038461538461538,0.6961538461538461,3.649667405764967,0.11551724248414189,-0.08367640525121711,0.0196346106945678,76195,28572,-0.08367640525121711,overlapping,observed,all_eligible
no_environment,20,3,other,correction,4095,0.3103785103785104,0.6896214896214896,4.244910742248669,0.10798866025883298,-0.09033852205954176,0.023498196747972655,76195,28572,-0.09033852205954176,overlapping,observed,all_eligible
no_environment,20,3,other,range_bound,2590,0.29343629343629346,0.7065637065637066,3.6907437132156233,0.08549098614280669,-0.0806335151396463,-0.013504269740245387,76195,28572,-0.0806335151396463,overlapping,observed,all_eligible
no_environment,20,3,other,under_pressure,1597,0.2936756418284283,0.7063243581715717,4.737541528239203,0.08441121106617247,-0.08494580995861353,0.0015727129924947814,76195,28572,-0.08494580995861353,overlapping,observed,all_eligible
no_environment,20,3,other,uptrend,3735,0.24096385542168675,0.7590361445783133,4.971732896353953,0.06399184004786668,-0.08424360214566437,-0.020743396420599757,76195,28572,-0.08424360214566437,overlapping,observed,all_eligible
no_environment,20,3,semiconductor,acute_selloff,200,0.125,0.875,3.4198895027624308,0.11522969643501976,-0.1044445157020288,0.005013688522856787,42544,16969,-0.1044445157020288,overlapping,observed,all_eligible
no_environment,20,3,semiconductor,correction,1964,0.25814663951120165,0.7418533604887984,4.144712430426716,0.13811164477729998,-0.10483225146933187,0.036935923336598044,42544,16969,-0.10483225146933187,overlapping,observed,all_eligible
no_environment,20,3,semiconductor,range_bound,1722,0.2578397212543554,0.7421602787456446,2.4533227848101267,0.1030075562236315,-0.10787518078452123,-0.032567564791625675,42544,16969,-0.10787518078452123,overlapping,observed,all_eligible
no_environment,20,3,semiconductor,under_pressure,944,0.274364406779661,0.725635593220339,3.4839609483960947,0.10911232638836069,-0.10533199667968522,0.004526087023254936,42544,16969,-0.10533199667968522,overlapping,observed,all_eligible
no_environment,20,3,semiconductor,uptrend,2296,0.21254355400696864,0.7874564459930313,4.196731234866828,0.09482039033395881,-0.09249201925265922,-0.005280873970886452,42544,16969,-0.09249201925265922,overlapping,observed,all_eligible
no_environment,20,3,software,acute_selloff,413,0.22518159806295399,0.774818401937046,2.565826330532213,0.15646846214669613,-0.14419399255657367,-0.0303559417722922,69003,30391,-0.14419399255657367,overlapping,observed,all_eligible
no_environment,20,3,software,correction,3755,0.23728362183754995,0.7627163781624501,3.498631074606434,0.12330784998885178,-0.13384293270946443,-0.004108470383854345,69003,30391,-0.13384293270946443,overlapping,observed,all_eligible
no_environment,20,3,software,range_bound,3010,0.24883720930232558,0.7511627906976744,3.1093892433910666,0.1204501872888595,-0.11750935857200633,-0.03321253295013177,69003,30391,-0.11750935857200633,overlapping,observed,all_eligible
no_environment,20,3,software,under_pressure,1533,0.30789302022178733,0.6921069797782127,3.676521739130435,0.11911330747284653,-0.10306915361583048,0.004947892912335668,69003,30391,-0.10306915361583048,overlapping,observed,all_eligible
no_environment,20,3,software,uptrend,4139,0.2858178303938149,0.7141821696061851,4.044960659423005,0.09862990877573855,-0.10557106089471428,-0.024811441429721685,69003,30391,-0.10557106089471428,overlapping,observed,all_eligible
no_environment,20,4,other,acute_selloff,58,0.8103448275862069,0.1896551724137931,3.189655172413793,0.11632427269137127,-0.022992111325961864,0.05729700300760958,76195,28572,-0.022992111325961864,overlapping,observed,all_eligible
no_environment,20,4,other,correction,691,0.4558610709117221,0.5441389290882779,4.949820788530466,0.08558205415805568,-0.05346999711174173,0.02565908839129009,76195,28572,-0.05346999711174173,overlapping,observed,all_eligible
no_environment,20,4,other,range_bound,885,0.32429378531073444,0.6757062146892655,4.7304625199362045,0.08591472456858569,-0.06428547676636562,0.018540112535002734,76195,28572,-0.06428547676636562,overlapping,observed,all_eligible
no_environment,20,4,other,under_pressure,3368,0.29097387173396677,0.7090261282660333,4.9563492063492065,0.07645450439348209,-0.07663799362864934,0.004060700655543585,76195,28572,-0.07663799362864934,overlapping,observed,all_eligible
no_environment,20,4,other,uptrend,8472,0.3457271010387158,0.6542728989612843,5.039399624765478,0.0995103870330448,-0.06346933326531512,0.028978761775324165,76195,28572,-0.06346933326531512,overlapping,observed,all_eligible
no_environment,20,4,semiconductor,acute_selloff,8,0.625,0.375,3.625,0.17164973840760997,-0.05328541088896435,0.03811310426912411,42544,16969,-0.05328541088896435,overlapping,observed,all_eligible
no_environment,20,4,semiconductor,correction,203,0.3103448275862069,0.6896551724137931,2.8971428571428572,0.1681017040319624,-0.0991989219400967,0.03482666789032307,42544,16969,-0.0991989219400967,overlapping,observed,all_eligible
no_environment,20,4,semiconductor,range_bound,403,0.3200992555831266,0.6799007444168734,3.712871287128713,0.14996354853282542,-0.0891754634214634,0.04995332148536045,42544,16969,-0.0891754634214634,overlapping,observed,all_eligible
no_environment,20,4,semiconductor,under_pressure,1739,0.26336975273145485,0.7366302472685451,4.3104,0.09479218138819706,-0.1054003511729272,-0.00382402156620243,42544,16969,-0.1054003511729272,overlapping,observed,all_eligible
no_environment,20,4,semiconductor,uptrend,4736,0.2907516891891892,0.7092483108108109,3.9867567567567566,0.13383156515463066,-0.09061470245632604,0.02459993775625017,42544,16969,-0.09061470245632604,overlapping,observed,all_eligible
no_environment,20,4,software,acute_selloff,44,0.8181818181818182,0.18181818181818182,4.0227272727272725,0.15392990418970465,-0.03575990063109296,0.07255987072442849,69003,30391,-0.03575990063109296,overlapping,observed,all_eligible
no_environment,20,4,software,correction,660,0.4303030303030303,0.5696969696969697,3.8028169014084505,0.12697508238707478,-0.06202881621830613,0.048870607572433,69003,30391,-0.06202881621830613,overlapping,observed,all_eligible
no_environment,20,4,software,range_bound,1064,0.37030075187969924,0.6296992481203008,4.242819843342037,0.11890059869497008,-0.07468525493477932,0.04704017317744578,69003,30391,-0.07468525493477932,overlapping,observed,all_eligible
no_environment,20,4,software,under_pressure,3508,0.3127137970353478,0.6872862029646523,4.610019267822736,0.0995267471978257,-0.09206972345127404,0.011380694928381396,69003,30391,-0.09206972345127404,overlapping,observed,all_eligible
no_environment,20,4,software,uptrend,9408,0.344281462585034,0.655718537414966,4.504584681769148,0.13122827404073745,-0.07841194797654288,0.03583717331711081,69003,30391,-0.07841194797654288,overlapping,observed,all_eligible
no_environment,20,5,other,acute_selloff,73,0.3287671232876712,0.6712328767123288,2.787878787878788,0.14319156017184917,-0.115060076803098,0.04827453629471539,76195,28572,-0.115060076803098,overlapping,observed,all_eligible
no_environment,20,5,other,correction,1173,0.30434782608695654,0.6956521739130435,4.034330011074197,0.10854899100839766,-0.11400636200699436,0.013784368557576084,76195,28572,-0.11400636200699436,overlapping,observed,all_eligible
no_environment,20,5,other,range_bound,532,0.4266917293233083,0.5733082706766918,4.778801843317972,0.11746319241369578,-0.05760278879206031,0.04525904487291202,76195,28572,-0.05760278879206031,overlapping,observed,all_eligible
no_environment,20,5,other,under_pressure,3781,0.33827029886273474,0.6617297011372653,3.90014164305949,0.10326193069471515,-0.08196870727542577,0.01053506490075584,76195,28572,-0.08196870727542577,overlapping,observed,all_eligible
no_environment,20,5,other,uptrend,8532,0.30789967182372247,0.6921003281762775,4.7725272934658625,0.10695551876986134,-0.07536172498680732,0.02505202853165538,76195,28572,-0.07536172498680732,overlapping,observed,all_eligible
no_environment,20,5,semiconductor,acute_selloff,31,0.4838709677419355,0.5161290322580645,1.032258064516129,0.17661711054207357,-0.12718567128033587,0.062478051571169146,42544,16969,-0.12718567128033587,overlapping,observed,all_eligible
no_environment,20,5,semiconductor,correction,578,0.3408304498269896,0.6591695501730104,3.1691648822269807,0.23833939314517708,-0.14031257024995916,0.10744559720719817,42544,16969,-0.14031257024995916,overlapping,observed,all_eligible
no_environment,20,5,semiconductor,range_bound,311,0.7202572347266881,0.2797427652733119,2.1627906976744184,0.37560391148248984,-0.05164500475570303,0.2561873362444149,42544,16969,-0.05164500475570303,overlapping,observed,all_eligible
no_environment,20,5,semiconductor,under_pressure,2158,0.31742354031510656,0.6825764596848934,3.0191466083150984,0.21008211993358897,-0.11457004771636536,0.06936591216202356,42544,16969,-0.11457004771636536,overlapping,observed,all_eligible
no_environment,20,5,semiconductor,uptrend,5298,0.3138920347300868,0.6861079652699131,3.8002699055330633,0.20498039368356988,-0.10486193117168165,0.0738257704538062,42544,16969,-0.10486193117168165,overlapping,observed,all_eligible
no_environment,20,5,software,acute_selloff,72,0.5,0.5,1.7014925373134329,0.1824096520764487,-0.1227007809128881,0.07405549748777068,69003,30391,-0.1227007809128881,overlapping,observed,all_eligible
no_environment,20,5,software,correction,1199,0.311092577147623,0.6889074228523769,3.8532934131736525,0.1585066077093507,-0.1159928193424983,0.06580232608679731,69003,30391,-0.1159928193424983,overlapping,observed,all_eligible
no_environment,20,5,software,range_bound,548,0.5273722627737226,0.4726277372262774,2.9827213822894167,0.18837420791764695,-0.07935941068753767,0.07861065102457925,69003,30391,-0.07935941068753767,overlapping,observed,all_eligible
no_environment,20,5,software,under_pressure,3445,0.29027576197387517,0.7097242380261248,3.4609737248840804,0.1412588650537721,-0.11214966385680351,0.010639703344477166,69003,30391,-0.11214966385680351,overlapping,observed,all_eligible
no_environment,20,5,software,uptrend,9048,0.2578470380194518,0.7421529619805481,4.038830372582927,0.15636198396628206,-0.1089689995006288,0.01926374096710343,69003,30391,-0.1089689995006288,overlapping,observed,all_eligible
no_retests,5,1,other,acute_selloff,131,0.648854961832061,0.3511450381679389,1.271604938271605,0.05708026061633406,-0.036917977706065065,0.021324004633190063,73487,28572,-0.036917977706065065,overlapping,observed,all_eligible
no_retests,5,1,other,correction,1715,0.5860058309037901,0.4139941690962099,1.5880829015544042,0.04063166892680792,-0.03685849548039938,0.002849633066499093,73487,28572,-0.03685849548039938,overlapping,observed,all_eligible
no_retests,5,1,other,range_bound,1484,0.6469002695417789,0.353099730458221,1.8565340909090908,0.03467286029666594,-0.026941227236667194,0.01051430443587089,73487,28572,-0.026941227236667194,overlapping,observed,all_eligible
no_retests,5,1,other,under_pressure,2682,0.5253542132736764,0.4746457867263236,1.6766990291262136,0.03291281988554631,-0.03443694665931799,-0.0010727904711706198,73487,28572,-0.03443694665931799,overlapping,observed,all_eligible
no_retests,5,1,other,uptrend,5762,0.5308920513710517,0.4691079486289483,1.7972061657032756,0.028267392810999298,-0.03173733951025189,-0.003502143758022717,73487,28572,-0.03173733951025189,overlapping,observed,all_eligible
no_retests,5,1,semiconductor,acute_selloff,57,0.5789473684210527,0.42105263157894735,0.9,0.05929991879437915,-0.042423943250841985,0.015357129473695432,40225,16969,-0.042423943250841985,overlapping,observed,all_eligible
no_retests,5,1,semiconductor,correction,661,0.518910741301059,0.481089258698941,1.3463541666666667,0.052406495579275306,-0.05195636044646908,0.0009849598146637497,40225,16969,-0.05195636044646908,overlapping,observed,all_eligible
no_retests,5,1,semiconductor,range_bound,817,0.6499388004895961,0.35006119951040393,1.5119266055045872,0.06006480199281378,-0.03217009897032928,0.026244389479777946,40225,16969,-0.03217009897032928,overlapping,observed,all_eligible
no_retests,5,1,semiconductor,under_pressure,1138,0.44903339191564146,0.5509666080843585,1.3121597096188748,0.046067101525114985,-0.05168137149118072,-0.002958574319721564,40225,16969,-0.05168137149118072,overlapping,observed,all_eligible
no_retests,5,1,semiconductor,uptrend,3195,0.49233176838810644,0.5076682316118936,1.5859546452084858,0.03960417550834641,-0.04268681232512489,-0.003879557320127725,40225,16969,-0.04268681232512489,overlapping,observed,all_eligible
no_retests,5,1,software,acute_selloff,63,0.5873015873015873,0.4126984126984127,1.0731707317073171,0.08141117512147178,-0.0553802677948425,0.03143536886732238,65214,30391,-0.0553802677948425,overlapping,observed,all_eligible
no_retests,5,1,software,correction,1107,0.5158084914182475,0.48419150858175247,1.5165217391304349,0.0452219780693916,-0.04808732509430244,0.0009547827363055997,65214,30391,-0.04808732509430244,overlapping,observed,all_eligible
no_retests,5,1,software,range_bound,1090,0.6559633027522935,0.3440366972477064,1.5538720538720538,0.04542086137308077,-0.03766509119233564,0.010278870268414593,65214,30391,-0.03766509119233564,overlapping,observed,all_eligible
no_retests,5,1,software,under_pressure,1943,0.5352547606793618,0.4647452393206382,1.4797927461139897,0.047002772448487155,-0.041666385702188266,0.0068446909355159334,65214,30391,-0.041666385702188266,overlapping,observed,all_eligible
no_retests,5,1,software,uptrend,4352,0.5629595588235294,0.43704044117647056,1.788677130044843,0.03784648563177083,-0.039455849973625785,-2.5083151730835477e-05,65214,30391,-0.039455849973625785,overlapping,observed,all_eligible
no_retests,5,2,other,acute_selloff,362,0.43370165745856354,0.5662983425414365,1.3317307692307692,0.09989851030476882,-0.11233745190590316,-0.007756420610427328,73487,28572,-0.11233745190590316,overlapping,observed,all_eligible
no_retests,5,2,other,correction,1024,0.578125,0.421875,1.3676470588235294,0.06266173826672207,-0.060032830911611997,0.0037614718214923253,73487,28572,-0.060032830911611997,overlapping,observed,all_eligible
no_retests,5,2,other,range_bound,438,0.6575342465753424,0.3424657534246575,1.3914893617021276,0.06400930400160534,-0.03682749021248672,0.020687606317067262,73487,28572,-0.03682749021248672,overlapping,observed,all_eligible
no_retests,5,2,other,under_pressure,2294,0.5745422842197035,0.42545771578029645,1.4892086330935252,0.04874809400004134,-0.03925561871176956,0.008129370707270352,73487,28572,-0.03925561871176956,overlapping,observed,all_eligible
no_retests,5,2,other,uptrend,8655,0.5661467359907568,0.43385326400924323,1.5565610859728507,0.052303605456734535,-0.0392646413449803,0.009131361442073204,73487,28572,-0.0392646413449803,overlapping,observed,all_eligible
no_retests,5,2,semiconductor,acute_selloff,168,0.44047619047619047,0.5595238095238095,1.271186440677966,0.09716085504211625,-0.09950728380242724,0.013412913921702255,40225,16969,-0.09950728380242724,overlapping,observed,all_eligible
no_retests,5,2,semiconductor,correction,543,0.565377532228361,0.43462246777163904,1.3112947658402203,0.06395303780846912,-0.06057288657270206,0.009946355342267699,40225,16969,-0.06057288657270206,overlapping,observed,all_eligible
no_retests,5,2,semiconductor,range_bound,256,0.75390625,0.24609375,1.1964285714285714,0.06433777433044659,-0.036003237601538764,0.02424304858461987,40225,16969,-0.036003237601538764,overlapping,observed,all_eligible
no_retests,5,2,semiconductor,under_pressure,1084,0.5396678966789668,0.4603321033210332,1.2910798122065728,0.052491166242839137,-0.048823144475206824,0.004200744365352061,40225,16969,-0.048823144475206824,overlapping,observed,all_eligible
no_retests,5,2,semiconductor,uptrend,5263,0.5451263537906137,0.4548736462093863,1.4677299703264095,0.050972996541926996,-0.04444378574129094,0.006100480436817286,40225,16969,-0.04444378574129094,overlapping,observed,all_eligible
no_retests,5,2,software,acute_selloff,381,0.49868766404199477,0.5013123359580053,1.1529850746268657,0.09709162800984511,-0.08488790273534552,0.01934047971478389,65214,30391,-0.08488790273534552,overlapping,observed,all_eligible
no_retests,5,2,software,correction,816,0.6274509803921569,0.37254901960784315,1.25512104283054,0.06984163083888117,-0.06309847924630338,0.009973258577489215,65214,30391,-0.06309847924630338,overlapping,observed,all_eligible
no_retests,5,2,software,range_bound,410,0.7682926829268293,0.23170731707317074,1.41635687732342,0.07174856894016299,-0.03783706778377057,0.026796679022809338,65214,30391,-0.03783706778377057,overlapping,observed,all_eligible
no_retests,5,2,software,under_pressure,1429,0.523442967109867,0.47655703289013296,1.46262341325811,0.05075022250876645,-0.05012013214178759,0.003277983771766601,65214,30391,-0.05012013214178759,overlapping,observed,all_eligible
no_retests,5,2,software,uptrend,7537,0.5629560833222768,0.43704391667772324,1.4869151467089612,0.06191190124277792,-0.04682766047717918,0.009931401175441956,65214,30391,-0.04682766047717918,overlapping,observed,all_eligible
no_retests,5,3,other,acute_selloff,505,0.5504950495049505,0.4495049504950495,1.3509933774834437,0.05351891425937458,-0.04473707403836533,0.016465482556869308,73487,28572,-0.04473707403836533,overlapping,observed,all_eligible
no_retests,5,3,other,correction,4077,0.5145940642629384,0.4854059357370616,1.3775953645581844,0.04834893468234954,-0.047484898494580714,0.0015141451871915584,73487,28572,-0.047484898494580714,overlapping,observed,all_eligible
no_retests,5,3,other,range_bound,2619,0.5429553264604811,0.4570446735395189,1.5747384155455904,0.04502646348611706,-0.038324051060835085,0.005523996148909535,73487,28572,-0.038324051060835085,overlapping,observed,all_eligible
no_retests,5,3,other,under_pressure,1581,0.5357368753953194,0.46426312460468055,1.4742547425474255,0.03926818284086887,-0.03853678017016165,-0.0010275186722176499,73487,28572,-0.03853678017016165,overlapping,observed,all_eligible
no_retests,5,3,other,uptrend,3429,0.5348498104403616,0.4651501895596384,1.6306646525679758,0.03419686610694472,-0.036436362363311894,-0.0029220991181349294,73487,28572,-0.036436362363311894,overlapping,observed,all_eligible
no_retests,5,3,semiconductor,acute_selloff,198,0.29292929292929293,0.7070707070707071,1.7984496124031009,0.055549040698638696,-0.06526905351215342,0.011639373485609974,40225,16969,-0.06526905351215342,overlapping,observed,all_eligible
no_retests,5,3,semiconductor,correction,1714,0.43582263710618435,0.5641773628938156,1.3531283138918346,0.055507364694180814,-0.059866123980666985,-0.0024099248088562085,40225,16969,-0.059866123980666985,overlapping,observed,all_eligible
no_retests,5,3,semiconductor,range_bound,1667,0.5218956208758249,0.47810437912417514,1.224470134874759,0.05664178749537128,-0.04780644658578501,0.005843533704310769,40225,16969,-0.04780644658578501,overlapping,observed,all_eligible
no_retests,5,3,semiconductor,under_pressure,869,0.5132336018411968,0.48676639815880324,1.1127049180327868,0.04953888607929387,-0.049546022496741206,-0.002713287739581769,40225,16969,-0.049546022496741206,overlapping,observed,all_eligible
no_retests,5,3,semiconductor,uptrend,2178,0.48622589531680444,0.5137741046831956,1.4019138755980862,0.04604316057570487,-0.0461043975965273,-0.0005853999151836307,40225,16969,-0.0461043975965273,overlapping,observed,all_eligible
no_retests,5,3,software,acute_selloff,377,0.4482758620689655,0.5517241379310345,1.3432835820895523,0.07843073914703487,-0.07287984607929103,0.020852102445818536,65214,30391,-0.07287984607929103,overlapping,observed,all_eligible
no_retests,5,3,software,correction,3530,0.44730878186968837,0.5526912181303116,1.1809720785935884,0.05948590755446197,-0.06896308413146797,-0.01250466471378525,65214,30391,-0.06896308413146797,overlapping,observed,all_eligible
no_retests,5,3,software,range_bound,2824,0.5297450424929179,0.4702549575070821,1.3041533546325879,0.05831152655144908,-0.05285911839869945,-0.00035808250451154454,65214,30391,-0.05285911839869945,overlapping,observed,all_eligible
no_retests,5,3,software,under_pressure,1416,0.5402542372881356,0.4597457627118644,1.2441253263707572,0.05185936270340163,-0.04737055335266741,-0.00028918582856034063,65214,30391,-0.04737055335266741,overlapping,observed,all_eligible
no_retests,5,3,software,uptrend,3967,0.5149987396017142,0.48500126039828584,1.4893497757847534,0.05223989253202267,-0.048017211369273845,0.0003862313693063043,65214,30391,-0.048017211369273845,overlapping,observed,all_eligible
no_retests,5,4,other,acute_selloff,57,0.9122807017543859,0.08771929824561403,1.380952380952381,0.05741263660978178,-0.013555732523683615,0.03429261588215913,73487,28572,-0.013555732523683615,overlapping,observed,all_eligible
no_retests,5,4,other,correction,676,0.599112426035503,0.40088757396449703,1.8651315789473684,0.03746536048634194,-0.032337654847884305,0.010140438019907692,73487,28572,-0.032337654847884305,overlapping,observed,all_eligible
no_retests,5,4,other,range_bound,874,0.6270022883295194,0.37299771167048057,1.7593052109181142,0.038733211567780604,-0.03223742052525884,0.0028801735653941245,73487,28572,-0.03223742052525884,overlapping,observed,all_eligible
no_retests,5,4,other,under_pressure,3159,0.5245330800886356,0.47546691991136436,1.6179427687548338,0.03640333327857454,-0.038636543944142315,-0.004976119440044375,73487,28572,-0.038636543944142315,overlapping,observed,all_eligible
no_retests,5,4,other,uptrend,8011,0.5471227062788666,0.45287729372113344,1.6156643356643356,0.04086853733435713,-0.03243531138785635,0.007471483228663749,73487,28572,-0.03243531138785635,overlapping,observed,all_eligible
no_retests,5,4,semiconductor,acute_selloff,9,0.6666666666666666,0.3333333333333333,1.0,0.07498930847856355,-0.04750635249578147,0.035420762771373106,40225,16969,-0.04750635249578147,overlapping,observed,all_eligible
no_retests,5,4,semiconductor,correction,165,0.5272727272727272,0.4727272727272727,1.4957264957264957,0.07547220420512651,-0.0587987058506349,0.026833325129099684,40225,16969,-0.0587987058506349,overlapping,observed,all_eligible
no_retests,5,4,semiconductor,range_bound,362,0.48066298342541436,0.5193370165745856,1.4818652849740932,0.05979789881994153,-0.054903925930708274,-0.00120754290451727,40225,16969,-0.054903925930708274,overlapping,observed,all_eligible
no_retests,5,4,semiconductor,under_pressure,1592,0.4956030150753769,0.5043969849246231,1.305732484076433,0.04637259028658222,-0.05279036198930272,-0.009502601382085784,40225,16969,-0.05279036198930272,overlapping,observed,all_eligible
no_retests,5,4,semiconductor,uptrend,4487,0.5221751727211945,0.47782482727880543,1.4012605042016806,0.056974072991234505,-0.044732882284877186,0.008574253006878802,40225,16969,-0.044732882284877186,overlapping,observed,all_eligible
no_retests,5,4,software,acute_selloff,38,0.8157894736842105,0.18421052631578946,1.2727272727272727,0.082859534765733,-0.027651491218614613,0.051369565107992225,65214,30391,-0.027651491218614613,overlapping,observed,all_eligible
no_retests,5,4,software,correction,625,0.624,0.376,1.6453333333333333,0.05904634935050947,-0.03867570862705967,0.02460860197024028,65214,30391,-0.03867570862705967,overlapping,observed,all_eligible
no_retests,5,4,software,range_bound,1048,0.5944656488549618,0.40553435114503816,1.6744186046511629,0.04770578175791466,-0.03933961221510185,0.006097391051106419,65214,30391,-0.03933961221510185,overlapping,observed,all_eligible
no_retests,5,4,software,under_pressure,3158,0.5383153894870171,0.4616846105129829,1.4297956493078445,0.0470383040217271,-0.046381363014522926,-0.0015647981943455122,65214,30391,-0.046381363014522926,overlapping,observed,all_eligible
no_retests,5,4,software,uptrend,8978,0.5467810202717754,0.45321897972822456,1.4762658227848102,0.05356500998487511,-0.04197201299657875,0.008133676247593287,65214,30391,-0.04197201299657875,overlapping,observed,all_eligible
no_retests,5,5,other,acute_selloff,69,0.6086956521739131,0.391304347826087,0.9285714285714286,0.07031728700996982,-0.04865119009520402,0.03518720505021321,73487,28572,-0.04865119009520402,overlapping,observed,all_eligible
no_retests,5,5,other,correction,1132,0.5512367491166078,0.44876325088339225,1.4746376811594204,0.04348317498598339,-0.05373919360060747,-0.006401866924402774,73487,28572,-0.05373919360060747,overlapping,observed,all_eligible
no_retests,5,5,other,range_bound,585,0.6598290598290598,0.3401709401709402,1.5060975609756098,0.052475485722598386,-0.03155818959686254,0.019528842226228974,73487,28572,-0.03155818959686254,overlapping,observed,all_eligible
no_retests,5,5,other,under_pressure,4103,0.5688520594686814,0.43114794053131855,1.4393505253104106,0.04734020791372432,-0.041193700807202895,0.004848095103652827,73487,28572,-0.041193700807202895,overlapping,observed,all_eligible
no_retests,5,5,other,uptrend,8298,0.517353579175705,0.482646420824295,1.5938603640315132,0.04409291048075341,-0.04085108685229414,0.0034315876831164348,73487,28572,-0.04085108685229414,overlapping,observed,all_eligible
no_retests,5,5,semiconductor,acute_selloff,33,0.5151515151515151,0.48484848484848486,0.8275862068965517,0.11615730362290913,-0.07789913938214965,0.03514399046655525,40225,16969,-0.07789913938214965,overlapping,observed,all_eligible
no_retests,5,5,semiconductor,correction,498,0.45180722891566266,0.5481927710843374,1.323943661971831,0.062692208370477,-0.07991734435640495,-0.009733807767750567,40225,16969,-0.07991734435640495,overlapping,observed,all_eligible
no_retests,5,5,semiconductor,range_bound,348,0.7672413793103449,0.23275862068965517,1.1956521739130435,0.1124216893372858,-0.03994292620448363,0.07043109666427011,40225,16969,-0.03994292620448363,overlapping,observed,all_eligible
no_retests,5,5,semiconductor,under_pressure,2130,0.5417840375586854,0.4582159624413146,1.1335714285714287,0.09415589514330112,-0.06726109562325912,0.021400290387599923,40225,16969,-0.06726109562325912,overlapping,observed,all_eligible
no_retests,5,5,semiconductor,uptrend,5253,0.5048543689320388,0.49514563106796117,1.3157894736842106,0.07920004475663422,-0.06195845719776616,0.013367668745712089,40225,16969,-0.06195845719776616,overlapping,observed,all_eligible
no_retests,5,5,software,acute_selloff,73,0.7534246575342466,0.2465753424657534,1.0,0.11100383189105899,-0.0546686844459095,0.0549727711566276,65214,30391,-0.0546686844459095,overlapping,observed,all_eligible
no_retests,5,5,software,correction,1066,0.5478424015009381,0.4521575984990619,1.4841930116472546,0.05691853684814667,-0.06272483104565124,-0.0016766051192938526,65214,30391,-0.06272483104565124,overlapping,observed,all_eligible
no_retests,5,5,software,range_bound,569,0.7434094903339191,0.2565905096660808,1.3891891891891892,0.07686023505866711,-0.035227489665196586,0.03758493524656532,65214,30391,-0.035227489665196586,overlapping,observed,all_eligible
no_retests,5,5,software,under_pressure,3270,0.5498470948012233,0.45015290519877676,1.2489429175475688,0.06912644492619421,-0.05560731720882421,0.010368322261495602,65214,30391,-0.05560731720882421,overlapping,observed,all_eligible
no_retests,5,5,software,uptrend,8548,0.4851427234440805,0.5148572765559195,1.3740272373540856,0.06465006802877347,-0.0552131307969861,0.004461374289672345,65214,30391,-0.0552131307969861,overlapping,observed,all_eligible
no_retests,10,1,other,acute_selloff,131,0.5114503816793893,0.48854961832061067,1.9578947368421054,0.0740868951916189,-0.05025010484343982,0.014690799251994452,73487,28572,-0.05025010484343982,overlapping,observed,all_eligible
no_retests,10,1,other,correction,1715,0.46005830903790085,0.5399416909620991,2.771144278606965,0.055572854248985615,-0.05420260316077995,0.0006678304451320756,73487,28572,-0.05420260316077995,overlapping,observed,all_eligible
no_retests,10,1,other,range_bound,1484,0.5586253369272237,0.4413746630727763,3.1253886010362693,0.0518825371248623,-0.03426994104727866,0.0177076777234623,73487,28572,-0.03426994104727866,overlapping,observed,all_eligible
no_retests,10,1,other,under_pressure,2682,0.41200596569724085,0.5879940343027591,3.018960674157303,0.04657422045081563,-0.048505445190386534,-0.002048092909967664,73487,28572,-0.048505445190386534,overlapping,observed,all_eligible
no_retests,10,1,other,uptrend,5762,0.391877820201319,0.608122179798681,3.271346608167398,0.041618514659598475,-0.048616478466436776,-0.005307180397429592,73487,28572,-0.048616478466436776,overlapping,observed,all_eligible
no_retests,10,1,semiconductor,acute_selloff,57,0.40350877192982454,0.5964912280701754,1.6888888888888889,0.0747562784810693,-0.07342707625516068,-0.01404531621925628,40225,16969,-0.07342707625516068,overlapping,observed,all_eligible
no_retests,10,1,semiconductor,correction,661,0.3857791225416036,0.6142208774583964,2.4625,0.07564981158513485,-0.07219506434135525,0.00043811378466296883,40225,16969,-0.07219506434135525,overlapping,observed,all_eligible
no_retests,10,1,semiconductor,range_bound,817,0.5569155446756426,0.4430844553243574,2.2608024691358026,0.08877897324631759,-0.04109767573898561,0.03994524471011009,40225,16969,-0.04109767573898561,overlapping,observed,all_eligible
no_retests,10,1,semiconductor,under_pressure,1138,0.36467486818980666,0.6353251318101933,2.4083694083694085,0.06653029059332861,-0.06967098554113654,-0.0008562866016481708,40225,16969,-0.06967098554113654,overlapping,observed,all_eligible
no_retests,10,1,semiconductor,uptrend,3195,0.34992175273865417,0.6500782472613459,2.81773127753304,0.05933729565295522,-0.06541041123802828,-0.006518015186967544,40225,16969,-0.06541041123802828,overlapping,observed,all_eligible
no_retests,10,1,software,acute_selloff,63,0.4444444444444444,0.5555555555555556,1.2142857142857142,0.10204298458442468,-0.06434101566123808,0.040127219588176936,65214,30391,-0.06434101566123808,overlapping,observed,all_eligible
no_retests,10,1,software,correction,1107,0.42005420054200543,0.5799457994579946,2.6666666666666665,0.06262742471439148,-0.06775188107026156,0.00223650322450047,65214,30391,-0.06775188107026156,overlapping,observed,all_eligible
no_retests,10,1,software,range_bound,1090,0.5899082568807339,0.41009174311926605,2.783817951959545,0.07041685829068388,-0.04748755469759039,0.0249027377752454,65214,30391,-0.04748755469759039,overlapping,observed,all_eligible
no_retests,10,1,software,under_pressure,1943,0.44415851775604737,0.5558414822439527,2.7199055861526356,0.06712650916057632,-0.062438849245132565,0.007520452081850001,65214,30391,-0.062438849245132565,overlapping,observed,all_eligible
no_retests,10,1,software,uptrend,4352,0.41291360294117646,0.5870863970588235,3.13953488372093,0.054227778216602664,-0.05949661601116964,-0.000994185487499628,65214,30391,-0.05949661601116964,overlapping,observed,all_eligible
no_retests,10,2,other,acute_selloff,362,0.2845303867403315,0.7154696132596685,2.0614754098360657,0.1279977960242506,-0.16244726476788773,-0.03616374410361915,73487,28572,-0.16244726476788773,overlapping,observed,all_eligible
no_retests,10,2,other,correction,1024,0.48828125,0.51171875,2.2486263736263736,0.0926173423545966,-0.08364937394871293,0.01348691021348042,73487,28572,-0.08364937394871293,overlapping,observed,all_eligible
no_retests,10,2,other,range_bound,438,0.545662100456621,0.454337899543379,2.6470588235294117,0.10109990878175676,-0.047703849397643334,0.04238579031150911,73487,28572,-0.047703849397643334,overlapping,observed,all_eligible
no_retests,10,2,other,under_pressure,2294,0.5,0.5,2.8643844634628044,0.07537985716187941,-0.05065918300840257,0.02513916622688403,73487,28572,-0.05065918300840257,overlapping,observed,all_eligible
no_retests,10,2,other,uptrend,8655,0.4495667244367418,0.5504332755632583,2.8872110365398957,0.08458637360123397,-0.054452472404707825,0.01892459854574882,73487,28572,-0.054452472404707825,overlapping,observed,all_eligible
no_retests,10,2,semiconductor,acute_selloff,168,0.2976190476190476,0.7023809523809523,1.669291338582677,0.125029040090972,-0.1434651954537377,-0.0012430673913066536,40225,16969,-0.1434651954537377,overlapping,observed,all_eligible
no_retests,10,2,semiconductor,correction,543,0.47882136279926335,0.5211786372007366,2.272727272727273,0.09797811373749538,-0.0829577312830077,0.022830926960537918,40225,16969,-0.0829577312830077,overlapping,observed,all_eligible
no_retests,10,2,semiconductor,range_bound,256,0.62890625,0.37109375,2.050251256281407,0.10341072539855609,-0.04837208834964582,0.03999148967630867,40225,16969,-0.04837208834964582,overlapping,observed,all_eligible
no_retests,10,2,semiconductor,under_pressure,1084,0.46309963099630996,0.5369003690036901,2.370603015075377,0.08502318747765156,-0.06327936077567319,0.029250113723635812,40225,16969,-0.06327936077567319,overlapping,observed,all_eligible
no_retests,10,2,semiconductor,uptrend,5263,0.4240927227816835,0.5759072772183166,2.7044167610419025,0.0785726898702304,-0.061785838333196695,0.014216593933832915,40225,16969,-0.061785838333196695,overlapping,observed,all_eligible
no_retests,10,2,software,acute_selloff,381,0.3569553805774278,0.6430446194225722,1.8163934426229509,0.1317016257595655,-0.13234319434664116,0.0024291130392979175,65214,30391,-0.13234319434664116,overlapping,observed,all_eligible
no_retests,10,2,software,correction,816,0.5625,0.4375,2.120879120879121,0.10703836766118689,-0.08824771130480087,0.019130620124616037,65214,30391,-0.08824771130480087,overlapping,observed,all_eligible
no_retests,10,2,software,range_bound,410,0.6707317073170732,0.32926829268292684,2.2866043613707165,0.13996299924587094,-0.04739892069827069,0.06635347412018416,65214,30391,-0.04739892069827069,overlapping,observed,all_eligible
no_retests,10,2,software,under_pressure,1429,0.45206438068579424,0.5479356193142058,2.75131717597471,0.07983580168098084,-0.06877575542772056,0.01314291813633246,65214,30391,-0.06877575542772056,overlapping,observed,all_eligible
no_retests,10,2,software,uptrend,7537,0.44208571049489187,0.5579142895051081,2.7210568777732957,0.09412925405173908,-0.06506130425851663,0.018941131892317727,65214,30391,-0.06506130425851663,overlapping,observed,all_eligible
no_retests,10,3,other,acute_selloff,505,0.4415841584158416,0.5584158415841585,2.3864229765013056,0.07981618435057176,-0.05811221092535901,0.02230610896582864,73487,28572,-0.05811221092535901,overlapping,observed,all_eligible
no_retests,10,3,other,correction,4077,0.40642629384351237,0.5935737061564876,2.645232815964523,0.07010106482806157,-0.06744094668154967,0.006092046827479327,73487,28572,-0.06744094668154967,overlapping,observed,all_eligible
no_retests,10,3,other,range_bound,2619,0.42688048873615886,0.5731195112638412,2.5704057279236276,0.06689458393640606,-0.05399488715306956,0.005961924863046803,73487,28572,-0.05399488715306956,overlapping,observed,all_eligible
no_retests,10,3,other,under_pressure,1581,0.40417457305502846,0.5958254269449715,2.7297019527235356,0.05425233724140887,-0.060727744700798586,-0.006977087378297308,73487,28572,-0.060727744700798586,overlapping,observed,all_eligible
no_retests,10,3,other,uptrend,3429,0.38086905803441234,0.6191309419655876,3.0175824175824175,0.046864605578624534,-0.0541128031137737,-0.007964222536805864,73487,28572,-0.0541128031137737,overlapping,observed,all_eligible
no_retests,10,3,semiconductor,acute_selloff,198,0.22727272727272727,0.7727272727272727,2.591194968553459,0.07613571388685893,-0.08099946663539526,0.010498695575445844,40225,16969,-0.08099946663539526,overlapping,observed,all_eligible
no_retests,10,3,semiconductor,correction,1714,0.3308051341890315,0.6691948658109685,2.3919726729291204,0.08433321847415505,-0.0811817643235569,0.00841463657118862,40225,16969,-0.0811817643235569,overlapping,observed,all_eligible
no_retests,10,3,semiconductor,range_bound,1667,0.3809238152369526,0.6190761847630474,1.8257191201353637,0.08369282238846378,-0.07161856432923244,0.0006141916961036242,40225,16969,-0.07161856432923244,overlapping,observed,all_eligible
no_retests,10,3,semiconductor,under_pressure,869,0.378596087456847,0.6214039125431531,1.9144851657940662,0.06841083265812453,-0.07688604589055384,-0.013750648675727915,40225,16969,-0.07688604589055384,overlapping,observed,all_eligible
no_retests,10,3,semiconductor,uptrend,2178,0.33562901744719925,0.6643709825528007,2.5076103500761033,0.06540682276767865,-0.06592441682706264,-0.004257518159565367,40225,16969,-0.06592441682706264,overlapping,observed,all_eligible
no_retests,10,3,software,acute_selloff,377,0.32891246684350134,0.6710875331564987,1.8831168831168832,0.11778223113934597,-0.09817792999886957,0.024706142697319095,65214,30391,-0.09817792999886957,overlapping,observed,all_eligible
no_retests,10,3,software,correction,3530,0.32691218130311617,0.6730878186968838,2.2572734829592687,0.08375091396465187,-0.0984739118649541,-0.012848901983592143,65214,30391,-0.0984739118649541,overlapping,observed,all_eligible
no_retests,10,3,software,range_bound,2824,0.39412181303116145,0.6058781869688386,2.1641630901287554,0.08943632323702899,-0.07586009860868774,-0.0012011200926360464,65214,30391,-0.07586009860868774,overlapping,observed,all_eligible
no_retests,10,3,software,under_pressure,1416,0.4018361581920904,0.5981638418079096,2.126637554585153,0.07291297056782646,-0.0722393523323212,-0.006555243114759614,65214,30391,-0.0722393523323212,overlapping,observed,all_eligible
no_retests,10,3,software,uptrend,3967,0.38719435341567937,0.6128056465843207,2.631647776809067,0.07382134583214109,-0.06871892554705582,-0.006660800356355709,65214,30391,-0.06871892554705582,overlapping,observed,all_eligible
no_retests,10,4,other,acute_selloff,57,0.9122807017543859,0.08771929824561403,2.759259259259259,0.08396126651625496,-0.013882495520793908,0.07261656702883201,73487,28572,-0.013882495520793908,overlapping,observed,all_eligible
no_retests,10,4,other,correction,676,0.5266272189349113,0.47337278106508873,3.530701754385965,0.05814000321190992,-0.039852657044142904,0.023754335401259135,73487,28572,-0.039852657044142904,overlapping,observed,all_eligible
no_retests,10,4,other,range_bound,874,0.465675057208238,0.534324942791762,2.945179584120983,0.0546529283175467,-0.045672491478679966,0.006354866649805104,73487,28572,-0.045672491478679966,overlapping,observed,all_eligible
no_retests,10,4,other,under_pressure,3159,0.3833491611269389,0.616650838873061,2.944223107569721,0.05320300232972218,-0.05772881351958915,-0.009098382666472197,73487,28572,-0.05772881351958915,overlapping,observed,all_eligible
no_retests,10,4,other,uptrend,8011,0.43964548745474974,0.5603545125452503,2.9853330617233653,0.06352934690021501,-0.04470534996023366,0.016908109041804772,73487,28572,-0.04470534996023366,overlapping,observed,all_eligible
no_retests,10,4,semiconductor,acute_selloff,9,0.6666666666666666,0.3333333333333333,1.75,0.1315815535089081,-0.04750635249578147,0.11632035646683701,40225,16969,-0.04750635249578147,overlapping,observed,all_eligible
no_retests,10,4,semiconductor,correction,165,0.4303030303030303,0.5696969696969697,2.2949640287769784,0.1084037585079443,-0.07039090781358051,0.037982614752083144,40225,16969,-0.07039090781358051,overlapping,observed,all_eligible
no_retests,10,4,semiconductor,range_bound,362,0.3839779005524862,0.6160220994475138,2.4732510288065845,0.09504506085299809,-0.07385349504897523,0.01738073920693443,40225,16969,-0.07385349504897523,overlapping,observed,all_eligible
no_retests,10,4,semiconductor,under_pressure,1592,0.35615577889447236,0.6438442211055276,2.384851586489253,0.06402496029269264,-0.08024802222652182,-0.01587357332007394,40225,16969,-0.08024802222652182,overlapping,observed,all_eligible
no_retests,10,4,semiconductor,uptrend,4487,0.40294183195899264,0.5970581680410073,2.5483657972928357,0.08710412504859681,-0.06241434137999857,0.01574744364826994,40225,16969,-0.06241434137999857,overlapping,observed,all_eligible
no_retests,10,4,software,acute_selloff,38,0.8157894736842105,0.18421052631578946,3.3333333333333335,0.12012152704499927,-0.027909208265317988,0.1027087531328611,65214,30391,-0.027909208265317988,overlapping,observed,all_eligible
no_retests,10,4,software,correction,625,0.544,0.456,2.632135306553911,0.09058759222115004,-0.04768360953948552,0.04643775305869119,65214,30391,-0.04768360953948552,overlapping,observed,all_eligible
no_retests,10,4,software,range_bound,1048,0.4675572519083969,0.5324427480916031,2.659969088098918,0.0711818820250516,-0.0554664105743491,0.013739032865426446,65214,30391,-0.0554664105743491,overlapping,observed,all_eligible
no_retests,10,4,software,under_pressure,3158,0.41196960101329955,0.5880303989867004,2.5248704663212433,0.06812992628040059,-0.06813887383523314,-0.002661878079297475,65214,30391,-0.06813887383523314,overlapping,observed,all_eligible
no_retests,10,4,software,uptrend,8978,0.4367342392515037,0.5632657607484963,2.792946338170773,0.08300327913388213,-0.057206089204932344,0.019213769591040385,65214,30391,-0.057206089204932344,overlapping,observed,all_eligible
no_retests,10,5,other,acute_selloff,69,0.5507246376811594,0.4492753623188406,2.2222222222222223,0.08864518911261564,-0.06473561133698033,0.029987218221496848,73487,28572,-0.06473561133698033,overlapping,observed,all_eligible
no_retests,10,5,other,correction,1132,0.43992932862190814,0.5600706713780919,2.7382920110192837,0.06714536197097791,-0.07964737513368303,0.0025053067720297944,73487,28572,-0.07964737513368303,overlapping,observed,all_eligible
no_retests,10,5,other,range_bound,563,0.522202486678508,0.477797513321492,2.376315789473684,0.07722368084970047,-0.04340599603328527,0.023489269145646627,73487,28572,-0.04340599603328527,overlapping,observed,all_eligible
no_retests,10,5,other,under_pressure,3996,0.4394394394394394,0.5605605605605606,2.4513343799058083,0.06700014369932976,-0.058986176090924845,0.003997774704005398,73487,28572,-0.058986176090924845,overlapping,observed,all_eligible
no_retests,10,5,other,uptrend,8298,0.39539648107977826,0.6046035189202218,2.866869300911854,0.06977566912042034,-0.05635286233731687,0.012588991114267513,73487,28572,-0.05635286233731687,overlapping,observed,all_eligible
no_retests,10,5,semiconductor,acute_selloff,33,0.42424242424242425,0.5757575757575758,1.0666666666666667,0.12341658156101945,-0.09377994173142756,0.010383946555625209,40225,16969,-0.09377994173142756,overlapping,observed,all_eligible
no_retests,10,5,semiconductor,correction,498,0.3634538152610442,0.6365461847389559,2.6630434782608696,0.1008870797761793,-0.11084838246614595,0.015369125293236781,40225,16969,-0.11084838246614595,overlapping,observed,all_eligible
no_retests,10,5,semiconductor,range_bound,339,0.7669616519174042,0.23303834808259588,1.8580441640378549,0.20768675551843793,-0.03999023505058397,0.12851022485769809,40225,16969,-0.03999023505058397,overlapping,observed,all_eligible
no_retests,10,5,semiconductor,under_pressure,2103,0.4141702330004755,0.5858297669995245,1.8158730158730159,0.13298469974880034,-0.09287271702245399,0.02434926634456273,40225,16969,-0.09287271702245399,overlapping,observed,all_eligible
no_retests,10,5,semiconductor,uptrend,5253,0.3927279649723967,0.6072720350276033,2.33881493082746,0.1269348575270738,-0.08235315314832119,0.036055221630158306,40225,16969,-0.08235315314832119,overlapping,observed,all_eligible
no_retests,10,5,software,acute_selloff,73,0.6301369863013698,0.3698630136986301,1.265625,0.11821062688243587,-0.07939377517058561,0.008613015520009967,65214,30391,-0.07939377517058561,overlapping,observed,all_eligible
no_retests,10,5,software,correction,1066,0.4155722326454034,0.5844277673545967,2.6969309462915603,0.09235750971796988,-0.08822097424889125,0.02404338821308891,65214,30391,-0.08822097424889125,overlapping,observed,all_eligible
no_retests,10,5,software,range_bound,537,0.6480446927374302,0.35195530726256985,1.9854368932038835,0.11076782745232543,-0.045035694606991035,0.04528416663473323,65214,30391,-0.045035694606991035,overlapping,observed,all_eligible
no_retests,10,5,software,under_pressure,3131,0.44394762056850845,0.5560523794314916,2.0372093023255813,0.09762292457530831,-0.07742928149919213,0.009869236958122763,65214,30391,-0.07742928149919213,overlapping,observed,all_eligible
no_retests,10,5,software,uptrend,8548,0.3607861488067384,0.6392138511932616,2.490529940692558,0.10361226904568466,-0.07795994264534614,0.014276093769442525,65214,30391,-0.07795994264534614,overlapping,observed,all_eligible
no_retests,20,1,other,acute_selloff,131,0.4122137404580153,0.5877862595419847,3.7477477477477477,0.09940761055795683,-0.06463036952873955,0.03895798949830527,73487,28572,-0.06463036952873955,overlapping,observed,all_eligible
no_retests,20,1,other,correction,1715,0.3201166180758018,0.6798833819241983,4.664203612479475,0.07749419886835182,-0.07923099918147405,0.0014097995149454877,73487,28572,-0.07923099918147405,overlapping,observed,all_eligible
no_retests,20,1,other,range_bound,1484,0.44878706199460916,0.5512129380053908,4.997448979591836,0.07494408552282787,-0.047086191770341915,0.025706847378829334,73487,28572,-0.047086191770341915,overlapping,observed,all_eligible
no_retests,20,1,other,under_pressure,2682,0.2979120059656972,0.7020879940343028,5.455986878075451,0.06832967813921981,-0.0661616515981415,0.00210803431488806,73487,28572,-0.0661616515981415,overlapping,observed,all_eligible
no_retests,20,1,other,uptrend,5762,0.2679625130163138,0.7320374869836862,5.396829661472327,0.05978992597568756,-0.07206978267192679,-0.012007093737849658,73487,28572,-0.07206978267192679,overlapping,observed,all_eligible
no_retests,20,1,semiconductor,acute_selloff,57,0.3333333333333333,0.6666666666666666,3.02,0.10972291016828835,-0.09155673626910513,0.03139865991023827,40225,16969,-0.09155673626910513,overlapping,observed,all_eligible
no_retests,20,1,semiconductor,correction,661,0.28895612708018154,0.7110438729198184,3.809963099630996,0.11257792157806083,-0.09842136447182963,0.010945206136652416,40225,16969,-0.09842136447182963,overlapping,observed,all_eligible
no_retests,20,1,semiconductor,range_bound,817,0.4259485924112607,0.5740514075887393,3.1015736766809727,0.1279812409675823,-0.058556029476451506,0.05727505232783822,40225,16969,-0.058556029476451506,overlapping,observed,all_eligible
no_retests,20,1,semiconductor,under_pressure,1138,0.273286467486819,0.726713532513181,4.6002331002331,0.10565485961872095,-0.09099519727707892,0.014575907312298408,40225,16969,-0.09099519727707892,overlapping,observed,all_eligible
no_retests,20,1,semiconductor,uptrend,3195,0.2162754303599374,0.7837245696400627,4.393682225365394,0.08391847114949717,-0.09853058015836225,-0.01636734646564818,40225,16969,-0.09853058015836225,overlapping,observed,all_eligible
no_retests,20,1,software,acute_selloff,63,0.38095238095238093,0.6190476190476191,4.5,0.17260357055146408,-0.07715499146868679,0.07660986827915875,65214,30391,-0.07715499146868679,overlapping,observed,all_eligible
no_retests,20,1,software,correction,1107,0.3333333333333333,0.6666666666666666,4.197916666666667,0.08866894395297698,-0.09395996792391215,0.016479188056525308,65214,30391,-0.09395996792391215,overlapping,observed,all_eligible
no_retests,20,1,software,range_bound,1090,0.5128440366972477,0.4871559633027523,4.106145251396648,0.0989188729509573,-0.06178803830010084,0.03366677247039926,65214,30391,-0.06178803830010084,overlapping,observed,all_eligible
no_retests,20,1,software,under_pressure,1943,0.3365928975810602,0.6634071024189397,4.434175531914893,0.09871084817215592,-0.0855276595442908,0.013731805524207354,65214,30391,-0.0855276595442908,overlapping,observed,all_eligible
no_retests,20,1,software,uptrend,4352,0.27619485294117646,0.7238051470588235,5.27583958265406,0.08698382840092363,-0.08489170581779246,0.003526282895347147,65214,30391,-0.08489170581779246,overlapping,observed,all_eligible
no_retests,20,2,other,acute_selloff,362,0.22099447513812154,0.7790055248618785,3.4191176470588234,0.18085499745526398,-0.19967395826623924,0.028941869397950713,73487,28572,-0.19967395826623924,overlapping,observed,all_eligible
no_retests,20,2,other,correction,1024,0.4150390625,0.5849609375,3.871495327102804,0.13239767811616934,-0.09690697550115396,0.04583266826973046,73487,28572,-0.09690697550115396,overlapping,observed,all_eligible
no_retests,20,2,other,range_bound,438,0.4794520547945205,0.5205479452054794,4.285318559556787,0.13635315101955178,-0.06678423406498599,0.05587525546159136,73487,28572,-0.06678423406498599,overlapping,observed,all_eligible
no_retests,20,2,other,under_pressure,2294,0.4036617262423714,0.5963382737576286,4.622099447513812,0.10808698166171476,-0.06559925121999646,0.030639021070491657,73487,28572,-0.06559925121999646,overlapping,observed,all_eligible
no_retests,20,2,other,uptrend,8655,0.3534373194685153,0.6465626805314847,4.865355291247331,0.1414349035742356,-0.07774445458795656,0.03528784285782969,73487,28572,-0.07774445458795656,overlapping,observed,all_eligible
no_retests,20,2,semiconductor,acute_selloff,168,0.26785714285714285,0.7321428571428571,3.110344827586207,0.2050503864092698,-0.16915603246294883,0.10551884666468439,40225,16969,-0.16915603246294883,overlapping,observed,all_eligible
no_retests,20,2,semiconductor,correction,543,0.430939226519337,0.569060773480663,3.1362683438155137,0.15175099188756141,-0.09089589422351121,0.07690462567912992,40225,16969,-0.09089589422351121,overlapping,observed,all_eligible
no_retests,20,2,semiconductor,range_bound,256,0.50390625,0.49609375,3.055045871559633,0.1530818879441797,-0.06933753028891415,0.05434186968414517,40225,16969,-0.06933753028891415,overlapping,observed,all_eligible
no_retests,20,2,semiconductor,under_pressure,1084,0.4095940959409594,0.5904059040590406,3.713815789473684,0.1377253071071195,-0.07261591789433022,0.06211940255238004,40225,16969,-0.07261591789433022,overlapping,observed,all_eligible
no_retests,20,2,semiconductor,uptrend,5263,0.3359300779023371,0.6640699220976629,4.573144876325088,0.12297759180768755,-0.08643416406964914,0.030654186625281257,40225,16969,-0.08643416406964914,overlapping,observed,all_eligible
no_retests,20,2,software,acute_selloff,381,0.32808398950131235,0.6719160104986877,2.6859756097560976,0.1867570273973598,-0.16445766704207787,0.0735983064047164,65214,30391,-0.16445766704207787,overlapping,observed,all_eligible
no_retests,20,2,software,correction,816,0.5,0.5,3.4490934449093444,0.171132971158874,-0.10186524504212294,0.07980954182125873,65214,30391,-0.10186524504212294,overlapping,observed,all_eligible
no_retests,20,2,software,range_bound,410,0.5341463414634147,0.4658536585365854,3.601092896174863,0.2757443252726298,-0.06739472497128478,0.1856540548477487,65214,30391,-0.06739472497128478,overlapping,observed,all_eligible
no_retests,20,2,software,under_pressure,1429,0.3554933519944017,0.6445066480055983,4.3921217547000895,0.12523221128749437,-0.08730741726668735,0.029739895800914577,65214,30391,-0.08730741726668735,overlapping,observed,all_eligible
no_retests,20,2,software,uptrend,7537,0.3446994825527398,0.6553005174472601,4.422369765066394,0.1433607093071561,-0.09209243091454603,0.030760212025309985,65214,30391,-0.09209243091454603,overlapping,observed,all_eligible
no_retests,20,3,other,acute_selloff,505,0.3108910891089109,0.689108910891089,3.7287356321839082,0.10748220451208276,-0.07931521881517462,0.01655909114418493,73487,28572,-0.07931521881517462,overlapping,observed,all_eligible
no_retests,20,3,other,correction,4077,0.30242825607064017,0.6975717439293598,4.2156050955414015,0.1037337805731976,-0.09075071672214162,0.018755370789227982,73487,28572,-0.09075071672214162,overlapping,observed,all_eligible
no_retests,20,3,other,range_bound,2619,0.28484154257350136,0.7151584574264986,3.787188988883007,0.0857845022010126,-0.08099085441762352,-0.01305037879495725,73487,28572,-0.08099085441762352,overlapping,observed,all_eligible
no_retests,20,3,other,under_pressure,1581,0.30423782416192285,0.6957621758380772,4.848026868178001,0.08433008320604397,-0.08314633559694198,0.001330888599183555,73487,28572,-0.08314633559694198,overlapping,observed,all_eligible
no_retests,20,3,other,uptrend,3429,0.2548848060659084,0.7451151939340915,5.017897091722595,0.0645827781135326,-0.08146285032927096,-0.01844868662088213,73487,28572,-0.08146285032927096,overlapping,observed,all_eligible
no_retests,20,3,semiconductor,acute_selloff,198,0.1414141414141414,0.8585858585858586,3.3372093023255816,0.10663436569792206,-0.10442256164106485,-0.001733643967239793,40225,16969,-0.10442256164106485,overlapping,observed,all_eligible
no_retests,20,3,semiconductor,correction,1714,0.24387397899649943,0.7561260210035006,4.127628716461204,0.13281254506298235,-0.11101609149877212,0.025944834451089065,40225,16969,-0.11101609149877212,overlapping,observed,all_eligible
no_retests,20,3,semiconductor,range_bound,1667,0.2633473305338932,0.7366526694661067,2.470257234726688,0.1051952654398005,-0.10784432665119781,-0.02947314640298278,40225,16969,-0.10784432665119781,overlapping,observed,all_eligible
no_retests,20,3,semiconductor,under_pressure,869,0.27963176064441886,0.7203682393555811,3.3908396946564885,0.10879783770897834,-0.10497592173270068,0.00047827773219935127,40225,16969,-0.10497592173270068,overlapping,observed,all_eligible
no_retests,20,3,semiconductor,uptrend,2178,0.21212121212121213,0.7878787878787878,4.056099151989563,0.0915024206664203,-0.09484288969448049,-0.01197011893608716,40225,16969,-0.09484288969448049,overlapping,observed,all_eligible
no_retests,20,3,software,acute_selloff,377,0.21750663129973474,0.7824933687002652,2.6876876876876876,0.15953266714842057,-0.14065827966456787,-0.02625768668370701,65214,30391,-0.14065827966456787,overlapping,observed,all_eligible
no_retests,20,3,software,correction,3530,0.22492917847025495,0.775070821529745,3.610765287440498,0.1167986785921326,-0.13233278374012739,-0.006300950486902474,65214,30391,-0.13233278374012739,overlapping,observed,all_eligible
no_retests,20,3,software,range_bound,2824,0.25424929178470257,0.7457507082152974,3.1298573536645353,0.11859996153159265,-0.11560387506475427,-0.03176245705176172,65214,30391,-0.11560387506475427,overlapping,observed,all_eligible
no_retests,20,3,software,under_pressure,1416,0.3072033898305085,0.6927966101694916,3.802619270346118,0.12036303534060414,-0.09932608407803774,0.00949311409784651,65214,30391,-0.09932608407803774,overlapping,observed,all_eligible
no_retests,20,3,software,uptrend,3967,0.2873708091756995,0.7126291908243004,4.02355623100304,0.09914923847503256,-0.10371347395963836,-0.023991622950532324,65214,30391,-0.10371347395963836,overlapping,observed,all_eligible
no_retests,20,4,other,acute_selloff,57,0.8421052631578947,0.15789473684210525,3.1403508771929824,0.13281273391416326,-0.01854752335447819,0.07270889321505944,73487,28572,-0.01854752335447819,overlapping,observed,all_eligible
no_retests,20,4,other,correction,676,0.4630177514792899,0.5369822485207101,5.0804387568555756,0.08274073267894196,-0.05106437710523182,0.024685310039823324,73487,28572,-0.05106437710523182,overlapping,observed,all_eligible
no_retests,20,4,other,range_bound,874,0.32379862700228834,0.6762013729977117,4.67515923566879,0.0857381640246045,-0.06361989036834163,0.02095000197996962,73487,28572,-0.06361989036834163,overlapping,observed,all_eligible
no_retests,20,4,other,under_pressure,3159,0.29218106995884774,0.7078189300411523,4.910622367805335,0.07586193795012765,-0.07574084844619167,0.0037955802740190043,73487,28572,-0.07574084844619167,overlapping,observed,all_eligible
no_retests,20,4,other,uptrend,8011,0.34340282112095866,0.6565971788790413,4.969304795088767,0.10036801522753062,-0.06387707967762861,0.02967563934707051,73487,28572,-0.06387707967762861,overlapping,observed,all_eligible
no_retests,20,4,semiconductor,acute_selloff,9,0.6666666666666666,0.3333333333333333,3.4444444444444446,0.1681458116256012,-0.04750635249578147,0.039398132532139,40225,16969,-0.04750635249578147,overlapping,observed,all_eligible
no_retests,20,4,semiconductor,correction,165,0.32727272727272727,0.6727272727272727,2.8843537414965987,0.1486640727318809,-0.09542833973852961,0.021489743629608083,40225,16969,-0.09542833973852961,overlapping,observed,all_eligible
no_retests,20,4,semiconductor,range_bound,362,0.31767955801104975,0.6823204419889503,3.7859778597785976,0.14862498036780933,-0.09006390007518386,0.05427889478864706,40225,16969,-0.09006390007518386,overlapping,observed,all_eligible
no_retests,20,4,semiconductor,under_pressure,1592,0.26821608040201006,0.7317839195979899,4.170710571923744,0.0943188118663668,-0.10616987493084121,-0.0028330564975991264,40225,16969,-0.10616987493084121,overlapping,observed,all_eligible
no_retests,20,4,semiconductor,uptrend,4487,0.29329173166926675,0.7067082683307332,3.9965635738831615,0.13403862027978367,-0.09115338293190202,0.024869889034551215,40225,16969,-0.09115338293190202,overlapping,observed,all_eligible
no_retests,20,4,software,acute_selloff,38,0.7894736842105263,0.21052631578947367,3.973684210526316,0.16143528517144243,-0.032146256262358945,0.08833926629036422,65214,30391,-0.032146256262358945,overlapping,observed,all_eligible
no_retests,20,4,software,correction,625,0.4256,0.5744,3.832706766917293,0.12514005559802152,-0.06135377182858363,0.04926533375851651,65214,30391,-0.06135377182858363,overlapping,observed,all_eligible
no_retests,20,4,software,range_bound,1048,0.36927480916030536,0.6307251908396947,4.34569536423841,0.1210008431736365,-0.07349589478085142,0.04975916377070588,65214,30391,-0.07349589478085142,overlapping,observed,all_eligible
no_retests,20,4,software,under_pressure,3158,0.3195060164661178,0.6804939835338822,4.557454079453225,0.09944844379644943,-0.09144579607351495,0.012305081653469897,65214,30391,-0.09144579607351495,overlapping,observed,all_eligible
no_retests,20,4,software,uptrend,8978,0.34161283136556025,0.6583871686344397,4.547383309759548,0.13348019236724495,-0.07960006033005089,0.03707345554382948,65214,30391,-0.07960006033005089,overlapping,observed,all_eligible
no_retests,20,5,other,acute_selloff,69,0.30434782608695654,0.6956521739130435,3.0677966101694913,0.13736171922353374,-0.11091256881794953,0.05060441297220246,73487,28572,-0.11091256881794953,overlapping,observed,all_eligible
no_retests,20,5,other,correction,1132,0.284452296819788,0.715547703180212,4.2559241706161135,0.09985049313924658,-0.11238371863932022,0.008953621525855816,73487,28572,-0.11238371863932022,overlapping,observed,all_eligible
no_retests,20,5,other,range_bound,563,0.4227353463587922,0.5772646536412078,4.650963597430406,0.12016482575393557,-0.05640484699553294,0.04948775846127902,73487,28572,-0.05640484699553294,overlapping,observed,all_eligible
no_retests,20,5,other,under_pressure,3696,0.33874458874458874,0.6612554112554112,3.9645056139080044,0.09888613467873555,-0.08111165260399691,0.009242543619067145,73487,28572,-0.08111165260399691,overlapping,observed,all_eligible
no_retests,20,5,other,uptrend,8240,0.30315533980582526,0.6968446601941748,4.763495276653171,0.10946366046802239,-0.07709167294741524,0.026536900698436568,73487,28572,-0.07709167294741524,overlapping,observed,all_eligible
no_retests,20,5,semiconductor,acute_selloff,33,0.3939393939393939,0.6060606060606061,1.4193548387096775,0.17303255103267157,-0.1329698910163261,0.053985672036896595,40225,16969,-0.1329698910163261,overlapping,observed,all_eligible
no_retests,20,5,semiconductor,correction,498,0.2971887550200803,0.7028112449799196,3.3791348600508906,0.19430297135157756,-0.15236880616084356,0.06691446822960664,40225,16969,-0.15236880616084356,overlapping,observed,all_eligible
no_retests,20,5,semiconductor,range_bound,339,0.7227138643067846,0.27728613569321536,2.293051359516616,0.35909942534407674,-0.05067370467134766,0.2466567710302657,40225,16969,-0.05067370467134766,overlapping,observed,all_eligible
no_retests,20,5,semiconductor,under_pressure,1989,0.31070889894419307,0.6892911010558069,2.980918306499702,0.2122976257332348,-0.11776282178395457,0.06840927121142941,40225,16969,-0.11776282178395457,overlapping,observed,all_eligible
no_retests,20,5,semiconductor,uptrend,5231,0.3093098833874976,0.6906901166125023,3.857795023967131,0.20758320803122998,-0.1059455717676859,0.07652028872310061,40225,16969,-0.1059455717676859,overlapping,observed,all_eligible
no_retests,20,5,software,acute_selloff,73,0.5205479452054794,0.4794520547945205,1.791044776119403,0.18099690635315224,-0.11743257350272573,0.07849694925110737,65214,30391,-0.11743257350272573,overlapping,observed,all_eligible
no_retests,20,5,software,correction,1066,0.3330206378986867,0.6669793621013134,3.908987485779295,0.15750709700229626,-0.11405706988833249,0.06713257172766586,65214,30391,-0.11405706988833249,overlapping,observed,all_eligible
no_retests,20,5,software,range_bound,537,0.5009310986964618,0.49906890130353815,3.059866962305987,0.16715831301373854,-0.08064783670106228,0.05899919945183287,65214,30391,-0.08064783670106228,overlapping,observed,all_eligible
no_retests,20,5,software,under_pressure,2862,0.30712788259958074,0.6928721174004193,3.3783533765032376,0.146890005949229,-0.11273126721849118,0.013036157482590545,65214,30391,-0.11273126721849118,overlapping,observed,all_eligible
no_retests,20,5,software,uptrend,8487,0.2600447743607871,0.7399552256392129,4.050464807436919,0.1647327206334068,-0.10958229134162033,0.025007800879491355,65214,30391,-0.10958229134162033,overlapping,observed,all_eligible
baseline,5,1,other,all,25987,0.5749797975911033,0.42502020240889676,1.796806542693019,0.030836791916297415,-0.031180773406895276,0.00032792151561765703,151384,8303,-0.031180773406895276,overlapping,all,all_eligible
baseline,5,1,semiconductor,all,12286,0.530115578707472,0.46988442129252805,1.533028869678682,0.04273735336486775,-0.0407826133799304,0.0018494035362740752,73886,4936,-0.0407826133799304,overlapping,all,all_eligible
baseline,5,1,software,all,18780,0.5932374866879659,0.40676251331203406,1.7001879699248121,0.04307850303101097,-0.03772668010064243,0.007009822613261421,131931,8995,-0.03772668010064243,overlapping,all,all_eligible
baseline,5,2,other,all,23528,0.583262495749745,0.416737504250255,1.6158197244776937,0.04328851036284036,-0.037732935923239355,0.0052318447779074635,151384,8303,-0.037732935923239355,overlapping,all,all_eligible
baseline,5,2,semiconductor,all,12110,0.5645747316267548,0.43542526837324524,1.4480431848852902,0.05119242277245564,-0.04259786808098769,0.008937676610837778,73886,4936,-0.04259786808098769,overlapping,all,all_eligible
baseline,5,2,software,all,20263,0.5746434387800424,0.4253565612199576,1.5508367998452162,0.04873551815327094,-0.04117986177189641,0.008423689971337005,131931,8995,-0.04117986177189641,overlapping,all,all_eligible
baseline,5,3,other,all,25167,0.5270791115349466,0.4729208884650534,1.571280902747868,0.03841722786969257,-0.03836606185220233,0.0007436989399176073,151384,8303,-0.03836606185220233,overlapping,all,all_eligible
baseline,5,3,semiconductor,all,12821,0.4797597691287731,0.5202402308712268,1.328134110787172,0.049645205396287424,-0.04753762981066284,0.0017976328368436198,73886,4936,-0.04753762981066284,overlapping,all,all_eligible
baseline,5,3,software,all,23764,0.49377209224036356,0.5062279077596364,1.3704287254332863,0.05022039372397581,-0.049987464965523455,-0.0013248503239265774,131931,8995,-0.049987464965523455,overlapping,all,all_eligible
baseline,5,4,other,all,27885,0.5651425497579343,0.4348574502420656,1.745890527029317,0.035022521282152275,-0.03127455608132393,0.003202657432445471,151384,8303,-0.03127455608132393,overlapping,all,all_eligible
baseline,5,4,semiconductor,all,13815,0.5057546145494028,0.49424538545059715,1.4405117270788912,0.04835527731694591,-0.04518240065769597,0.0013889330154875533,73886,4936,-0.04518240065769597,overlapping,all,all_eligible
baseline,5,4,software,all,27740,0.5608868060562365,0.4391131939437635,1.6071865443425077,0.04304555184828145,-0.036773622134733674,0.004699999697490804,131931,8995,-0.036773622134733674,overlapping,all,all_eligible
baseline,5,5,other,all,27077,0.5550097869040145,0.4449902130959855,1.6064614397947732,0.040223132904353864,-0.03651763686846968,0.0038115578741413376,151384,8303,-0.03651763686846968,overlapping,all,all_eligible
baseline,5,5,semiconductor,all,12237,0.5230040042494075,0.4769959957505925,1.3232419223459138,0.07161588428250738,-0.055523766626530496,0.013828001786872523,73886,4936,-0.055523766626530496,overlapping,all,all_eligible
baseline,5,5,software,all,26253,0.5074848588732717,0.4925151411267284,1.4516969218626676,0.050488276832918136,-0.04751897348351334,0.002047760550137542,131931,8995,-0.04751897348351334,overlapping,all,all_eligible
baseline,10,1,other,all,25987,0.44699272713279714,0.5530072728672029,3.1865552072448624,0.04515709687968449,-0.04545450612508233,0.0008325585037979306,151384,8303,-0.04545450612508233,overlapping,all,all_eligible
baseline,10,1,semiconductor,all,12286,0.4081067882142276,0.5918932117857725,2.682329165087786,0.06451895986343917,-0.05934911385810305,0.004514679398366763,73886,4936,-0.05934911385810305,overlapping,all,all_eligible
baseline,10,1,software,all,18780,0.4677848775292865,0.5322151224707136,3.0332445666179884,0.06659494267441116,-0.05393595296544838,0.012714629414612173,131931,8995,-0.05393595296544838,overlapping,all,all_eligible
baseline,10,2,other,all,23528,0.4694406664399864,0.5305593335600136,2.9438710112662756,0.06606007479048363,-0.05316370668370745,0.012106918357141484,151384,8303,-0.05316370668370745,overlapping,all,all_eligible
baseline,10,2,semiconductor,all,12110,0.46069364161849713,0.5393063583815029,2.5672115723862166,0.07994905105348793,-0.058966716794281185,0.020254763088177884,73886,4936,-0.058966716794281185,overlapping,all,all_eligible
baseline,10,2,software,all,20263,0.46547895178403986,0.5345210482159601,2.807633364956579,0.07585568558411293,-0.057609469977014,0.017506964308512944,131931,8995,-0.057609469977014,overlapping,all,all_eligible
baseline,10,3,other,all,25167,0.39543847101362894,0.604561528986371,2.7960797125122507,0.05593612740067,-0.055664965109874925,0.0013840270924360672,151384,8303,-0.055664965109874925,overlapping,all,all_eligible
baseline,10,3,semiconductor,all,12821,0.3463848373761797,0.6536151626238202,2.2881477069684335,0.07303973838365349,-0.06925112184279447,0.0019929866810922984,73886,4936,-0.06925112184279447,overlapping,all,all_eligible
baseline,10,3,software,all,23764,0.36391179936037704,0.636088200639623,2.429678188319428,0.07249855404935335,-0.07268260853546556,-0.0032864678017087727,131931,8995,-0.07268260853546556,overlapping,all,all_eligible
baseline,10,4,other,all,27885,0.44113322574861036,0.5588667742513896,3.1315805526749223,0.053197645886756725,-0.04459913356334697,0.007675610626064372,151384,8303,-0.04459913356334697,overlapping,all,all_eligible
baseline,10,4,semiconductor,all,13815,0.3897213174086138,0.6102786825913862,2.553055742108798,0.07417425778339289,-0.06530901194204881,0.004506692781048938,73886,4936,-0.06530901194204881,overlapping,all,all_eligible
baseline,10,4,software,all,27740,0.43925739005046865,0.5607426099495314,2.8935164083865086,0.06643768943535876,-0.05206516086092112,0.011894808784908447,131931,8995,-0.05206516086092112,overlapping,all,all_eligible
baseline,10,5,other,all,26744,0.4295916841160634,0.5704083158839366,2.85010693553315,0.060950332936241476,-0.05179750087550964,0.008594747579112752,151384,8303,-0.05179750087550964,overlapping,all,all_eligible
baseline,10,5,semiconductor,all,12100,0.4021487603305785,0.5978512396694214,2.2398591069196683,0.11383529091972105,-0.07655187256378604,0.030147842991243082,73886,4936,-0.07655187256378604,overlapping,all,all_eligible
baseline,10,5,software,all,25957,0.38070655314558693,0.6192934468544131,2.5234746245960844,0.07576240566647732,-0.06812746747406409,0.004333810106287667,131931,8995,-0.06812746747406409,overlapping,all,all_eligible
baseline,20,1,other,all,25987,0.32600915842536654,0.6739908415746335,5.250586264656617,0.06492990516066724,-0.0658795625307606,0.00047599130543397617,151384,8303,-0.0658795625307606,overlapping,all,all_eligible
baseline,20,1,semiconductor,all,12286,0.2930978349340713,0.7069021650659287,4.278299341750297,0.09583751817471337,-0.08515305572046358,0.007985028026190092,73886,4936,-0.08515305572046358,overlapping,all,all_eligible
baseline,20,1,software,all,18780,0.34568690095846644,0.6543130990415336,4.846443544375755,0.10355824591516899,-0.07526003287541667,0.024151553026981826,131931,8995,-0.07526003287541667,overlapping,all,all_eligible
baseline,20,2,other,all,23528,0.3698146888813329,0.6301853111186672,4.8850765235648375,0.10671142600574011,-0.07591302837700065,0.024738626691457904,151384,8303,-0.07591302837700065,overlapping,all,all_eligible
baseline,20,2,semiconductor,all,12110,0.3800990916597853,0.6199009083402147,4.124418369411289,0.12469830354321233,-0.08083224480290259,0.039236876768785914,73886,4936,-0.08083224480290259,overlapping,all,all_eligible
baseline,20,2,software,all,20263,0.37102107289147707,0.6289789271085229,4.47021421075375,0.12073923323265326,-0.07920014555779567,0.03613300074853211,131931,8995,-0.07920014555779567,overlapping,all,all_eligible
baseline,20,3,other,all,25167,0.2860889259744904,0.7139110740255096,4.503532788695076,0.08091613883907582,-0.07901086635184457,0.002971762491033878,151384,8303,-0.07901086635184457,overlapping,all,all_eligible
baseline,20,3,semiconductor,all,12821,0.24600265189922782,0.7539973481007721,3.7084636230977694,0.10788034942212076,-0.097489659851389,0.005884871758422441,73886,4936,-0.097489659851389,overlapping,all,all_eligible
baseline,20,3,software,all,23764,0.2558912640969534,0.7441087359030466,3.7906300860265056,0.1031561111728421,-0.10465577627042665,-0.00890246256847976,131931,8995,-0.10465577627042665,overlapping,all,all_eligible
baseline,20,4,other,all,27885,0.33684776761699836,0.6631522323830016,5.118935527033054,0.08236782253143213,-0.06213328783724844,0.018481492833061025,151384,8303,-0.06213328783724844,overlapping,all,all_eligible
baseline,20,4,semiconductor,all,13815,0.2764386536373507,0.7235613463626493,4.125541542312506,0.11157597457378926,-0.09385908163493258,0.010384493314963966,73886,4936,-0.09385908163493258,overlapping,all,all_eligible
baseline,20,4,software,all,27740,0.3386445565969719,0.6613554434030281,4.809711470795214,0.10529904783575803,-0.07218928956605697,0.02761247429366711,131931,8995,-0.07218928956605697,overlapping,all,all_eligible
baseline,20,5,other,all,26116,0.3283427783734109,0.671657221626589,4.664498334721066,0.09388210897109825,-0.07114056520684973,0.019457767367561902,151384,8303,-0.07114056520684973,overlapping,all,all_eligible
baseline,20,5,semiconductor,all,11862,0.3108244815376834,0.6891755184623166,3.610222991548722,0.18525336486048669,-0.1014419662789621,0.06482630458852305,73886,4936,-0.1014419662789621,overlapping,all,all_eligible
baseline,20,5,software,all,25451,0.2702840752819143,0.7297159247180858,4.173084402956048,0.1151028776044342,-0.09815709105636354,0.00809174627100345,131931,8995,-0.09815709105636354,overlapping,all,all_eligible
baseline_plus_historical_demand,5,1,other,all,27975,0.5516711349419124,0.44832886505808756,1.7743717697380146,0.03196805153369884,-0.032131917840611306,0.0003279582803152177,168110,8195,-0.032131917840611306,overlapping,all,all_eligible
baseline_plus_historical_demand,5,1,semiconductor,all,14061,0.5082142095156816,0.4917857904843183,1.5042100756386472,0.04384502338507076,-0.04211291685332978,0.0015465641226320857,88937,4863,-0.04211291685332978,overlapping,all,all_eligible
baseline_plus_historical_demand,5,1,software,all,20811,0.5703233866705107,0.4296766133294892,1.6641509433962265,0.044908874552383286,-0.03960971495803587,0.006594622749897966,152481,8862,-0.03960971495803587,overlapping,all,all_eligible
baseline_plus_historical_demand,5,2,other,all,27172,0.5618651553069336,0.4381348446930664,1.5622370132354066,0.04944899413956195,-0.04103031868347853,0.006929405465160203,168110,8195,-0.04103031868347853,overlapping,all,all_eligible
baseline_plus_historical_demand,5,2,semiconductor,all,14794,0.5510342030552927,0.44896579694470734,1.4266049457912047,0.053595877080910834,-0.04496389543714271,0.009027145309789904,88937,4863,-0.04496389543714271,overlapping,all,all_eligible
baseline_plus_historical_demand,5,2,software,all,23822,0.5595667870036101,0.4404332129963899,1.5063219779334782,0.05519251460086159,-0.04464375634366453,0.009878029972806495,152481,8862,-0.04464375634366453,overlapping,all,all_eligible
baseline_plus_historical_demand,5,3,other,all,28235,0.5068531963874624,0.49314680361253765,1.5378678974048574,0.040455676406778995,-0.0404395238033137,0.0005457109580347091,168110,8195,-0.0404395238033137,overlapping,all,all_eligible
baseline_plus_historical_demand,5,3,semiconductor,all,15379,0.4652448143572404,0.5347551856427596,1.3163375224416518,0.050995649189863206,-0.04919707411951979,0.0014795226201792747,88937,4863,-0.04919707411951979,overlapping,all,all_eligible
baseline_plus_historical_demand,5,3,software,all,28233,0.47865972443594373,0.5213402755640563,1.3257736184165585,0.054069974482276274,-0.05347723371876806,-0.0016938551915827828,152481,8862,-0.05347723371876806,overlapping,all,all_eligible
baseline_plus_historical_demand,5,4,other,all,30708,0.5423668099518041,0.4576331900481959,1.7104174501692366,0.03708498271482359,-0.03262872323184826,0.003579772885102127,168110,8195,-0.03262872323184826,overlapping,all,all_eligible
baseline_plus_historical_demand,5,4,semiconductor,all,16195,0.4918802099413399,0.50811979005866,1.4231186032510537,0.05068298549397026,-0.0467635398660705,0.0017592872728249237,88937,4863,-0.0467635398660705,overlapping,all,all_eligible
baseline_plus_historical_demand,5,4,software,all,31823,0.5408038211356566,0.4591961788643434,1.561120932364303,0.046460928674971,-0.03930880690043893,0.0050484028506046445,152481,8862,-0.03930880690043893,overlapping,all,all_eligible
baseline_plus_historical_demand,5,5,other,all,30952,0.5293680537606616,0.47063194623933835,1.567062701737518,0.04344581380648503,-0.038787793675330334,0.004612352928477496,168110,8195,-0.038787793675330334,overlapping,all,all_eligible
baseline_plus_historical_demand,5,5,semiconductor,all,16429,0.5115344817091728,0.4884655182908272,1.2848340290200755,0.07705377834877714,-0.05937085858115963,0.015212896742641237,88937,4863,-0.05937085858115963,overlapping,all,all_eligible
baseline_plus_historical_demand,5,5,software,all,31732,0.49571410563469054,0.5042858943653095,1.4034822104466314,0.0564590659102884,-0.050955106710479425,0.0035562107268692993,152481,8862,-0.050955106710479425,overlapping,all,all_eligible
baseline_plus_historical_demand,10,1,other,all,27975,0.42777479892761394,0.5722252010723861,3.1494488592668546,0.04680002756447229,-0.04682224754357007,0.0008110046436207143,168110,8195,-0.04682224754357007,overlapping,all,all_eligible
baseline_plus_historical_demand,10,1,semiconductor,all,14061,0.3882369674987554,0.6117630325012445,2.644291578830578,0.06580146965305285,-0.061135517107307656,0.003788276406308781,88937,4863,-0.061135517107307656,overlapping,all,all_eligible
baseline_plus_historical_demand,10,1,software,all,20811,0.45024266013166114,0.5497573398683389,2.9858123216901844,0.0688423031487418,-0.05668461489585484,0.012139562510767815,152481,8862,-0.05668461489585484,overlapping,all,all_eligible
baseline_plus_historical_demand,10,2,other,all,27172,0.4521198292359782,0.5478801707640217,2.8460700567562918,0.0768656625320369,-0.05726634068484737,0.015440737988441918,168110,8195,-0.05726634068484737,overlapping,all,all_eligible
baseline_plus_historical_demand,10,2,semiconductor,all,14794,0.4447073137758551,0.555292686224145,2.531925108017283,0.08309907861114504,-0.061944803123302354,0.020217802944439138,88937,4863,-0.061944803123302354,overlapping,all,all_eligible
baseline_plus_historical_demand,10,2,software,all,23822,0.4531105700612879,0.5468894299387121,2.722109408651775,0.0855224799679343,-0.0620730706513988,0.02000743079404576,152481,8862,-0.0620730706513988,overlapping,all,all_eligible
baseline_plus_historical_demand,10,3,other,all,28235,0.3810518859571454,0.6189481140428547,2.7503751587209972,0.058651826007981814,-0.058544836906621614,0.0009122383654672784,168110,8195,-0.058544836906621614,overlapping,all,all_eligible
baseline_plus_historical_demand,10,3,semiconductor,all,15379,0.3348072046296898,0.6651927953703102,2.25155004428698,0.07497743616424755,-0.07101866189816798,0.0018708876769644694,88937,4863,-0.07101866189816798,overlapping,all,all_eligible
baseline_plus_historical_demand,10,3,software,all,28233,0.3531682782559416,0.6468317217440583,2.364376030786146,0.07836856703312649,-0.07749220104968019,-0.003740120052017525,152481,8862,-0.07749220104968019,overlapping,all,all_eligible
baseline_plus_historical_demand,10,4,other,all,30708,0.42396118275367983,0.5760388172463202,3.076372966481057,0.05654054535054679,-0.046386874181581,0.00860547706615819,168110,8195,-0.046386874181581,overlapping,all,all_eligible
baseline_plus_historical_demand,10,4,semiconductor,all,16195,0.37678295770299475,0.6232170422970053,2.5339538417703484,0.07734415563578259,-0.06741228540221875,0.005059112587852364,88937,4863,-0.06741228540221875,overlapping,all,all_eligible
baseline_plus_historical_demand,10,4,software,all,31823,0.42434717028564245,0.5756528297143575,2.8192302005815386,0.07131381221961873,-0.05542196739981966,0.012474756766625785,152481,8862,-0.05542196739981966,overlapping,all,all_eligible
baseline_plus_historical_demand,10,5,other,all,30589,0.4072705874660826,0.5927294125339174,2.7833914053426247,0.06605647109450301,-0.05482171077021612,0.01017721673506615,168110,8195,-0.05482171077021612,overlapping,all,all_eligible
baseline_plus_historical_demand,10,5,semiconductor,all,16254,0.3992248062015504,0.6007751937984496,2.201764607957383,0.12170225689584015,-0.0805795019126,0.033157560895505686,88937,4863,-0.0805795019126,overlapping,all,all_eligible
baseline_plus_historical_demand,10,5,software,all,31351,0.37351280660903957,0.6264871933909604,2.4542905215928212,0.08584698668434015,-0.07262610190162286,0.008107814152510016,152481,8862,-0.07262610190162286,overlapping,all,all_eligible
baseline_plus_historical_demand,20,1,other,all,27975,0.309562109025916,0.690437890974084,5.18921568627451,0.0675197258049715,-0.06752644227111537,0.000814903206048462,168110,8195,-0.06752644227111537,overlapping,all,all_eligible
baseline_plus_historical_demand,20,1,semiconductor,all,14061,0.27700732522580185,0.7229926747741982,4.237326751471426,0.09752603287536808,-0.08756483434969098,0.007476582804327276,88937,4863,-0.08756483434969098,overlapping,all,all_eligible
baseline_plus_historical_demand,20,1,software,all,20811,0.33150737590697227,0.6684926240930277,4.783315206960527,0.10724793155502098,-0.07868475472667573,0.023934386472739152,152481,8862,-0.07868475472667573,overlapping,all,all_eligible
baseline_plus_historical_demand,20,2,other,all,27172,0.3586412483438834,0.6413587516561166,4.719834945930564,0.12463552615581464,-0.08005208732904712,0.030847904088303766,168110,8195,-0.08005208732904712,overlapping,all,all_eligible
baseline_plus_historical_demand,20,2,semiconductor,all,14794,0.3654184128700825,0.6345815871299175,4.1292606619463195,0.12967381798338418,-0.08366901347930858,0.041751498603111385,88937,4863,-0.08366901347930858,overlapping,all,all_eligible
baseline_plus_historical_demand,20,2,software,all,23822,0.36310973050121736,0.6368902694987827,4.367909746161078,0.1355128652248703,-0.08426779369311208,0.04178221307211538,152481,8862,-0.08426779369311208,overlapping,all,all_eligible
baseline_plus_historical_demand,20,3,other,all,28235,0.2731715955374535,0.7268284044625465,4.420492968099182,0.08467608194484094,-0.08310937166719116,0.001748069019511544,168110,8195,-0.08310937166719116,overlapping,all,all_eligible
baseline_plus_historical_demand,20,3,semiconductor,all,15379,0.23584108199492815,0.7641589180050719,3.6568593615185505,0.10998092880255264,-0.10000094553319795,0.004339407564753336,88937,4863,-0.10000094553319795,overlapping,all,all_eligible
baseline_plus_historical_demand,20,3,software,all,28233,0.2479368115326037,0.7520631884673963,3.676764734440237,0.11019086369059056,-0.1113608799989889,-0.011512693359357822,152481,8862,-0.1113608799989889,overlapping,all,all_eligible
baseline_plus_historical_demand,20,4,other,all,30708,0.3238244105770483,0.6761755894229516,5.025949705724987,0.08743817565784553,-0.06447964402811782,0.01990424285053755,168110,8195,-0.06447964402811782,overlapping,all,all_eligible
baseline_plus_historical_demand,20,4,semiconductor,all,16195,0.2686631676443347,0.7313368323556654,4.08625910467305,0.11713641006283283,-0.0962783563308008,0.01197418210428318,88937,4863,-0.0962783563308008,overlapping,all,all_eligible
baseline_plus_historical_demand,20,4,software,all,31823,0.32768752160387143,0.6723124783961286,4.712364495883935,0.11301114384730293,-0.07643233922303146,0.029150344788110193,152481,8862,-0.07643233922303146,overlapping,all,all_eligible
baseline_plus_historical_demand,20,5,other,all,29863,0.30964738974650907,0.6903526102534909,4.559385588434606,0.10124839448119088,-0.07539273581345497,0.021258157668965806,168110,8195,-0.07539273581345497,overlapping,all,all_eligible
baseline_plus_historical_demand,20,5,semiconductor,all,15910,0.31445631678189817,0.6855436832181018,3.529416178898394,0.1996011143405616,-0.1054534352394624,0.07270027379039833,88937,4863,-0.1054534352394624,overlapping,all,all_eligible
baseline_plus_historical_demand,20,5,software,all,30670,0.2655037495924356,0.7344962504075644,4.022932874977384,0.13238365425333978,-0.10345903645147106,0.015570991733775309,152481,8862,-0.10345903645147106,overlapping,all,all_eligible
historical_demand_only,5,1,other,all,13479,0.5503375621336895,0.44966243786631055,1.7452323643769672,0.03231711131495683,-0.032418215965252226,0.00024457835732434596,84731,28572,-0.032418215965252226,overlapping,all,all_eligible
historical_demand_only,5,1,semiconductor,all,6776,0.5082644628099173,0.49173553719008267,1.4684711481261155,0.04526722208945903,-0.04407883170356299,0.0013105702656003293,46622,16969,-0.04407883170356299,overlapping,all,all_eligible
historical_demand_only,5,1,software,all,9688,0.5566680429397193,0.4433319570602808,1.6424778761061947,0.04224483810243384,-0.041151336137439605,0.003253180066793409,75958,30391,-0.041151336137439605,overlapping,all,all_eligible
historical_demand_only,5,2,other,all,14639,0.5667736867272355,0.4332263132727645,1.514866760168303,0.054127699306625005,-0.04301747162583727,0.008482029776476371,84731,28572,-0.04301747162583727,overlapping,all,all_eligible
historical_demand_only,5,2,semiconductor,all,8317,0.5499579175183359,0.45004208248166405,1.4005713030103275,0.054684977164868004,-0.04686603538768229,0.008107178205196753,46622,16969,-0.04686603538768229,overlapping,all,all_eligible
historical_demand_only,5,2,software,all,12259,0.5648911004160209,0.43510889958397914,1.4499689247980112,0.06130677324845803,-0.048790521044208196,0.009807396394326267,75958,30391,-0.048790521044208196,overlapping,all,all_eligible
historical_demand_only,5,3,other,all,14151,0.5181965938802912,0.48180340611970884,1.4908140403286034,0.0427620816818789,-0.041762084510485895,0.0010183073892144165,84731,28572,-0.041762084510485895,overlapping,all,all_eligible
historical_demand_only,5,3,semiconductor,all,7903,0.47475642161204606,0.525243578387954,1.3240825688073394,0.052059570389139935,-0.05099968348109029,0.0010940011160952498,46622,16969,-0.05099968348109029,overlapping,all,all_eligible
historical_demand_only,5,3,software,all,14342,0.4942128015618463,0.5057871984381537,1.2912608405603736,0.056723783763312524,-0.056178527367989936,-0.0024843869834497343,75958,30391,-0.056178527367989936,overlapping,all,all_eligible
historical_demand_only,5,4,other,all,14908,0.5440032197477864,0.4559967802522136,1.653386454183267,0.039076367498703884,-0.03396379765717362,0.0039520369653963045,84731,28572,-0.03396379765717362,overlapping,all,all_eligible
historical_demand_only,5,4,semiconductor,all,7685,0.5026675341574496,0.4973324658425504,1.3881040892193308,0.054671912747645185,-0.04754056900482576,0.004179721424695098,46622,16969,-0.04754056900482576,overlapping,all,all_eligible
historical_demand_only,5,4,software,all,16035,0.5443093233551606,0.4556906766448394,1.4991806378419261,0.05104097590379391,-0.04214738694105653,0.006320561724594868,75958,30391,-0.04214738694105653,overlapping,all,all_eligible
historical_demand_only,5,5,other,all,16334,0.5412636218929839,0.45873637810701606,1.537315350032113,0.04576818260954376,-0.04104579478264261,0.00464905593681302,84731,28572,-0.04104579478264261,overlapping,all,all_eligible
historical_demand_only,5,5,semiconductor,all,9608,0.5223771856786011,0.47762281432139886,1.2678541421609812,0.08252103479514099,-0.06281325837721316,0.016641974492356094,46622,16969,-0.06281325837721316,overlapping,all,all_eligible
historical_demand_only,5,5,software,all,16160,0.5082920792079207,0.4917079207920792,1.3560515636190023,0.06448877855022374,-0.05464290666094005,0.006275424292745051,75958,30391,-0.05464290666094005,overlapping,all,all_eligible
historical_demand_only,10,1,other,all,13479,0.42696045700719637,0.5730395429928036,3.106431341088381,0.046525830365848134,-0.04711881363469807,6.92991331579296e-05,84731,28572,-0.04711881363469807,overlapping,all,all_eligible
historical_demand_only,10,1,semiconductor,all,6776,0.3840023612750885,0.6159976387249114,2.5545134818288395,0.06695771109638118,-0.06390387599057634,0.0016656769206323716,46622,16969,-0.06390387599057634,overlapping,all,all_eligible
historical_demand_only,10,1,software,all,9688,0.440028901734104,0.559971098265896,2.91385582010582,0.06145534553961094,-0.059677182555701466,0.005574709417232097,75958,30391,-0.059677182555701466,overlapping,all,all_eligible
historical_demand_only,10,2,other,all,14639,0.4581597103627297,0.5418402896372703,2.7798728813559324,0.08470663554493253,-0.05936375893941405,0.01839826684513336,84731,28572,-0.05936375893941405,overlapping,all,all_eligible
historical_demand_only,10,2,semiconductor,all,8317,0.43837922327762413,0.5616207767223759,2.5484759772688137,0.08463549923323216,-0.0643477995633354,0.019342778554127065,46622,16969,-0.0643477995633354,overlapping,all,all_eligible
historical_demand_only,10,2,software,all,12259,0.45493107104984093,0.545068928950159,2.629647455179882,0.09417362022835847,-0.06819926092175659,0.019140975692099653,75958,30391,-0.06819926092175659,overlapping,all,all_eligible
historical_demand_only,10,3,other,all,14151,0.3925517631262808,0.6074482368737192,2.71032199132222,0.06127077918694477,-0.06042221996012503,0.0005937727520913871,84731,28572,-0.06042221996012503,overlapping,all,all_eligible
historical_demand_only,10,3,semiconductor,all,7903,0.34467923573326587,0.6553207642667341,2.2531645569620253,0.07675359192156689,-0.07243849764992993,0.0017623788802178539,46622,16969,-0.07243849764992993,overlapping,all,all_eligible
historical_demand_only,10,3,software,all,14342,0.3675916887463394,0.6324083112536606,2.289137033824805,0.08231118885315102,-0.08101401135237346,-0.0055767202546673006,75958,30391,-0.08101401135237346,overlapping,all,all_eligible
historical_demand_only,10,4,other,all,14908,0.4253420982023075,0.5746579017976925,3.0249609984399375,0.05951480032680615,-0.047900653666430267,0.009702868812666193,84731,28572,-0.047900653666430267,overlapping,all,all_eligible
historical_demand_only,10,4,semiconductor,all,7685,0.38399479505530254,0.6160052049446975,2.518866080156403,0.08230441850615913,-0.06743273467414004,0.009015054782023251,46622,16969,-0.06743273467414004,overlapping,all,all_eligible
historical_demand_only,10,4,software,all,16035,0.4314312441534144,0.5685687558465856,2.7293824319140776,0.07775236961297792,-0.058834476322594254,0.014412138363199895,75958,30391,-0.058834476322594254,overlapping,all,all_eligible
historical_demand_only,10,5,other,all,16176,0.4172848664688427,0.5827151335311572,2.7147266752962262,0.0700854355094667,-0.05775092542686476,0.011001858971333921,84731,28572,-0.05775092542686476,overlapping,all,all_eligible
historical_demand_only,10,5,semiconductor,all,9530,0.4108079748163694,0.5891920251836307,2.18876404494382,0.12976548111133895,-0.08443454822547507,0.036028744413128644,46622,16969,-0.08443454822547507,overlapping,all,all_eligible
historical_demand_only,10,5,software,all,15954,0.38736367055283943,0.6126363294471606,2.3737344236760123,0.09893010515204677,-0.07711600796841431,0.013339500646819291,75958,30391,-0.07711600796841431,overlapping,all,all_eligible
historical_demand_only,20,1,other,all,13479,0.3056606573187922,0.6943393426812078,5.161401617250674,0.06685094887550534,-0.0678841741929182,-0.000721087695236221,84731,28572,-0.0678841741929182,overlapping,all,all_eligible
historical_demand_only,20,1,semiconductor,all,6776,0.26977567886658793,0.7302243211334121,4.120153473344104,0.09871042771262324,-0.09128903943957493,0.00565072281662923,46622,16969,-0.09128903943957493,overlapping,all,all_eligible
historical_demand_only,20,1,software,all,9688,0.3264863748967795,0.6735136251032204,4.745778997940975,0.09308819776685806,-0.08272759436726959,0.012781998650427322,75958,30391,-0.08272759436726959,overlapping,all,all_eligible
historical_demand_only,20,2,other,all,14639,0.36635016053009084,0.6336498394699092,4.624328371355589,0.13546498385473163,-0.08079266031936382,0.03624115992017125,84731,28572,-0.08079266031936382,overlapping,all,all_eligible
historical_demand_only,20,2,semiconductor,all,8317,0.35758085848262594,0.642419141517374,4.230285296269202,0.13180769322921973,-0.08527253678265938,0.042454035882282144,46622,16969,-0.08527253678265938,overlapping,all,all_eligible
historical_demand_only,20,2,software,all,12259,0.35965413165837345,0.6403458683416265,4.3031323334353635,0.14700906484801515,-0.09222754500158417,0.042119356775101875,75958,30391,-0.09222754500158417,overlapping,all,all_eligible
historical_demand_only,20,3,other,all,14151,0.27390290438838244,0.7260970956116175,4.378824672170957,0.08714896156258337,-0.08588736887392609,-0.0008228375782189446,84731,28572,-0.08588736887392609,overlapping,all,all_eligible
historical_demand_only,20,3,semiconductor,all,7903,0.24168037454131341,0.7583196254586866,3.640604249667995,0.11186036306669668,-0.10154014201251854,0.0019457369867495718,46622,16969,-0.10154014201251854,overlapping,all,all_eligible
historical_demand_only,20,3,software,all,14342,0.25714684144470784,0.7428531585552921,3.57072842590813,0.11422754375797023,-0.11689537439374334,-0.016930792162276297,75958,30391,-0.11689537439374334,overlapping,all,all_eligible
historical_demand_only,20,4,other,all,14908,0.3302253823450496,0.6697746176549504,4.978225218658892,0.09200134158982769,-0.0663041739582945,0.02196335740618048,84731,28572,-0.0663041739582945,overlapping,all,all_eligible
historical_demand_only,20,4,semiconductor,all,7685,0.2823682498373455,0.7176317501626546,4.0219891745602165,0.12552380397754434,-0.0946283329508319,0.01894394131969334,46622,16969,-0.0946283329508319,overlapping,all,all_eligible
historical_demand_only,20,4,software,all,16035,0.33607733083879016,0.6639226691612099,4.507959479015919,0.12224966052731091,-0.08061095131503603,0.03147465467894137,75958,30391,-0.08061095131503603,overlapping,all,all_eligible
historical_demand_only,20,5,other,all,15790,0.31513616212792905,0.684863837872071,4.436555631868132,0.10718458162734903,-0.07967561284904717,0.021932996567566553,84731,28572,-0.07967561284904717,overlapping,all,all_eligible
historical_demand_only,20,5,semiconductor,all,9346,0.32773378985662316,0.6722662101433768,3.5194690265486726,0.21457815554053244,-0.1082152265374089,0.08176807088653185,46622,16969,-0.1082152265374089,overlapping,all,all_eligible
historical_demand_only,20,5,software,all,15576,0.27779917822290706,0.722200821777093,3.8256985197512483,0.15411715816431865,-0.10937576785541635,0.023873855724719274,75958,30391,-0.10937576785541635,overlapping,all,all_eligible
no_decay,5,1,other,all,14371,0.546308538027973,0.453691461972027,1.7509991311902693,0.032354841867573904,-0.0324245552261187,0.00035985033343459964,90273,28572,-0.0324245552261187,overlapping,all,all_eligible
no_decay,5,1,semiconductor,all,7340,0.5066757493188011,0.4933242506811989,1.4766739846322723,0.04513146171788033,-0.04370918475538569,0.0014483944167251914,50294,16969,-0.04370918475538569,overlapping,all,all_eligible
no_decay,5,1,software,all,10182,0.551266941661756,0.44873305833824395,1.6416842105263159,0.04208772124848584,-0.04129625753936153,0.0030171451224153853,81550,30391,-0.04129625753936153,overlapping,all,all_eligible
no_decay,5,2,other,all,15553,0.5647142030476435,0.4352857969523565,1.5060855908912445,0.05457701436648878,-0.043356606553192845,0.008638846984409206,90273,28572,-0.043356606553192845,overlapping,all,all_eligible
no_decay,5,2,semiconductor,all,8961,0.5461444035263922,0.45385559647360785,1.3890577507598785,0.05508247540175027,-0.04711689766331892,0.008499125886804706,50294,16969,-0.04711689766331892,overlapping,all,all_eligible
no_decay,5,2,software,all,13122,0.5647005029721079,0.4352994970278921,1.4527104959630912,0.06090486609009374,-0.048432422739823726,0.009878783948545373,81550,30391,-0.048432422739823726,overlapping,all,all_eligible
no_decay,5,3,other,all,15140,0.5142007926023778,0.48579920739762217,1.4880189467818334,0.04291400235130154,-0.04196755134850756,0.0010162200822570468,90273,28572,-0.04196755134850756,overlapping,all,all_eligible
no_decay,5,3,semiconductor,all,8577,0.4746414830360266,0.5253585169639734,1.3224584298042517,0.05202718390635422,-0.05056726789434767,0.001659228787947913,50294,16969,-0.05056726789434767,overlapping,all,all_eligible
no_decay,5,3,software,all,15584,0.49140143737166325,0.5085985626283368,1.2958073585136292,0.05668178042150941,-0.05598508346443545,-0.0021856360130936823,81550,30391,-0.05598508346443545,overlapping,all,all_eligible
no_decay,5,4,other,all,15978,0.5399924896733008,0.46000751032669923,1.6577296063890474,0.03904017114357132,-0.033904140463528,0.003984606068327188,90273,28572,-0.033904140463528,overlapping,all,all_eligible
no_decay,5,4,semiconductor,all,8626,0.5016230002318571,0.4983769997681428,1.3944284766747734,0.054104416806420724,-0.04689675843242128,0.004420848699036472,50294,16969,-0.04689675843242128,overlapping,all,all_eligible
no_decay,5,4,software,all,17417,0.5413102141585807,0.4586897858414193,1.5025510204081634,0.05096851649933635,-0.042091205130253155,0.006215537846220958,81550,30391,-0.042091205130253155,overlapping,all,all_eligible
no_decay,5,5,other,all,17362,0.5355373804861191,0.4644626195138809,1.5311669485382944,0.04571265314725652,-0.041045097830264936,0.004612229374763097,90273,28572,-0.041045097830264936,overlapping,all,all_eligible
no_decay,5,5,semiconductor,all,10159,0.5239688945762379,0.4760311054237622,1.262672811059908,0.0822172965839215,-0.062331628746017484,0.016840597179671166,50294,16969,-0.062331628746017484,overlapping,all,all_eligible
no_decay,5,5,software,all,17448,0.5035534158642825,0.4964465841357176,1.3595256566552145,0.06390957225479924,-0.0545881648177544,0.005878254126961396,81550,30391,-0.0545881648177544,overlapping,all,all_eligible
no_decay,10,1,other,all,14371,0.42418760002783384,0.5758123999721662,3.1094808126410833,0.04670639324058018,-0.04702959330952545,0.0003433494137257973,90273,28572,-0.04702959330952545,overlapping,all,all_eligible
no_decay,10,1,semiconductor,all,7340,0.382425068119891,0.617574931880109,2.5746333045729077,0.06698908891432198,-0.0634180930692464,0.0021775840139813636,50294,16969,-0.0634180930692464,overlapping,all,all_eligible
no_decay,10,1,software,all,10182,0.43567079159300726,0.5643292084069927,2.9120516047828824,0.06115207226735408,-0.059869296509447265,0.00540411545616777,81550,30391,-0.059869296509447265,overlapping,all,all_eligible
no_decay,10,2,other,all,15553,0.4561820870571594,0.5438179129428407,2.758210139894831,0.08578538720582543,-0.06000644717086048,0.018774414790013395,90273,28572,-0.06000644717086048,overlapping,all,all_eligible
no_decay,10,2,semiconductor,all,8961,0.43544247293828814,0.5645575270617119,2.519120458891013,0.08510813869217779,-0.06480853476272927,0.01947030927451972,50294,16969,-0.06480853476272927,overlapping,all,all_eligible
no_decay,10,2,software,all,13122,0.4547325102880658,0.5452674897119342,2.6261170688114386,0.09349661472121981,-0.06770948428423527,0.01939875192722551,81550,30391,-0.06770948428423527,overlapping,all,all_eligible
no_decay,10,3,other,all,15140,0.38956406869220606,0.6104359313077939,2.7105431309904153,0.06156731722581581,-0.06059647808659901,0.0007676783785549088,90273,28572,-0.06059647808659901,overlapping,all,all_eligible
no_decay,10,3,semiconductor,all,8577,0.3438265127667016,0.6561734872332984,2.256494631104953,0.07698697921636725,-0.07168715026459,0.0029064175621814404,50294,16969,-0.07168715026459,overlapping,all,all_eligible
no_decay,10,3,software,all,15584,0.3659522587268994,0.6340477412731006,2.2953913388955107,0.08245170674793359,-0.08080461096053401,-0.0052682156076944,81550,30391,-0.08080461096053401,overlapping,all,all_eligible
no_decay,10,4,other,all,15978,0.421955188384028,0.578044811615972,3.0219243557772235,0.05955054547015999,-0.0478810839176336,0.009708718881736241,90273,28572,-0.0478810839176336,overlapping,all,all_eligible
no_decay,10,4,semiconductor,all,8626,0.38198469742638536,0.6180153025736147,2.5191905094207954,0.08192027989631241,-0.06660319165666653,0.009599206862447853,50294,16969,-0.06660319165666653,overlapping,all,all_eligible
no_decay,10,4,software,all,17417,0.42860423723947866,0.5713957627605213,2.7271201413427564,0.07766850785064791,-0.05899548673046465,0.014008558848951585,81550,30391,-0.05899548673046465,overlapping,all,all_eligible
no_decay,10,5,other,all,17187,0.41228835747949033,0.5877116425205097,2.6996805111821085,0.06962300880010365,-0.057752595713578936,0.010568165021338762,90273,28572,-0.057752595713578936,overlapping,all,all_eligible
no_decay,10,5,semiconductor,all,10048,0.4133160828025478,0.5866839171974523,2.190400212737668,0.12976504387220125,-0.08383395803585363,0.03652190973018561,50294,16969,-0.08383395803585363,overlapping,all,all_eligible
no_decay,10,5,software,all,17221,0.3840078973346496,0.6159921026653504,2.3789549810160913,0.09764320969761098,-0.0768849074520471,0.012756099420499028,81550,30391,-0.0768849074520471,overlapping,all,all_eligible
no_decay,20,1,other,all,14371,0.302484169508037,0.697515830491963,5.167020309184601,0.06702469993054187,-0.06810990840445844,-0.0007519972142045739,90273,28572,-0.06810990840445844,overlapping,all,all_eligible
no_decay,20,1,semiconductor,all,7340,0.26948228882833786,0.7305177111716621,4.1545875810936055,0.09929253686105362,-0.09049214586401123,0.006736186274939842,50294,16969,-0.09049214586401123,overlapping,all,all_eligible
no_decay,20,1,software,all,10182,0.3230210174818307,0.6769789825181693,4.716437459070072,0.09264398027787211,-0.0828405946769173,0.012625251542069485,81550,30391,-0.0828405946769173,overlapping,all,all_eligible
no_decay,20,2,other,all,15553,0.36597441008165627,0.6340255899183437,4.567431078731683,0.13667743908137686,-0.08210228939310338,0.036254659188190805,90273,28572,-0.08210228939310338,overlapping,all,all_eligible
no_decay,20,2,semiconductor,all,8961,0.3566566231447383,0.6433433768552617,4.19471186440678,0.13265755367911994,-0.08602163509174494,0.04283778924736154,50294,16969,-0.08602163509174494,overlapping,all,all_eligible
no_decay,20,2,software,all,13122,0.36092059137326626,0.6390794086267337,4.275515047944555,0.14607592535931344,-0.09139262477389626,0.042548020495952944,81550,30391,-0.09139262477389626,overlapping,all,all_eligible
no_decay,20,3,other,all,15140,0.2727873183619551,0.7272126816380449,4.3744445452072185,0.08793962698792498,-0.08592286808492407,0.00014672544690237055,90273,28572,-0.08592286808492407,overlapping,all,all_eligible
no_decay,20,3,semiconductor,all,8577,0.24110994520228518,0.7588900547977148,3.6382169481211015,0.11345174188264104,-0.10047983039676332,0.004854237823139584,50294,16969,-0.10047983039676332,overlapping,all,all_eligible
no_decay,20,3,software,all,15584,0.2568660164271047,0.7431339835728953,3.5697674418604652,0.11421362479999908,-0.11711769079698593,-0.01706527150152716,81550,30391,-0.11711769079698593,overlapping,all,all_eligible
no_decay,20,4,other,all,15978,0.32626110902490923,0.6737388909750908,4.977409766454352,0.09158089500486166,-0.0662523385724881,0.021536514351206137,90273,28572,-0.0662523385724881,overlapping,all,all_eligible
no_decay,20,4,semiconductor,all,8626,0.2775330396475771,0.7224669603524229,4.043091758324544,0.12434173211044489,-0.09382704782838085,0.01878189089418599,50294,16969,-0.09382704782838085,overlapping,all,all_eligible
no_decay,20,4,software,all,17417,0.3327209048630648,0.6672790951369352,4.503632858837485,0.12234345222969822,-0.0807875824857874,0.031133948386417972,81550,30391,-0.0807875824857874,overlapping,all,all_eligible
no_decay,20,5,other,all,16780,0.3103694874851013,0.6896305125148987,4.433438536861698,0.10635794622555711,-0.07981348652877272,0.02129421022563083,90273,28572,-0.07981348652877272,overlapping,all,all_eligible
no_decay,20,5,semiconductor,all,9833,0.3300111868198922,0.6699888131801078,3.511097780443911,0.21429222134287315,-0.10762440869255921,0.08210109135821397,50294,16969,-0.10762440869255921,overlapping,all,all_eligible
no_decay,20,5,software,all,16810,0.2750148720999405,0.7249851279000595,3.8577453365774534,0.15212006510847012,-0.10881949670881075,0.023280165727972205,81550,30391,-0.10881949670881075,overlapping,all,all_eligible
no_environment,5,1,other,all,12146,0.5571381524781821,0.4428618475218179,1.7462347844027233,0.032277071644198484,-0.03260106584768436,8.588144866799474e-06,76195,28572,-0.03260106584768436,overlapping,all,all_eligible
no_environment,5,1,semiconductor,all,6225,0.5146987951807229,0.48530120481927713,1.4718992248062015,0.04519771063990201,-0.04382293520883143,0.0014426308815776597,42544,16969,-0.04382293520883143,overlapping,all,all_eligible
no_environment,5,1,software,all,8722,0.5659252465030956,0.4340747534969044,1.6415047946889598,0.042432566960105715,-0.04134054849644651,0.0033119265281300126,69003,30391,-0.04134054849644651,overlapping,all,all_eligible
no_environment,5,2,other,all,13227,0.5757163377939064,0.4242836622060936,1.5166040100250626,0.05458715427235027,-0.04293481184496645,0.008826919978167529,76195,28572,-0.04293481184496645,overlapping,all,all_eligible
no_environment,5,2,semiconductor,all,7612,0.5588544403573306,0.4411455596426695,1.3968712394705174,0.054499444860444196,-0.04668982919517316,0.00807368398087054,42544,16969,-0.04668982919517316,overlapping,all,all_eligible
no_environment,5,2,software,all,11075,0.5719187358916479,0.4280812641083521,1.4562704847334829,0.061164606834043456,-0.04858335275000496,0.009772124232405699,69003,30391,-0.04858335275000496,overlapping,all,all_eligible
no_environment,5,3,other,all,12537,0.5322644970886177,0.46773550291138233,1.49197592778335,0.043251413520187604,-0.041627757073982155,0.00151553133900168,76195,28572,-0.041627757073982155,overlapping,all,all_eligible
no_environment,5,3,semiconductor,all,7126,0.47684535503788944,0.5231546449621106,1.3278018892009191,0.05200941800625009,-0.05110486252943859,0.0009841470960368951,42544,16969,-0.05110486252943859,overlapping,all,all_eligible
no_environment,5,3,software,all,12850,0.5056809338521401,0.4943190661478599,1.2809289861545332,0.05729089193205994,-0.05648914369141735,-0.0022537382315027353,69003,30391,-0.05648914369141735,overlapping,all,all_eligible
no_environment,5,4,other,all,13474,0.5532135965563307,0.44678640344366927,1.6520925484858795,0.03908426858224915,-0.03405139621907715,0.003914799730099951,76195,28572,-0.03405139621907715,overlapping,all,all_eligible
no_environment,5,4,semiconductor,all,7089,0.5081111581323177,0.49188884186768234,1.3896068928379106,0.055070640934468514,-0.04735638205896168,0.004597663663814432,42544,16969,-0.04735638205896168,overlapping,all,all_eligible
no_environment,5,4,software,all,14684,0.5548215745028603,0.44517842549713976,1.490540170002742,0.05140265234232537,-0.042149211128791095,0.006594264717487823,69003,30391,-0.042149211128791095,overlapping,all,all_eligible
no_environment,5,5,other,all,14593,0.5495785650654423,0.45042143493455766,1.5436570933756675,0.045775085005437144,-0.04117406484809769,0.004626603377318829,76195,28572,-0.04117406484809769,overlapping,all,all_eligible
no_environment,5,5,semiconductor,all,8604,0.5306834030683403,0.46931659693165967,1.2662434652725916,0.08258660151010491,-0.062261566974802056,0.016820842613557676,42544,16969,-0.062261566974802056,overlapping,all,all_eligible
no_environment,5,5,software,all,14797,0.5145637629249172,0.48543623707508277,1.357746845323273,0.06469403087985698,-0.05458439923928588,0.006435727214407977,69003,30391,-0.05458439923928588,overlapping,all,all_eligible
no_environment,10,1,other,all,12146,0.4333937098633295,0.5666062901366705,3.1013130408833183,0.04642571272654958,-0.04737704796493617,-0.00027393124887646256,76195,28572,-0.04737704796493617,overlapping,all,all_eligible
no_environment,10,1,semiconductor,all,6225,0.38859437751004017,0.6114056224899599,2.5483788613735,0.06662302510763154,-0.06363532374750393,0.0014568787793301497,42544,16969,-0.06363532374750393,overlapping,all,all_eligible
no_environment,10,1,software,all,8722,0.44978216005503324,0.5502178399449668,2.907734806629834,0.06161487194532703,-0.059612783004894275,0.005786698688485771,69003,30391,-0.059612783004894275,overlapping,all,all_eligible
no_environment,10,2,other,all,13227,0.46647009903984277,0.5335299009601573,2.7975474590260583,0.08602591738361738,-0.059263051488799574,0.01897438776686574,76195,28572,-0.059263051488799574,overlapping,all,all_eligible
no_environment,10,2,semiconductor,all,7612,0.4464004203888597,0.5535995796111403,2.5451460885956645,0.08428494671729038,-0.06410636815282199,0.019349733343424047,42544,16969,-0.06410636815282199,overlapping,all,all_eligible
no_environment,10,2,software,all,11075,0.4620316027088036,0.5379683972911964,2.638777688817721,0.0943010185744539,-0.06798730897801204,0.01944656548650931,69003,30391,-0.06798730897801204,overlapping,all,all_eligible
no_environment,10,3,other,all,12537,0.4048815506101938,0.5951184493898062,2.6965614575314345,0.06161185470181429,-0.0602162204562486,0.0009527812205091647,76195,28572,-0.0602162204562486,overlapping,all,all_eligible
no_environment,10,3,semiconductor,all,7126,0.34605669379736176,0.6539433062026382,2.276974649067672,0.07647604740075667,-0.07254638882331246,0.0012083956448931906,42544,16969,-0.07254638882331246,overlapping,all,all_eligible
no_environment,10,3,software,all,12850,0.376420233463035,0.623579766536965,2.266326778344258,0.08338089245632233,-0.08136980756929774,-0.005369716954863189,69003,30391,-0.08136980756929774,overlapping,all,all_eligible
no_environment,10,4,other,all,13474,0.434021077630993,0.5659789223690069,3.03320987654321,0.05961750260338172,-0.0478825125666563,0.009866777941122,76195,28572,-0.0478825125666563,overlapping,all,all_eligible
no_environment,10,4,semiconductor,all,7089,0.3879249541543236,0.6120750458456764,2.523657967324422,0.08272949238443901,-0.06723677150722827,0.009122182320550377,42544,16969,-0.06723677150722827,overlapping,all,all_eligible
no_environment,10,4,software,all,14684,0.4411604467447562,0.5588395532552438,2.714211076280042,0.0780313983595335,-0.058806553965552844,0.014473350027148056,69003,30391,-0.058806553965552844,overlapping,all,all_eligible
no_environment,10,5,other,all,14456,0.42376867736579965,0.5762313226342003,2.7258695895313725,0.07033539771997058,-0.057907593253221756,0.011092308077772325,76195,28572,-0.057907593253221756,overlapping,all,all_eligible
no_environment,10,5,semiconductor,all,8546,0.4175052656213433,0.5824947343786567,2.165205136235515,0.1299470405219653,-0.08403122395238932,0.03591333810787582,42544,16969,-0.08403122395238932,overlapping,all,all_eligible
no_environment,10,5,software,all,14625,0.39193162393162395,0.608068376068376,2.3594847775175642,0.09883662451240013,-0.07711606180764133,0.013130166854382277,69003,30391,-0.07711606180764133,overlapping,all,all_eligible
no_environment,20,1,other,all,12146,0.3111312366211098,0.6888687633788901,5.146761377317602,0.06665946901208303,-0.06824253470186453,-0.0012870432722945186,76195,28572,-0.06824253470186453,overlapping,all,all_eligible
no_environment,20,1,semiconductor,all,6225,0.2742168674698795,0.7257831325301205,4.084233737596472,0.09788140312840136,-0.09073334066506877,0.005374384374689503,42544,16969,-0.09073334066506877,overlapping,all,all_eligible
no_environment,20,1,software,all,8722,0.3362760834670947,0.6637239165329053,4.772464209564423,0.0933396768536756,-0.08240104245605015,0.013277786467735794,69003,30391,-0.08240104245605015,overlapping,all,all_eligible
no_environment,20,2,other,all,13227,0.3733272850986618,0.6266727149013381,4.657204385277995,0.13811774393185794,-0.08082786364110937,0.03680874825944217,76195,28572,-0.08082786364110937,overlapping,all,all_eligible
no_environment,20,2,semiconductor,all,7612,0.3645559642669469,0.6354440357330531,4.226828877861373,0.13116417209179929,-0.08475461724557463,0.042310143365123995,42544,16969,-0.08475461724557463,overlapping,all,all_eligible
no_environment,20,2,software,all,11075,0.36559819413092554,0.6344018058690745,4.308607021517553,0.14770780165117708,-0.09219756495233092,0.041967654468860215,69003,30391,-0.09219756495233092,overlapping,all,all_eligible
no_environment,20,3,other,all,12537,0.2837999521416607,0.7162000478583394,4.360995850622406,0.08754234750043899,-0.08555452622589954,-0.0002796449202391486,76195,28572,-0.08555452622589954,overlapping,all,all_eligible
no_environment,20,3,semiconductor,all,7126,0.2417906258770699,0.7582093741229301,3.6554962253728593,0.11119644593939046,-0.10164686884743862,0.0013487628514268681,42544,16969,-0.10164686884743862,overlapping,all,all_eligible
no_environment,20,3,software,all,12850,0.2636575875486381,0.7363424124513619,3.5498278088678434,0.1152550512134511,-0.11757191704964462,-0.017357468534337263,69003,30391,-0.11757191704964462,overlapping,all,all_eligible
no_environment,20,4,other,all,13474,0.338281134035921,0.6617188659640789,4.984960129201575,0.09221235774259444,-0.06612757246284648,0.02201619158488328,76195,28572,-0.06612757246284648,overlapping,all,all_eligible
no_environment,20,4,semiconductor,all,7089,0.286641275215122,0.7133587247848779,4.010301692420898,0.12619594440554144,-0.0943636362988689,0.019376673534273327,42544,16969,-0.0943636362988689,overlapping,all,all_eligible
no_environment,20,4,software,all,14684,0.34391174067011715,0.6560882593298829,4.474141715690578,0.12263839134544367,-0.0805405721882893,0.03150215090892287,69003,30391,-0.0805405721882893,overlapping,all,all_eligible
no_environment,20,5,other,all,14091,0.3203463203463203,0.6796536796536796,4.458124276341181,0.1066815140735687,-0.0798866973014003,0.021101973256815107,76195,28572,-0.0798866973014003,overlapping,all,all_eligible
no_environment,20,5,semiconductor,all,8376,0.332378223495702,0.667621776504298,3.474904566661954,0.21482706025406031,-0.10791615236541025,0.0817257887615081,42544,16969,-0.10791615236541025,overlapping,all,all_eligible
no_environment,20,5,software,all,14312,0.2816517607602012,0.7183482392397987,3.8168113729605952,0.15426299640644575,-0.10925837780481634,0.023634693114221252,69003,30391,-0.10925837780481634,overlapping,all,all_eligible
no_retests,5,1,other,all,11774,0.5535926617971803,0.44640733820281975,1.7357924083208236,0.032254480324484525,-0.03255136718582943,1.9298175761826372e-05,73487,28572,-0.03255136718582943,overlapping,all,all_eligible
no_retests,5,1,semiconductor,all,5868,0.5097137014314929,0.49028629856850714,1.478351229650156,0.045339712757678445,-0.04400853033655602,0.0012280228031391848,40225,16969,-0.04400853033655602,overlapping,all,all_eligible
no_retests,5,1,software,all,8555,0.5625949736995909,0.4374050263004091,1.6312200050517807,0.04216629631665745,-0.04096390668085154,0.0032064773736619964,65214,30391,-0.04096390668085154,overlapping,all,all_eligible
no_retests,5,2,other,all,12773,0.5679949894308307,0.43200501056916935,1.5116354759967454,0.054245736219547876,-0.04291537440868243,0.008438566048283934,73487,28572,-0.04291537440868243,overlapping,all,all_eligible
no_retests,5,2,semiconductor,all,7314,0.5507246376811594,0.4492753623188406,1.4078815261044177,0.05369036073462783,-0.04725964764579126,0.006907423620231205,40225,16969,-0.04725964764579126,overlapping,all,all_eligible
no_retests,5,2,software,all,10573,0.5682398562375863,0.4317601437624137,1.4419690980955804,0.06266449086669719,-0.049551271507198534,0.010028445061862875,65214,30391,-0.049551271507198534,overlapping,all,all_eligible
no_retests,5,3,other,all,12211,0.5305871754975022,0.46941282450249777,1.4922917027542006,0.04270035355197699,-0.041145342664231366,0.0014176725605218475,73487,28572,-0.041145342664231366,overlapping,all,all_eligible
no_retests,5,3,semiconductor,all,6626,0.47992755810443705,0.5200724418955629,1.3140269009058467,0.051900315218190746,-0.051116514801037995,0.0006462884774963448,40225,16969,-0.051116514801037995,overlapping,all,all_eligible
no_retests,5,3,software,all,12114,0.49958725441637775,0.5004127455836223,1.3131233180307107,0.056537386872174814,-0.05594770681551827,-0.0029856988692035886,65214,30391,-0.05594770681551827,overlapping,all,all_eligible
no_retests,5,4,other,all,12777,0.5513813884323394,0.44861861156766064,1.638241053943386,0.03951224178589003,-0.033865583377769334,0.004340719866683903,73487,28572,-0.033865583377769334,overlapping,all,all_eligible
no_retests,5,4,semiconductor,all,6615,0.5138321995464853,0.48616780045351476,1.3865594485927628,0.05506311203187905,-0.04758325985244854,0.004180451522508415,40225,16969,-0.04758325985244854,overlapping,all,all_eligible
no_retests,5,4,software,all,13847,0.5526828916010689,0.4473171083989312,1.4894951852932594,0.051960851714615716,-0.04259031308173567,0.006629955815715521,65214,30391,-0.04259031308173567,overlapping,all,all_eligible
no_retests,5,5,other,all,14187,0.5412701769225348,0.4587298230774653,1.5272510079139914,0.04545660465742186,-0.041633277881082086,0.0038748449494024418,73487,28572,-0.041633277881082086,overlapping,all,all_eligible
no_retests,5,5,semiconductor,all,8262,0.5222706366497216,0.4777293633502784,1.2567833267793944,0.08360766768812151,-0.06354436658746895,0.01653659156415347,40225,16969,-0.06354436658746895,overlapping,all,all_eligible
no_retests,5,5,software,all,13526,0.5180393316575485,0.48196066834245155,1.347405828002843,0.06588674923666744,-0.055056756972068965,0.007071700474328853,65214,30391,-0.055056756972068965,overlapping,all,all_eligible
no_retests,10,1,other,all,11774,0.4287412943774418,0.5712587056225582,3.0965592064476133,0.04643489503296263,-0.047614793068932834,-0.000571168759766583,73487,28572,-0.047614793068932834,overlapping,all,all_eligible
no_retests,10,1,semiconductor,all,5868,0.38616223585548737,0.6138377641445126,2.582563824008691,0.06681870906268514,-0.0636937504100622,0.0017595028016850088,40225,16969,-0.0636937504100622,overlapping,all,all_eligible
no_retests,10,1,software,all,8555,0.4437171244886032,0.5562828755113969,2.9042673716012084,0.060658999511648166,-0.05973865668214072,0.004960064433901908,65214,30391,-0.05973865668214072,overlapping,all,all_eligible
no_retests,10,2,other,all,12773,0.46034604243325766,0.5396539575667424,2.7923048645999264,0.08537333254727367,-0.058941162553013925,0.018848034493655585,73487,28572,-0.058941162553013925,overlapping,all,all_eligible
no_retests,10,2,semiconductor,all,7314,0.4382007109652721,0.5617992890347279,2.5636042402826855,0.08290584388974166,-0.06498566444747804,0.017631287465839682,40225,16969,-0.06498566444747804,overlapping,all,all_eligible
no_retests,10,2,software,all,10573,0.45852643525962355,0.5414735647403764,2.613807531380753,0.0963249792402165,-0.06909241006901838,0.019415638283188548,65214,30391,-0.06909241006901838,overlapping,all,all_eligible
no_retests,10,3,other,all,12211,0.40479895176480224,0.5952010482351978,2.716062450383699,0.061238048271088696,-0.059559363020306774,0.0010954096254115883,73487,28572,-0.059559363020306774,overlapping,all,all_eligible
no_retests,10,3,semiconductor,all,6626,0.34817386054935107,0.6518261394506489,2.2193680381904977,0.07561772054086678,-0.07319181088280244,-0.0005579387090824954,40225,16969,-0.07319181088280244,overlapping,all,all_eligible
no_retests,10,3,software,all,12114,0.3711408287931319,0.6288591712068681,2.315100154083205,0.08161687712533187,-0.08038251671714819,-0.006202739855618118,65214,30391,-0.08038251671714819,overlapping,all,all_eligible
no_retests,10,4,other,all,12777,0.4342177349925648,0.5657822650074352,3.0038935756002596,0.06017507835089835,-0.04759719311252299,0.010367089238032137,73487,28572,-0.04759719311252299,overlapping,all,all_eligible
no_retests,10,4,semiconductor,all,6615,0.39168556311413455,0.6083144368858655,2.498407643312102,0.08257613182814769,-0.06751096346577598,0.008918200024102046,40225,16969,-0.06751096346577598,overlapping,all,all_eligible
no_retests,10,4,software,all,13847,0.43930093160973493,0.5606990683902651,2.719707057256991,0.07916070071392227,-0.0590575891248449,0.01526829256428373,65214,30391,-0.0590575891248449,overlapping,all,all_eligible
no_retests,10,5,other,all,14058,0.41734243846919905,0.582657561530801,2.7079717690616683,0.06916581851629452,-0.05849978467311933,0.009856888592660226,73487,28572,-0.05849978467311933,overlapping,all,all_eligible
no_retests,10,5,semiconductor,all,8226,0.41198638463408704,0.588013615365913,2.192615585688613,0.13021832642867096,-0.08506763428322121,0.03551738964320012,40225,16969,-0.08506763428322121,overlapping,all,all_eligible
no_retests,10,5,software,all,13355,0.3976787719955073,0.6023212280044927,2.363173132599884,0.10167726372979972,-0.07733853554826765,0.015238429794686809,65214,30391,-0.07733853554826765,overlapping,all,all_eligible
no_retests,20,1,other,all,11774,0.30677764565992865,0.6932223543400713,5.218470705064548,0.0666648310853993,-0.068535356542682,-0.0015169748413765688,73487,28572,-0.068535356542682,overlapping,all,all_eligible
no_retests,20,1,semiconductor,all,5868,0.2658486707566462,0.7341513292433538,4.133489461358314,0.09774772179310724,-0.09142352932391996,0.0034273914769434735,40225,16969,-0.09142352932391996,overlapping,all,all_eligible
no_retests,20,1,software,all,8555,0.32822910578609,0.67177089421391,4.7609580463368815,0.09201647184296316,-0.08320892541379284,0.011898649464287713,65214,30391,-0.08320892541379284,overlapping,all,all_eligible
no_retests,20,2,other,all,12773,0.36796367337352226,0.6320363266264777,4.6732271482195396,0.13566413825908633,-0.08017921765313239,0.03582440814160048,73487,28572,-0.08017921765313239,overlapping,all,all_eligible
no_retests,20,2,semiconductor,all,7314,0.3582171178561663,0.6417828821438337,4.237618809404703,0.13023838055966508,-0.08601910750165728,0.04130001547692246,40225,16969,-0.08601910750165728,overlapping,all,all_eligible
no_retests,20,2,software,all,10573,0.36489170528705195,0.635108294712948,4.231730540347536,0.14975131005804204,-0.09384991955099407,0.04195798094090507,65214,30391,-0.09384991955099407,overlapping,all,all_eligible
no_retests,20,3,other,all,12211,0.28588977151748424,0.7141102284825158,4.387176602924635,0.08653271277045606,-0.0845917922901831,-0.0008604836521327322,73487,28572,-0.0845917922901831,overlapping,all,all_eligible
no_retests,20,3,semiconductor,all,6626,0.23996377905221852,0.7600362209477814,3.567730282962071,0.1083538193955408,-0.10391271208899311,-0.004627353758472037,40225,16969,-0.10391271208899311,overlapping,all,all_eligible
no_retests,20,3,software,all,12114,0.2615981508997854,0.7384018491002147,3.611502614230507,0.11318544901627453,-0.11546188934055181,-0.016804622791390906,65214,30391,-0.11546188934055181,overlapping,all,all_eligible
no_retests,20,4,other,all,12777,0.33795100571339126,0.6620489942866088,4.931673052362708,0.09252048590856832,-0.06591258804690263,0.022608105433644853,73487,28572,-0.06591258804690263,overlapping,all,all_eligible
no_retests,20,4,semiconductor,all,6615,0.28994708994708995,0.71005291005291,3.991720875221762,0.12568888358052654,-0.09475495618471347,0.019747591377024688,40225,16969,-0.09475495618471347,overlapping,all,all_eligible
no_retests,20,4,software,all,13847,0.34368455261067377,0.6563154473893262,4.497950819672131,0.12447456574085086,-0.08088586181154934,0.03307577533646028,65214,30391,-0.08088586181154934,overlapping,all,all_eligible
no_retests,20,5,other,all,13700,0.31613138686131387,0.6838686131386861,4.48643006263048,0.1063960021743524,-0.08041250501589112,0.021482723726075938,73487,28572,-0.08041250501589112,overlapping,all,all_eligible
no_retests,20,5,semiconductor,all,8090,0.3265760197775031,0.6734239802224969,3.527227359459856,0.21413292928350727,-0.10950279310262995,0.08097221860134662,40225,16969,-0.10950279310262995,overlapping,all,all_eligible
no_retests,20,5,software,all,13025,0.28775431861804224,0.7122456813819578,3.8234373369508505,0.1604119117619211,-0.10949152369065529,0.02752605432952585,65214,30391,-0.10949152369065529,overlapping,all,all_eligible
baseline,5,1,other,acute_selloff,420,0.6071428571428571,0.39285714285714285,1.29136690647482,0.05908006399866027,-0.03328611114676148,0.029600561005155925,151384,8303,-0.03328611114676148,overlapping,observed,paired
baseline,5,1,other,correction,4330,0.582217090069284,0.41778290993071593,1.6507389162561577,0.03762189826226869,-0.03564897242195208,0.001887348054384699,151384,8303,-0.03564897242195208,overlapping,observed,paired
baseline,5,1,other,range_bound,2978,0.661517797179315,0.33848220282068503,1.8353028064992614,0.03511361580610018,-0.025985460688767274,0.010291243964858575,151384,8303,-0.025985460688767274,overlapping,observed,paired
baseline,5,1,other,under_pressure,6211,0.5301883754628884,0.46981162453711156,1.7570884468895471,0.030221976932112444,-0.03343674554235192,-0.0019144435031671688,151384,8303,-0.03343674554235192,overlapping,observed,paired
baseline,5,1,other,uptrend,12048,0.5729581673306773,0.4270418326693227,1.9095619406500235,0.026673490917815696,-0.02962269362231063,-0.002559717148113607,151384,8303,-0.02962269362231063,overlapping,observed,paired
baseline,5,1,semiconductor,acute_selloff,207,0.6280193236714976,0.3719806763285024,1.0062893081761006,0.07503646246262967,-0.03755448959085483,0.03547631049993109,73886,4936,-0.03755448959085483,overlapping,observed,paired
baseline,5,1,semiconductor,correction,2012,0.5034791252485089,0.49652087475149104,1.352372583479789,0.048735157293093,-0.046423954413645024,0.001593814113549941,73886,4936,-0.046423954413645024,overlapping,observed,paired
baseline,5,1,semiconductor,range_bound,1433,0.6880669923237962,0.31193300767620374,1.5706914344685243,0.05586378131149194,-0.029957851252284607,0.025330874061852332,73886,4936,-0.029957851252284607,overlapping,observed,paired
baseline,5,1,semiconductor,under_pressure,2812,0.4292318634423898,0.5707681365576103,1.491691842900302,0.04088189569787855,-0.045897427204878306,-0.0024401749340205855,73886,4936,-0.045897427204878306,overlapping,observed,paired
baseline,5,1,semiconductor,uptrend,5822,0.5456887667468224,0.4543112332531776,1.654073199527745,0.0371815097759353,-0.03914174617238451,-0.002965638790699662,73886,4936,-0.03914174617238451,overlapping,observed,paired
baseline,5,1,software,acute_selloff,280,0.6821428571428572,0.31785714285714284,0.8847926267281107,0.08109430577965433,-0.04369903295987341,0.04316450907329291,131931,8995,-0.04369903295987341,overlapping,observed,paired
baseline,5,1,software,correction,3054,0.5514079895219385,0.4485920104780616,1.5509056839475328,0.04798972048539618,-0.04710154701810234,0.006643184846679496,131931,8995,-0.04710154701810234,overlapping,observed,paired
baseline,5,1,software,range_bound,2162,0.6248843663274746,0.37511563367252543,1.7641509433962264,0.04641338443939282,-0.0366879619650594,0.012512384339763717,131931,8995,-0.0366879619650594,overlapping,observed,paired
baseline,5,1,software,under_pressure,4479,0.5532484929671801,0.44675150703281985,1.627906976744186,0.039945630223105315,-0.03796822143825748,0.003976931821669423,131931,8995,-0.03796822143825748,overlapping,observed,paired
baseline,5,1,software,uptrend,8805,0.6174900624645088,0.3825099375354912,1.8394957983193276,0.04094094946217228,-0.03441728118996049,0.0061789513961319435,131931,8995,-0.03441728118996049,overlapping,observed,paired
baseline,5,2,other,acute_selloff,599,0.41903171953255425,0.5809682804674458,1.3937677053824362,0.0804594421395961,-0.09621261660394029,-0.0038554736566734802,151384,8303,-0.09621261660394029,overlapping,observed,paired
baseline,5,2,other,correction,1848,0.5995670995670995,0.4004329004329004,1.3868092691622103,0.06010870283142289,-0.051034872556203155,0.009597160679246215,151384,8303,-0.051034872556203155,overlapping,observed,paired
baseline,5,2,other,range_bound,935,0.6909090909090909,0.3090909090909091,1.6447876447876448,0.059577706140492834,-0.03223149663723704,0.022202329593993604,151384,8303,-0.03223149663723704,overlapping,observed,paired
baseline,5,2,other,under_pressure,4092,0.5620723362658846,0.43792766373411535,1.6316359696641387,0.03865153478685194,-0.035598564485492444,0.004623016301168189,151384,8303,-0.035598564485492444,overlapping,observed,paired
baseline,5,2,other,uptrend,16054,0.5866450728790332,0.4133549271209667,1.656697556866049,0.0401986263581451,-0.034884199535436665,0.004235216073560668,151384,8303,-0.034884199535436665,overlapping,observed,paired
baseline,5,2,semiconductor,acute_selloff,347,0.521613832853026,0.4783861671469741,1.2323651452282158,0.08737441913813795,-0.07607613087918275,0.01917750654627866,73886,4936,-0.07607613087918275,overlapping,observed,paired
baseline,5,2,semiconductor,correction,1037,0.6364513018322083,0.36354869816779173,1.439499304589708,0.0679791681953989,-0.04873809673574898,0.022607895900118052,73886,4936,-0.04873809673574898,overlapping,observed,paired
baseline,5,2,semiconductor,range_bound,519,0.6608863198458574,0.33911368015414256,1.2816455696202531,0.06359966761731091,-0.034588584062432155,0.025842009628388844,73886,4936,-0.034588584062432155,overlapping,observed,paired
baseline,5,2,semiconductor,under_pressure,2053,0.5343399902581588,0.4656600097418412,1.284991568296796,0.04818938012109484,-0.04185255045772325,0.007695922553522514,73886,4936,-0.04185255045772325,overlapping,observed,paired
baseline,5,2,semiconductor,uptrend,8154,0.5587441746382144,0.44125582536178565,1.5203232707392442,0.047484166548060244,-0.041089722530366045,0.0060000673212838905,73886,4936,-0.041089722530366045,overlapping,observed,paired
baseline,5,2,software,acute_selloff,630,0.44126984126984126,0.5587301587301587,1.2995049504950495,0.08583264584371518,-0.07698520589516877,0.018942483507543958,131931,8995,-0.07698520589516877,overlapping,observed,paired
baseline,5,2,software,correction,1743,0.6201950659781985,0.3798049340218015,1.387563884156729,0.06370858120543416,-0.05044919417803368,0.01477244629394926,131931,8995,-0.05044919417803368,overlapping,observed,paired
baseline,5,2,software,range_bound,867,0.7001153402537486,0.29988465974625145,1.5486111111111112,0.06116095275940611,-0.03024432993757956,0.025829864488499197,131931,8995,-0.03024432993757956,overlapping,observed,paired
baseline,5,2,software,under_pressure,3488,0.5212155963302753,0.47878440366972475,1.5023584905660377,0.043826653125696904,-0.042512905222676485,0.0038479492980432093,131931,8995,-0.042512905222676485,overlapping,observed,paired
baseline,5,2,software,uptrend,13535,0.5807166605097894,0.41928333949021057,1.608910127948204,0.045549705819895155,-0.038676547206877784,0.007180713093904099,131931,8995,-0.038676547206877784,overlapping,observed,paired
baseline,5,3,other,acute_selloff,1182,0.5296108291032149,0.4703891708967851,1.4762569832402235,0.04852038407982006,-0.043584841613317285,0.011044531522589088,151384,8303,-0.043584841613317285,overlapping,observed,paired
baseline,5,3,other,correction,8637,0.5104781752923468,0.4895218247076531,1.4617667199269573,0.04390662133048348,-0.043916634359932184,0.0013104766291200532,151384,8303,-0.043916634359932184,overlapping,observed,paired
baseline,5,3,other,range_bound,4864,0.5709292763157895,0.4290707236842105,1.64822460776218,0.03996301493877556,-0.03390075555993354,0.004416921728695312,151384,8303,-0.03390075555993354,overlapping,observed,paired
baseline,5,3,other,under_pressure,3185,0.5459968602825745,0.45400313971742545,1.5400552486187846,0.03633912092042223,-0.03573451583115477,-0.00013718408626811772,151384,8303,-0.03573451583115477,overlapping,observed,paired
baseline,5,3,other,uptrend,7299,0.5088368269625976,0.49116317303740237,1.7252081756245268,0.030162157362525116,-0.03507682105972817,-0.003658518654351805,151384,8303,-0.03507682105972817,overlapping,observed,paired
baseline,5,3,semiconductor,acute_selloff,576,0.5,0.5,1.2416666666666667,0.06069599397694709,-0.054097756282019606,0.015839274479326232,73886,4936,-0.054097756282019606,overlapping,observed,paired
baseline,5,3,semiconductor,correction,4344,0.4534990791896869,0.5465009208103131,1.2772635814889337,0.055618333406117895,-0.053152957933554186,0.0022335162403865137,73886,4936,-0.053152957933554186,overlapping,observed,paired
baseline,5,3,semiconductor,range_bound,2441,0.4948791478902089,0.5051208521097911,1.2694444444444444,0.05110113826691655,-0.045028567132653366,0.002849069017412768,73886,4936,-0.045028567132653366,overlapping,observed,paired
baseline,5,3,semiconductor,under_pressure,1693,0.4943886591848789,0.505611340815121,1.1422172452407615,0.045802093253928276,-0.04677491386353605,-0.004364810883989381,73886,4936,-0.04677491386353605,overlapping,observed,paired
baseline,5,3,semiconductor,uptrend,3767,0.49057605521635256,0.5094239447836475,1.5707491082045184,0.041851187456984205,-0.04202774976876353,0.001236177676647354,73886,4936,-0.04202774976876353,overlapping,observed,paired
baseline,5,3,software,acute_selloff,1046,0.502868068833652,0.497131931166348,1.1511299435028248,0.07414538894048528,-0.059563563392969754,0.017406184278314474,131931,8995,-0.059563563392969754,overlapping,observed,paired
baseline,5,3,software,correction,8005,0.44322298563397877,0.5567770143660212,1.2709190672153634,0.05573249420426562,-0.061382264811826126,-0.006096073581912981,131931,8995,-0.061382264811826126,overlapping,observed,paired
baseline,5,3,software,range_bound,4648,0.51592082616179,0.48407917383821,1.341100076394194,0.05497855966760521,-0.046086559463893534,0.004020636883353582,131931,8995,-0.046086559463893534,overlapping,observed,paired
baseline,5,3,software,under_pressure,3077,0.5268118297042574,0.4731881702957426,1.3626237623762376,0.04684536533320485,-0.04413795681065994,-0.0011786063553530408,131931,8995,-0.04413795681065994,overlapping,observed,paired
baseline,5,3,software,uptrend,6988,0.5210360618202633,0.4789639381797367,1.6183011301494714,0.03864613752924543,-0.04067126199462035,-0.0022828980120350394,131931,8995,-0.04067126199462035,overlapping,observed,paired
baseline,5,4,other,acute_selloff,113,0.8407079646017699,0.1592920353982301,1.2891566265060241,0.05632865986122198,-0.022771804114752832,0.022481766301392307,151384,8303,-0.022771804114752832,overlapping,observed,paired
baseline,5,4,other,correction,1715,0.5965014577259475,0.40349854227405246,1.8760045924225028,0.042936741885510166,-0.03386524782296956,0.013648183334227541,151384,8303,-0.03386524782296956,overlapping,observed,paired
baseline,5,4,other,range_bound,2147,0.5943176525384257,0.4056823474615743,1.8962053571428572,0.033963131040805526,-0.029955686318105478,0.0011245122132775938,151384,8303,-0.029955686318105478,overlapping,observed,paired
baseline,5,4,other,under_pressure,7518,0.5175578611332802,0.4824421388667199,1.7054237288135594,0.03302917160345207,-0.0355566899805821,-0.00405094574091084,151384,8303,-0.0355566899805821,overlapping,observed,paired
baseline,5,4,other,uptrend,16392,0.5779648609077599,0.4220351390922401,1.7329334475864038,0.03510061009001258,-0.02927091438795566,0.005575873038783864,151384,8303,-0.02927091438795566,overlapping,observed,paired
baseline,5,4,semiconductor,acute_selloff,46,0.782608695652174,0.21739130434782608,0.9487179487179487,0.08730258141546561,-0.03518890014012357,0.05333966474067382,73886,4936,-0.03518890014012357,overlapping,observed,paired
baseline,5,4,semiconductor,correction,754,0.5503978779840849,0.4496021220159151,1.6300813008130082,0.06133253565606606,-0.049343121376518355,0.02319836389934809,73886,4936,-0.049343121376518355,overlapping,observed,paired
baseline,5,4,semiconductor,range_bound,952,0.49264705882352944,0.5073529411764706,1.6257928118393234,0.047146452185060264,-0.050779542390374965,-0.007506439524419756,73886,4936,-0.050779542390374965,overlapping,observed,paired
baseline,5,4,semiconductor,under_pressure,3935,0.4543837357052097,0.5456162642947904,1.3884439359267735,0.039834209649521814,-0.05057819658260491,-0.012356535198112412,73886,4936,-0.05057819658260491,overlapping,observed,paired
baseline,5,4,semiconductor,uptrend,8128,0.5264517716535433,0.4735482283464567,1.424001867849638,0.051197892230902646,-0.041585154312689714,0.0067682105170522935,73886,4936,-0.041585154312689714,overlapping,observed,paired
baseline,5,4,software,acute_selloff,105,0.8095238095238095,0.19047619047619047,1.4078947368421053,0.07450264269647315,-0.025735777510430807,0.04250200592836038,131931,8995,-0.025735777510430807,overlapping,observed,paired
baseline,5,4,software,correction,1725,0.616231884057971,0.383768115942029,1.7796780684104627,0.05276484208434433,-0.03720848716833983,0.021649671952171032,131931,8995,-0.03720848716833983,overlapping,observed,paired
baseline,5,4,software,range_bound,2096,0.6102099236641222,0.38979007633587787,1.7476923076923077,0.0412110162316695,-0.03502932897643799,0.003051968123531508,131931,8995,-0.03502932897643799,overlapping,observed,paired
baseline,5,4,software,under_pressure,7668,0.5119979134063641,0.48800208659363586,1.5530694205393,0.041332222666574936,-0.041028315904265845,-0.0014114449556502635,131931,8995,-0.041028315904265845,overlapping,observed,paired
baseline,5,4,software,uptrend,16146,0.570172178867831,0.42982782113216894,1.5933236190223872,0.042854434829916264,-0.03500475542704113,0.005759669986462665,131931,8995,-0.03500475542704113,overlapping,observed,paired
baseline,5,5,other,acute_selloff,171,0.7076023391812866,0.29239766081871343,1.0232558139534884,0.07735625055630878,-0.03727323308126309,0.050983351342896444,151384,8303,-0.03727323308126309,overlapping,observed,paired
baseline,5,5,other,correction,2254,0.5377107364685004,0.4622892635314996,1.5223628691983122,0.043644349017372165,-0.04965808007017697,-0.001987226157467925,151384,8303,-0.04965808007017697,overlapping,observed,paired
baseline,5,5,other,range_bound,1127,0.6441881100266194,0.35581188997338065,1.5849673202614378,0.04869295535959951,-0.02922983313321314,0.017856931012445065,151384,8303,-0.02922983313321314,overlapping,observed,paired
baseline,5,5,other,under_pressure,7766,0.5679886685552408,0.43201133144475923,1.4756221432199086,0.0448299437442852,-0.03638363885035302,0.007197739346128752,151384,8303,-0.03638363885035302,overlapping,observed,paired
baseline,5,5,other,uptrend,15759,0.5430547623580176,0.45694523764198236,1.7128593040847202,0.036454926347643656,-0.035217187442065215,0.001455942777102667,151384,8303,-0.035217187442065215,overlapping,observed,paired
baseline,5,5,semiconductor,acute_selloff,66,0.6212121212121212,0.3787878787878788,0.7962962962962963,0.10678641988786372,-0.05316343892443918,0.0385402812646713,73886,4936,-0.05316343892443918,overlapping,observed,paired
baseline,5,5,semiconductor,correction,978,0.47955010224948874,0.5204498977505112,1.2620904836193447,0.06489062350758822,-0.07774791326828666,-0.007373269879137293,73886,4936,-0.07774791326828666,overlapping,observed,paired
baseline,5,5,semiconductor,range_bound,560,0.7625,0.2375,1.3333333333333333,0.09739622526474453,-0.03721042423929637,0.0599103317441144,73886,4936,-0.03721042423929637,overlapping,observed,paired
baseline,5,5,semiconductor,under_pressure,3633,0.5414258188824663,0.45857418111753373,1.1982683982683984,0.0777750260638544,-0.0570801450965409,0.01873108481345594,73886,4936,-0.0570801450965409,overlapping,observed,paired
baseline,5,5,semiconductor,uptrend,7000,0.49942857142857144,0.5005714285714286,1.412827691524561,0.06696486951768324,-0.053098297336245326,0.010325834334328219,73886,4936,-0.053098297336245326,overlapping,observed,paired
baseline,5,5,software,acute_selloff,155,0.7870967741935484,0.2129032258064516,0.7727272727272727,0.09697970215515646,-0.03861281243358527,0.05889263610768846,131931,8995,-0.03861281243358527,overlapping,observed,paired
baseline,5,5,software,correction,2199,0.4793087767166894,0.5206912232833106,1.4456958970233307,0.05173847590858026,-0.05925347191762029,-0.0011253806889886604,131931,8995,-0.05925347191762029,overlapping,observed,paired
baseline,5,5,software,range_bound,1104,0.7346014492753623,0.2653985507246377,1.3594594594594596,0.07271457002547192,-0.029619363054423718,0.03807760250660625,131931,8995,-0.029619363054423718,overlapping,observed,paired
baseline,5,5,software,under_pressure,7131,0.5195624737063526,0.48043752629364744,1.3580080753701211,0.05466280276226246,-0.04787677032323794,0.004836876169249637,131931,8995,-0.04787677032323794,overlapping,observed,paired
baseline,5,5,software,uptrend,15664,0.48716802860061287,0.5128319713993871,1.5267543859649122,0.046385765930271196,-0.04705842787292705,-0.0018783979742758691,131931,8995,-0.04705842787292705,overlapping,observed,paired
baseline,10,1,other,acute_selloff,420,0.5166666666666667,0.48333333333333334,2.0309597523219813,0.08420516703373891,-0.04398876314309087,0.03442152827675724,151384,8303,-0.04398876314309087,overlapping,observed,paired
baseline,10,1,other,correction,4330,0.46143187066974595,0.538568129330254,2.8429161969184515,0.05489529276829148,-0.051284470492667454,0.0037640444358514403,151384,8303,-0.051284470492667454,overlapping,observed,paired
baseline,10,1,other,range_bound,2978,0.568502350570853,0.4314976494291471,3.1944298476090385,0.05277599759199146,-0.033193581684687015,0.017454672906749732,151384,8303,-0.033193581684687015,overlapping,observed,paired
baseline,10,1,other,under_pressure,6211,0.4219932378038963,0.5780067621961037,3.160229330114665,0.043953647218060075,-0.046846705416286334,-0.0008432405741683985,151384,8303,-0.046846705416286334,overlapping,observed,paired
baseline,10,1,other,uptrend,12048,0.4222277556440903,0.5777722443559097,3.407539811504712,0.03903317273167055,-0.045723260235857745,-0.004636645514227982,151384,8303,-0.045723260235857745,overlapping,observed,paired
baseline,10,1,semiconductor,acute_selloff,207,0.42995169082125606,0.5700483091787439,1.6179775280898876,0.10079592863783657,-0.06049616791490297,0.02621181533037488,73886,4936,-0.06049616791490297,overlapping,observed,paired
baseline,10,1,semiconductor,correction,2012,0.3782306163021869,0.6217693836978131,2.574048913043478,0.07493094113142401,-0.06519819122927338,0.009706561839268043,73886,4936,-0.06519819122927338,overlapping,observed,paired
baseline,10,1,semiconductor,range_bound,1433,0.6113049546406141,0.3886950453593859,2.413469735720375,0.08608877298358647,-0.03725244500163744,0.04054176279159017,73886,4936,-0.03725244500163744,overlapping,observed,paired
baseline,10,1,semiconductor,under_pressure,2812,0.3481507823613087,0.6518492176386913,2.70973348783314,0.06200119612030447,-0.0633450940180969,0.002091854287391204,73886,4936,-0.0633450940180969,overlapping,observed,paired
baseline,10,1,semiconductor,uptrend,5822,0.3965991068361388,0.6034008931638613,2.865498812351544,0.05553788301648587,-0.06079570375862867,-0.005748323160795884,73886,4936,-0.06079570375862867,overlapping,observed,paired
baseline,10,1,software,acute_selloff,280,0.575,0.425,1.3133047210300428,0.11135776510250198,-0.052273332995748545,0.06014265968840325,131931,8995,-0.052273332995748545,overlapping,observed,paired
baseline,10,1,software,correction,3054,0.4443352979698756,0.5556647020301244,2.778564683663834,0.07231582124901893,-0.06394255849735425,0.015088829134959866,131931,8995,-0.06394255849735425,overlapping,observed,paired
baseline,10,1,software,range_bound,2162,0.5578168362627197,0.4421831637372803,3.0289256198347108,0.07481849519754916,-0.044390449987388864,0.02954591771299948,131931,8995,-0.044390449987388864,overlapping,observed,paired
baseline,10,1,software,under_pressure,4479,0.44608171466845276,0.5539182853315472,2.885359620299379,0.059345190856028025,-0.05543336121193405,0.006048299404051766,131931,8995,-0.05543336121193405,overlapping,observed,paired
baseline,10,1,software,uptrend,8805,0.46144236229415103,0.538557637705849,3.2982937830947243,0.06485583584792574,-0.052100160370290055,0.009641215717120219,131931,8995,-0.052100160370290055,overlapping,observed,paired
baseline,10,2,other,acute_selloff,599,0.2654424040066778,0.7345575959933222,1.904040404040404,0.0978913722880201,-0.14455065248629398,-0.04397729980015946,151384,8303,-0.14455065248629398,overlapping,observed,paired
baseline,10,2,other,correction,1848,0.5119047619047619,0.4880952380952381,2.3399412628487517,0.08886760153618141,-0.07252312172824163,0.01649026565506145,151384,8303,-0.07252312172824163,overlapping,observed,paired
baseline,10,2,other,range_bound,935,0.5989304812834224,0.40106951871657753,2.8323442136498516,0.08682233228407135,-0.04164635556476009,0.03075415011808372,151384,8303,-0.04164635556476009,overlapping,observed,paired
baseline,10,2,other,under_pressure,4092,0.49608993157380255,0.5039100684261975,3.0769822940723635,0.06170342743083616,-0.04636760452324233,0.018362423273317392,151384,8303,-0.04636760452324233,overlapping,observed,paired
baseline,10,2,other,uptrend,16054,0.4578298243428429,0.5421701756571571,3.0422750944552233,0.062148241827489924,-0.04992846274442694,0.01101443879168704,151384,8303,-0.04992846274442694,overlapping,observed,paired
baseline,10,2,semiconductor,acute_selloff,347,0.3919308357348703,0.6080691642651297,1.661596958174905,0.1083146426827557,-0.11229994833120541,-0.0027250848844694014,73886,4936,-0.11229994833120541,overlapping,observed,paired
baseline,10,2,semiconductor,correction,1037,0.5776277724204436,0.4223722275795564,2.288551401869159,0.1033005457288962,-0.06570589691894468,0.040996192558249565,73886,4936,-0.06570589691894468,overlapping,observed,paired
baseline,10,2,semiconductor,range_bound,519,0.5491329479768786,0.4508670520231214,2.3959899749373434,0.10117299961361007,-0.045004900292339944,0.04071683244130812,73886,4936,-0.045004900292339944,overlapping,observed,paired
baseline,10,2,semiconductor,under_pressure,2053,0.47929858743302484,0.5207014125669751,2.4172757475083055,0.07792097091409257,-0.052523046484768084,0.03144618195647751,73886,4936,-0.052523046484768084,overlapping,observed,paired
baseline,10,2,semiconductor,uptrend,8154,0.4384351238655874,0.5615648761344125,2.707846715328467,0.07493188879566612,-0.05835105292101029,0.014474697838625584,73886,4936,-0.05835105292101029,overlapping,observed,paired
baseline,10,2,software,acute_selloff,630,0.326984126984127,0.6730158730158731,1.8986784140969164,0.11327952056968313,-0.12024190685083642,0.0011769937990055712,131931,8995,-0.12024190685083642,overlapping,observed,paired
baseline,10,2,software,correction,1743,0.5794606999426276,0.42053930005737233,2.178131788559015,0.09237976289331548,-0.06843325775621495,0.02588026627291577,131931,8995,-0.06843325775621495,overlapping,observed,paired
baseline,10,2,software,range_bound,867,0.6320645905420992,0.3679354094579008,2.4048991354466858,0.09949529474562815,-0.03669872508358758,0.0492909529566998,131931,8995,-0.03669872508358758,overlapping,observed,paired
baseline,10,2,software,under_pressure,3488,0.44495412844036697,0.555045871559633,2.8814144027598103,0.07062074926520169,-0.05646456501297034,0.01699789481771158,131931,8995,-0.05646456501297034,overlapping,observed,paired
baseline,10,2,software,uptrend,13535,0.451865533801256,0.548134466198744,2.964652738565782,0.07182062344495369,-0.054934829933240795,0.015283996619039184,131931,8995,-0.054934829933240795,overlapping,observed,paired
baseline,10,3,other,acute_selloff,1182,0.4086294416243655,0.5913705583756346,2.401111111111111,0.07326469914579481,-0.060494556267848665,0.012782958122595656,151384,8303,-0.060494556267848665,overlapping,observed,paired
baseline,10,3,other,correction,8637,0.39319208058353594,0.6068079194164641,2.6851689721589915,0.0645411068330066,-0.06269518197513027,0.004907578303572544,151384,8303,-0.06269518197513027,overlapping,observed,paired
baseline,10,3,other,range_bound,4864,0.43585526315789475,0.5641447368421053,2.6779882429784454,0.06022376646137591,-0.04869550860902618,0.007243907063982245,151384,8303,-0.04869550860902618,overlapping,observed,paired
baseline,10,3,other,under_pressure,3185,0.42009419152276295,0.579905808477237,2.843621399176955,0.051185499440076214,-0.0537907213450999,-0.001731798652711316,151384,8303,-0.0537907213450999,overlapping,observed,paired
baseline,10,3,other,uptrend,7299,0.35826825592546924,0.6417317440745307,3.1372017353579174,0.04216329475282633,-0.052026157464581245,-0.007176734583346995,151384,8303,-0.052026157464581245,overlapping,observed,paired
baseline,10,3,semiconductor,acute_selloff,576,0.3541666666666667,0.6458333333333334,2.181614349775785,0.08256137891446601,-0.07052593542754707,0.012970362597420826,73886,4936,-0.07052593542754707,overlapping,observed,paired
baseline,10,3,semiconductor,correction,4344,0.3275782688766114,0.6724217311233885,2.255031342791158,0.08346314200022129,-0.07679672088615361,0.008469405366997652,73886,4936,-0.07679672088615361,overlapping,observed,paired
baseline,10,3,semiconductor,range_bound,2441,0.3654240065546907,0.6345759934453093,1.9347695990424896,0.07788501668937665,-0.0687565459973831,-0.0007818556767235029,73886,4936,-0.0687565459973831,overlapping,observed,paired
baseline,10,3,semiconductor,under_pressure,1693,0.3532191376255168,0.6467808623744832,2.0346766635426428,0.0650697774477404,-0.07201011624605198,-0.011897278132274765,73886,4936,-0.07201011624605198,overlapping,observed,paired
baseline,10,3,semiconductor,uptrend,3767,0.35147332094504913,0.6485266790549509,2.7509174311926605,0.060006048249358845,-0.05943532870362927,0.0008868218881750502,73886,4936,-0.05943532870362927,overlapping,observed,paired
baseline,10,3,software,acute_selloff,1046,0.3824091778202677,0.6175908221797323,1.8685162846803378,0.10379873592493977,-0.0888718572605223,0.008079438000451845,131931,8995,-0.0888718572605223,overlapping,observed,paired
baseline,10,3,software,correction,8005,0.31817613991255467,0.6818238600874453,2.3847830034501545,0.07949280748065789,-0.08717222903518959,-0.004934339135858794,131931,8995,-0.08717222903518959,overlapping,observed,paired
baseline,10,3,software,range_bound,4648,0.3891996557659208,0.6108003442340791,2.2006389776357826,0.08313369189717969,-0.06722477124333331,0.003476091434078702,131931,8995,-0.06722477124333331,overlapping,observed,paired
baseline,10,3,software,under_pressure,3077,0.38869028274293144,0.6113097172570686,2.3083969465648857,0.06426322303798386,-0.0682073225454947,-0.00726283880800769,131931,8995,-0.0682073225454947,overlapping,observed,paired
baseline,10,3,software,uptrend,6988,0.38580423583285633,0.6141957641671437,2.88395532552438,0.05635359180634115,-0.05926176086206408,-0.005847230420590784,131931,8995,-0.05926176086206408,overlapping,observed,paired
baseline,10,4,other,acute_selloff,113,0.8407079646017699,0.1592920353982301,2.5428571428571427,0.0868632251421045,-0.024135331865353948,0.06548247943108959,151384,8303,-0.024135331865353948,overlapping,observed,paired
baseline,10,4,other,correction,1715,0.5166180758017492,0.4833819241982507,3.299756295694557,0.06631089697046247,-0.041979050930776085,0.028463417605010265,151384,8303,-0.041979050930776085,overlapping,observed,paired
baseline,10,4,other,range_bound,2147,0.4452724732184443,0.5547275267815557,3.1268781302170283,0.04804016255795326,-0.04512804150314725,0.001978175200537249,151384,8303,-0.04512804150314725,overlapping,observed,paired
baseline,10,4,other,under_pressure,7518,0.3664538441074754,0.6335461558925246,3.074237954768928,0.04813593738991707,-0.053977956245555035,-0.007470797702632065,151384,8303,-0.053977956245555035,overlapping,observed,paired
baseline,10,4,other,uptrend,16392,0.46418984870668617,0.5358101512933138,3.1411500357471147,0.054590618380764296,-0.040643563592333114,0.012795170565662132,151384,8303,-0.040643563592333114,overlapping,observed,paired
baseline,10,4,semiconductor,acute_selloff,46,0.7608695652173914,0.2391304347826087,1.6590909090909092,0.1639599018465015,-0.03536673635835554,0.14330470310595728,73886,4936,-0.03536673635835554,overlapping,observed,paired
baseline,10,4,semiconductor,correction,754,0.47877984084880637,0.5212201591511937,2.6262295081967215,0.09524902590905074,-0.06304657503938396,0.03575305549223534,73886,4936,-0.06304657503938396,overlapping,observed,paired
baseline,10,4,semiconductor,range_bound,952,0.37710084033613445,0.6228991596638656,2.5661016949152544,0.0742249122362881,-0.06948810288588599,0.005455470583431459,73886,4936,-0.06948810288588599,overlapping,observed,paired
baseline,10,4,semiconductor,under_pressure,3935,0.33341804320203305,0.666581956797967,2.5830748781568453,0.0582550743442052,-0.07799983926843236,-0.019598161973153068,73886,4936,-0.07799983926843236,overlapping,observed,paired
baseline,10,4,semiconductor,uptrend,8128,0.4080954724409449,0.5919045275590551,2.538192527148905,0.07941210830017417,-0.05905486848653786,0.012381311510224185,73886,4936,-0.05905486848653786,overlapping,observed,paired
baseline,10,4,software,acute_selloff,105,0.8095238095238095,0.19047619047619047,2.6,0.12400662898085928,-0.026210553782719928,0.10756297793384914,131931,8995,-0.026210553782719928,overlapping,observed,paired
baseline,10,4,software,correction,1725,0.5466666666666666,0.4533333333333333,3.0015015015015014,0.08584589589129363,-0.04547374451403291,0.04660991865514625,131931,8995,-0.04547374451403291,overlapping,observed,paired
baseline,10,4,software,range_bound,2096,0.46469465648854963,0.5353053435114504,2.8718354430379747,0.06103402760155279,-0.04941608003706647,0.009208399769587336,131931,8995,-0.04941608003706647,overlapping,observed,paired
baseline,10,4,software,under_pressure,7668,0.37910798122065725,0.6208920187793427,2.7603666521169794,0.060317675943533516,-0.0613968563238949,-0.0023612175780019762,131931,8995,-0.0613968563238949,overlapping,observed,paired
baseline,10,4,software,uptrend,16146,0.45063792889879845,0.5493620711012015,2.944422814872494,0.06759775656469158,-0.0488496250959211,0.014682942140545212,131931,8995,-0.0488496250959211,overlapping,observed,paired
baseline,10,5,other,acute_selloff,171,0.6140350877192983,0.38596491228070173,1.7682119205298013,0.0984209538978461,-0.04757954704595151,0.04857017803584634,151384,8303,-0.04757954704595151,overlapping,observed,paired
baseline,10,5,other,correction,2254,0.419698314108252,0.580301685891748,2.6398416886543536,0.0668041286608649,-0.07222219802618014,0.007241361077187712,151384,8303,-0.07222219802618014,overlapping,observed,paired
baseline,10,5,other,range_bound,1061,0.5108388312912346,0.4891611687087653,2.5448275862068965,0.0691583788654938,-0.040194822668617826,0.019653459568231654,151384,8303,-0.040194822668617826,overlapping,observed,paired
baseline,10,5,other,under_pressure,7499,0.4447259634617949,0.5552740365382051,2.559693771984275,0.06402464981977588,-0.05202194887876325,0.008056612503939343,151384,8303,-0.05202194887876325,overlapping,observed,paired
baseline,10,5,other,uptrend,15759,0.41633352370074245,0.5836664762992576,3.0806345733041574,0.057690927467093894,-0.04959630211469718,0.007866079267386618,151384,8303,-0.04959630211469718,overlapping,observed,paired
baseline,10,5,semiconductor,acute_selloff,66,0.36363636363636365,0.6363636363636364,0.9272727272727272,0.11198992969790258,-0.09124269698786343,-0.005492417210259065,73886,4936,-0.09124269698786343,overlapping,observed,paired
baseline,10,5,semiconductor,correction,978,0.3773006134969325,0.6226993865030674,1.8535564853556485,0.1082546968049759,-0.11758459824497691,0.012676153351539893,73886,4936,-0.11758459824497691,overlapping,observed,paired
baseline,10,5,semiconductor,range_bound,536,0.7555970149253731,0.24440298507462688,1.8739669421487604,0.17592517864410576,-0.03880722411317091,0.10598749309943321,73886,4936,-0.03880722411317091,overlapping,observed,paired
baseline,10,5,semiconductor,under_pressure,3520,0.409375,0.590625,1.9444015444015443,0.11484795930646105,-0.07943343325760079,0.025291805468362797,73886,4936,-0.07943343325760079,overlapping,observed,paired
baseline,10,5,semiconductor,uptrend,7000,0.3752857142857143,0.6247142857142857,2.5005045408678104,0.10936883982590187,-0.07212164939223004,0.02955966717173987,73886,4936,-0.07212164939223004,overlapping,observed,paired
baseline,10,5,software,acute_selloff,155,0.6774193548387096,0.3225806451612903,1.0571428571428572,0.10822952134378683,-0.05167752788639065,0.038360498504770364,131931,8995,-0.05167752788639065,overlapping,observed,paired
baseline,10,5,software,correction,2199,0.36743974533879037,0.6325602546612097,2.446822308690013,0.08101833438917862,-0.08387562183638576,0.014182135940297427,131931,8995,-0.08387562183638576,overlapping,observed,paired
baseline,10,5,software,range_bound,1045,0.6028708133971292,0.39712918660287083,1.8615960099750624,0.10124414882201856,-0.04207978599914202,0.036834354071199796,131931,8995,-0.04207978599914202,overlapping,observed,paired
baseline,10,5,software,under_pressure,6894,0.40600522193211486,0.5939947780678851,2.327496020013646,0.07876854441290307,-0.06875450777441243,0.0051394510478151405,131931,8995,-0.06875450777441243,overlapping,observed,paired
baseline,10,5,software,uptrend,15664,0.35367722165474974,0.6463227783452502,2.7162435407773535,0.07168024706671973,-0.06754119069316752,9.174152195570368e-05,131931,8995,-0.06754119069316752,overlapping,observed,paired
baseline,20,1,other,acute_selloff,420,0.4238095238095238,0.5761904761904761,3.409340659340659,0.11340060659128295,-0.054809693386564405,0.055489363792986565,151384,8303,-0.054809693386564405,overlapping,observed,paired
baseline,20,1,other,correction,4330,0.3445727482678984,0.6554272517321016,4.6587648159700565,0.078817967267832,-0.07316475131243738,0.007856036811703916,151384,8303,-0.07316475131243738,overlapping,observed,paired
baseline,20,1,other,range_bound,2978,0.4563465413028878,0.5436534586971121,4.9691170073945194,0.0749689620786587,-0.04745252064203076,0.023753628713573397,151384,8303,-0.04745252064203076,overlapping,observed,paired
baseline,20,1,other,under_pressure,6211,0.3158911608436645,0.6841088391563356,5.504802061372687,0.06454082397425634,-0.06388811075019994,0.0033441085148890183,151384,8303,-0.06388811075019994,overlapping,observed,paired
baseline,20,1,other,uptrend,12048,0.2889276228419655,0.7110723771580345,5.52457539886773,0.05596802503302261,-0.06922859269092012,-0.01132645670886594,151384,8303,-0.06922859269092012,overlapping,observed,paired
baseline,20,1,semiconductor,acute_selloff,207,0.3719806763285024,0.6280193236714976,2.405263157894737,0.14877979072273978,-0.07801424954650259,0.06787763897445752,73886,4936,-0.07801424954650259,overlapping,observed,paired
baseline,20,1,semiconductor,correction,2012,0.28727634194831014,0.7127236580516899,4.084905660377358,0.11213393307128802,-0.08691914262794782,0.02791227199572636,73886,4936,-0.08691914262794782,overlapping,observed,paired
baseline,20,1,semiconductor,range_bound,1433,0.5177948360083741,0.48220516399162594,3.1669303797468356,0.12491832803967834,-0.05093741663521436,0.06367391257004998,73886,4936,-0.05093741663521436,overlapping,observed,paired
baseline,20,1,semiconductor,under_pressure,2812,0.2585348506401138,0.7414651493598862,4.804490177736202,0.09639700852947046,-0.08529556839218164,0.010658934684608538,73886,4936,-0.08529556839218164,overlapping,observed,paired
baseline,20,1,semiconductor,uptrend,5822,0.25369288904156645,0.7463071109584335,4.520482533299824,0.08089531195633114,-0.09314938536602226,-0.016029500041110187,73886,4936,-0.09314938536602226,overlapping,observed,paired
baseline,20,1,software,acute_selloff,280,0.5107142857142857,0.48928571428571427,2.494208494208494,0.15781084685225297,-0.06363706973298473,0.10118126560091147,131931,8995,-0.06363706973298473,overlapping,observed,paired
baseline,20,1,software,correction,3054,0.3280943025540275,0.6719056974459725,4.244318181818182,0.10855374492788745,-0.08571902236713236,0.024823530478072894,131931,8995,-0.08571902236713236,overlapping,observed,paired
baseline,20,1,software,range_bound,2162,0.47779833487511564,0.5222016651248844,4.595406360424028,0.10515782102658101,-0.05770775688057937,0.04046952775716404,131931,8995,-0.05770775688057937,overlapping,observed,paired
baseline,20,1,software,under_pressure,4479,0.33288680509042196,0.667113194909578,4.84026323661382,0.09091496348355574,-0.07612110890732006,0.015446722108187793,131931,8995,-0.07612110890732006,overlapping,observed,paired
baseline,20,1,software,uptrend,8805,0.32061328790459964,0.6793867120954004,5.249009351719765,0.10613905209042138,-0.07587376790393735,0.021890217156714034,131931,8995,-0.07587376790393735,overlapping,observed,paired
baseline,20,2,other,acute_selloff,599,0.2370617696160267,0.7629382303839732,3.423162583518931,0.13548856974970275,-0.19091199147638913,-0.000322786407120516,151384,8303,-0.19091199147638913,overlapping,observed,paired
baseline,20,2,other,correction,1848,0.44426406926406925,0.5557359307359307,3.7536600891152134,0.12844638042183437,-0.0847213960622115,0.04767119331692948,151384,8303,-0.0847213960622115,overlapping,observed,paired
baseline,20,2,other,range_bound,935,0.4748663101604278,0.5251336898395722,4.375318066157761,0.1184742287656253,-0.06123615844150089,0.05079836241311182,151384,8303,-0.06123615844150089,overlapping,observed,paired
baseline,20,2,other,under_pressure,4092,0.386119257086999,0.613880742913001,4.985822306238186,0.09266988871550445,-0.061690702305683444,0.02814710754524051,151384,8303,-0.061690702305683444,overlapping,observed,paired
baseline,20,2,other,uptrend,16054,0.35592375731904824,0.6440762426809518,5.092581896196056,0.10602972955299166,-0.07508821146499858,0.020647375088664342,151384,8303,-0.07508821146499858,overlapping,observed,paired
baseline,20,2,semiconductor,acute_selloff,347,0.3804034582132565,0.6195965417867435,2.796551724137931,0.17324208971577287,-0.15446083357198465,0.07751099207182897,73886,4936,-0.15446083357198465,overlapping,observed,paired
baseline,20,2,semiconductor,correction,1037,0.5390549662487946,0.4609450337512054,3.0950323974082075,0.16462242847394223,-0.07221384143498735,0.098143176728592,73886,4936,-0.07221384143498735,overlapping,observed,paired
baseline,20,2,semiconductor,range_bound,519,0.43159922928709055,0.5684007707129094,3.252314814814815,0.13487908275716412,-0.06452436816456365,0.04398980895699513,73886,4936,-0.06452436816456365,overlapping,observed,paired
baseline,20,2,semiconductor,under_pressure,2053,0.4028251339503166,0.5971748660496834,3.7665890570430736,0.12494182736839417,-0.06410763031947728,0.057925382814158294,73886,4936,-0.06410763031947728,overlapping,observed,paired
baseline,20,2,semiconductor,uptrend,8154,0.35087073828795684,0.6491292617120432,4.4817484662576685,0.1168457415883209,-0.0840438692202961,0.025108691119373975,73886,4936,-0.0840438692202961,overlapping,observed,paired
baseline,20,2,software,acute_selloff,630,0.30634920634920637,0.6936507936507936,3.364864864864865,0.16670544268597387,-0.1596665898278872,0.055876354996026584,131931,8995,-0.1596665898278872,overlapping,observed,paired
baseline,20,2,software,correction,1743,0.525530694205393,0.474469305794607,3.455426356589147,0.14903195377693595,-0.07831270766984715,0.07863011578984586,131931,8995,-0.07831270766984715,overlapping,observed,paired
baseline,20,2,software,range_bound,867,0.4913494809688581,0.5086505190311419,3.6878980891719744,0.173082973275757,-0.05368935478274846,0.10035785672393646,131931,8995,-0.05368935478274846,overlapping,observed,paired
baseline,20,2,software,under_pressure,3488,0.3655389908256881,0.6344610091743119,4.674560459275206,0.11455004062551968,-0.06943677860370541,0.039834329220402434,131931,8995,-0.06943677860370541,overlapping,observed,paired
baseline,20,2,software,uptrend,13535,0.3478389360916143,0.6521610639083857,4.677397973676735,0.1131982622191353,-0.07971920162623816,0.024673527639297487,131931,8995,-0.07971920162623816,overlapping,observed,paired
baseline,20,3,other,acute_selloff,1182,0.29018612521150594,0.7098138747884941,3.522432701894317,0.09951762168789925,-0.0847078393884874,0.006153344580283185,151384,8303,-0.0847078393884874,overlapping,observed,paired
baseline,20,3,other,correction,8637,0.2967465555169619,0.7032534444830381,4.18811432027824,0.09723784491371357,-0.0858046006162544,0.01870813484258986,151384,8303,-0.0858046006162544,overlapping,observed,paired
baseline,20,3,other,range_bound,4864,0.3040707236842105,0.6959292763157895,3.9327561327561327,0.07826746344863433,-0.07331145958744992,-0.0077470999249689395,151384,8303,-0.07331145958744992,overlapping,observed,paired
baseline,20,3,other,under_pressure,3185,0.3224489795918367,0.6775510204081633,5.024096385542169,0.08182335739335633,-0.07270233635645765,0.012030440892708145,151384,8303,-0.07270233635645765,overlapping,observed,paired
baseline,20,3,other,uptrend,7299,0.24496506370735718,0.7550349362926428,5.323465859982714,0.05995931433020727,-0.07660002617734166,-0.012974397523732055,151384,8303,-0.07660002617734166,overlapping,observed,paired
baseline,20,3,semiconductor,acute_selloff,576,0.23958333333333334,0.7604166666666666,2.893528183716075,0.11345977917359769,-0.09742640667843623,0.012181081308002615,73886,4936,-0.09742640667843623,overlapping,observed,paired
baseline,20,3,semiconductor,correction,4344,0.23549723756906077,0.7645027624309392,3.6387921022067364,0.12779341733229554,-0.10700018655935645,0.023500385322125606,73886,4936,-0.10700018655935645,overlapping,observed,paired
baseline,20,3,semiconductor,range_bound,2441,0.2576812781646866,0.7423187218353134,2.8020078081427773,0.10033629758343436,-0.10094428018912634,-0.020903529082990813,73886,4936,-0.10094428018912634,overlapping,observed,paired
baseline,20,3,semiconductor,under_pressure,1693,0.2770230360307147,0.7229769639692853,3.7288,0.10978351607930054,-0.09716043019927843,0.013178150708249656,73886,4936,-0.09716043019927843,overlapping,observed,paired
baseline,20,3,semiconductor,uptrend,3767,0.237589593841253,0.762410406158747,4.557077625570776,0.08809719328964878,-0.08444144200291978,-0.001310626630070379,73886,4936,-0.08444144200291978,overlapping,observed,paired
baseline,20,3,software,acute_selloff,1046,0.251434034416826,0.748565965583174,2.518140589569161,0.1366666924741168,-0.12553888925620535,-0.015193869420358688,131931,8995,-0.12553888925620535,overlapping,observed,paired
baseline,20,3,software,correction,8005,0.2363522798251093,0.7636477201748907,3.619377720457843,0.11520350239289678,-0.11964500070467816,0.003092951938125705,131931,8995,-0.11964500070467816,overlapping,observed,paired
baseline,20,3,software,range_bound,4648,0.24548192771084337,0.7545180722891566,3.0527867885579476,0.11068259020924276,-0.10277132821108005,-0.025724928455146002,131931,8995,-0.10277132821108005,overlapping,observed,paired
baseline,20,3,software,under_pressure,3077,0.28794280142996426,0.7120571985700358,4.0994832041343665,0.10373410904327607,-0.09399198688055524,0.005653065284392776,131931,8995,-0.09399198688055524,overlapping,observed,paired
baseline,20,3,software,uptrend,6988,0.271751574127075,0.728248425872925,4.691556967771221,0.0790786914867822,-0.0903081684789512,-0.016921784165556963,131931,8995,-0.0903081684789512,overlapping,observed,paired
baseline,20,4,other,acute_selloff,113,0.8230088495575221,0.17699115044247787,3.081818181818182,0.12796095441855562,-0.028317930229897547,0.058032760894595234,151384,8303,-0.028317930229897547,overlapping,observed,paired
baseline,20,4,other,correction,1715,0.4268221574344023,0.5731778425655977,4.446428571428571,0.09510528059648923,-0.05395558745053062,0.03191534897835242,151384,8303,-0.05395558745053062,overlapping,observed,paired
baseline,20,4,other,range_bound,2147,0.336283185840708,0.6637168141592921,5.126616746085773,0.07256618505450439,-0.06366781738078159,0.013147661471414353,151384,8303,-0.06366781738078159,overlapping,observed,paired
baseline,20,4,other,under_pressure,7518,0.2666932694865656,0.7333067305134344,5.145779543197617,0.07303881865063411,-0.07363073940890011,0.003936047820295546,151384,8303,-0.07363073940890011,overlapping,observed,paired
baseline,20,4,other,uptrend,16392,0.3563323572474378,0.6436676427525623,5.202712700369914,0.08628331803862989,-0.057747820275462734,0.02417305182276931,151384,8303,-0.057747820275462734,overlapping,observed,paired
baseline,20,4,semiconductor,acute_selloff,46,0.7391304347826086,0.2608695652173913,2.108695652173913,0.2142968102332534,-0.04022223942847471,0.061546042106201244,73886,4936,-0.04022223942847471,overlapping,observed,paired
baseline,20,4,semiconductor,correction,754,0.3222811671087533,0.6777188328912467,3.3251533742331287,0.13803463312718123,-0.08873399814872439,0.025971422502524242,73886,4936,-0.08873399814872439,overlapping,observed,paired
baseline,20,4,semiconductor,range_bound,952,0.31092436974789917,0.6890756302521008,4.195266272189349,0.10493975292634652,-0.08409373690738656,0.02788475376124683,73886,4936,-0.08409373690738656,overlapping,observed,paired
baseline,20,4,semiconductor,under_pressure,3935,0.22770012706480305,0.772299872935197,4.5292386906951085,0.08662041922941413,-0.1068902242045675,-0.009932543725529652,73886,4936,-0.1068902242045675,overlapping,observed,paired
baseline,20,4,semiconductor,uptrend,8128,0.2891240157480315,0.7108759842519685,4.041309183349221,0.12139915448260923,-0.08947309121406746,0.01643534431861354,73886,4936,-0.08947309121406746,overlapping,observed,paired
baseline,20,4,software,acute_selloff,105,0.780952380952381,0.21904761904761905,3.048076923076923,0.17032571471427024,-0.032772857312563936,0.08238549360223021,131931,8995,-0.032772857312563936,overlapping,observed,paired
baseline,20,4,software,correction,1725,0.4336231884057971,0.566376811594203,4.1662234042553195,0.12445839690517987,-0.05810377872799988,0.052424345889210765,131931,8995,-0.05810377872799988,overlapping,observed,paired
baseline,20,4,software,range_bound,2096,0.3597328244274809,0.6402671755725191,4.968972204266322,0.09949581609366483,-0.06871240830283393,0.034278510826156836,131931,8995,-0.06871240830283393,overlapping,observed,paired
baseline,20,4,software,under_pressure,7668,0.28390714658320293,0.7160928534167971,4.9891627337878,0.09113265828195362,-0.08288284267006633,0.014169384959045217,131931,8995,-0.08288284267006633,overlapping,observed,paired
baseline,20,4,software,uptrend,16146,0.34887897931376194,0.6511210206862381,4.799903529222607,0.11031042970513763,-0.06932329238461493,0.03012442467865846,131931,8995,-0.06932329238461493,overlapping,observed,paired
baseline,20,5,other,acute_selloff,171,0.42105263157894735,0.5789473684210527,2.2151898734177213,0.13505409028438325,-0.08505568849925443,0.058983654441461815,151384,8303,-0.08505568849925443,overlapping,observed,paired
baseline,20,5,other,correction,2254,0.27107364685004437,0.7289263531499557,4.0297994269340975,0.09832252930932416,-0.10423119377823577,0.007978689089631324,151384,8303,-0.10423119377823577,overlapping,observed,paired
baseline,20,5,other,range_bound,1061,0.4043355325164939,0.5956644674835061,4.427409988385598,0.10188910462837963,-0.05578185411936676,0.03366639559452625,151384,8303,-0.05578185411936676,overlapping,observed,paired
baseline,20,5,other,under_pressure,6999,0.34890698671238746,0.6510930132876125,4.156120527306968,0.0963230025122396,-0.06981786000812507,0.01820497907569946,151384,8303,-0.06981786000812507,overlapping,observed,paired
baseline,20,5,other,uptrend,15631,0.32122065126991234,0.6787793487300876,5.059235325794292,0.09115494164119248,-0.06785142460591492,0.02027715361634667,151384,8303,-0.06785142460591492,overlapping,observed,paired
baseline,20,5,semiconductor,acute_selloff,66,0.2727272727272727,0.7272727272727273,1.280701754385965,0.15253467733811737,-0.17204378680878518,0.0009846125362149253,73886,4936,-0.17204378680878518,overlapping,observed,paired
baseline,20,5,semiconductor,correction,978,0.26789366053169733,0.7321063394683026,2.3784860557768925,0.1921957363433405,-0.17226897999797267,0.03745690663436161,73886,4936,-0.17226897999797267,overlapping,observed,paired
baseline,20,5,semiconductor,range_bound,536,0.7014925373134329,0.29850746268656714,2.574468085106383,0.2929073196296129,-0.0479958304153615,0.19678869654432593,73886,4936,-0.0479958304153615,overlapping,observed,paired
baseline,20,5,semiconductor,under_pressure,3323,0.30544688534456815,0.6945531146554318,3.1668472372697725,0.1874349199680759,-0.10162206384180769,0.06294034412287115,73886,4936,-0.10162206384180769,overlapping,observed,paired
baseline,20,5,semiconductor,uptrend,6959,0.2896967955165972,0.7103032044834028,4.103406113537118,0.1752545096639749,-0.09484908296949138,0.06001469766420534,73886,4936,-0.09484908296949138,overlapping,observed,paired
baseline,20,5,software,acute_selloff,155,0.5419354838709678,0.45806451612903226,1.4206896551724137,0.1818820040942651,-0.08279683649928565,0.11066931904621834,131931,8995,-0.08279683649928565,overlapping,observed,paired
baseline,20,5,software,correction,2199,0.2723965438835834,0.7276034561164165,3.789111747851003,0.1309468916292513,-0.11048049586555422,0.04497788957742512,131931,8995,-0.11048049586555422,overlapping,observed,paired
baseline,20,5,software,range_bound,1045,0.45263157894736844,0.5473684210526316,2.925968109339408,0.14733573275886339,-0.0779649287961075,0.04213723341664395,131931,8995,-0.0779649287961075,overlapping,observed,paired
baseline,20,5,software,under_pressure,6489,0.29496070272769304,0.705039297272307,3.953168044077135,0.11872002031054117,-0.09853735839139302,0.012502040237235073,131931,8995,-0.09853735839139302,overlapping,observed,paired
baseline,20,5,software,uptrend,15563,0.24474715671785646,0.7552528432821436,4.477735490009515,0.10852659256280962,-0.09776609491846584,-0.0022666733476466097,131931,8995,-0.09776609491846584,overlapping,observed,paired
baseline_plus_historical_demand,5,1,other,acute_selloff,420,0.5880952380952381,0.4119047619047619,1.29136690647482,0.05908006399866027,-0.03328611114676148,0.029600561005155925,168110,8195,-0.03328611114676148,overlapping,observed,paired
baseline_plus_historical_demand,5,1,other,correction,4330,0.5748267898383372,0.4251732101616628,1.6507389162561577,0.03762189826226869,-0.03564897242195208,0.001887348054384699,168110,8195,-0.03564897242195208,overlapping,observed,paired
baseline_plus_historical_demand,5,1,other,range_bound,2978,0.6453995970449966,0.35460040295500334,1.8353028064992614,0.03511361580610018,-0.025985460688767274,0.010291243964858575,168110,8195,-0.025985460688767274,overlapping,observed,paired
baseline_plus_historical_demand,5,1,other,under_pressure,6211,0.5089357591370149,0.491064240862985,1.7570884468895471,0.030221976932112444,-0.03343674554235192,-0.0019144435031671688,168110,8195,-0.03343674554235192,overlapping,observed,paired
baseline_plus_historical_demand,5,1,other,uptrend,12048,0.5428286852589641,0.45717131474103584,1.9095619406500235,0.026673490917815696,-0.02962269362231063,-0.002559717148113607,168110,8195,-0.02962269362231063,overlapping,observed,paired
baseline_plus_historical_demand,5,1,semiconductor,acute_selloff,207,0.6280193236714976,0.3719806763285024,1.0062893081761006,0.07503646246262967,-0.03755448959085483,0.03547631049993109,88937,4863,-0.03755448959085483,overlapping,observed,paired
baseline_plus_historical_demand,5,1,semiconductor,correction,2012,0.4945328031809145,0.5054671968190855,1.352372583479789,0.048735157293093,-0.046423954413645024,0.001593814113549941,88937,4863,-0.046423954413645024,overlapping,observed,paired
baseline_plus_historical_demand,5,1,semiconductor,range_bound,1433,0.672016748080949,0.3279832519190509,1.5706914344685243,0.05586378131149194,-0.029957851252284607,0.025330874061852332,88937,4863,-0.029957851252284607,overlapping,observed,paired
baseline_plus_historical_demand,5,1,semiconductor,under_pressure,2812,0.42105263157894735,0.5789473684210527,1.491691842900302,0.04088189569787855,-0.045897427204878306,-0.0024401749340205855,88937,4863,-0.045897427204878306,overlapping,observed,paired
baseline_plus_historical_demand,5,1,semiconductor,uptrend,5822,0.5159738921332875,0.48402610786671246,1.654073199527745,0.0371815097759353,-0.03914174617238451,-0.002965638790699662,88937,4863,-0.03914174617238451,overlapping,observed,paired
baseline_plus_historical_demand,5,1,software,acute_selloff,280,0.6714285714285714,0.32857142857142857,0.8847926267281107,0.08109430577965433,-0.04369903295987341,0.04316450907329291,152481,8862,-0.04369903295987341,overlapping,observed,paired
baseline_plus_historical_demand,5,1,software,correction,3054,0.5376555337262606,0.4623444662737394,1.5509056839475328,0.04798972048539618,-0.04710154701810234,0.006643184846679496,152481,8862,-0.04710154701810234,overlapping,observed,paired
baseline_plus_historical_demand,5,1,software,range_bound,2162,0.6142460684551342,0.38575393154486587,1.7641509433962264,0.04641338443939282,-0.0366879619650594,0.012512384339763717,152481,8862,-0.0366879619650594,overlapping,observed,paired
baseline_plus_historical_demand,5,1,software,under_pressure,4479,0.5320384014288904,0.46796159857110964,1.627906976744186,0.039945630223105315,-0.03796822143825748,0.003976931821669423,152481,8862,-0.03796822143825748,overlapping,observed,paired
baseline_plus_historical_demand,5,1,software,uptrend,8805,0.5959114139693356,0.4040885860306644,1.8394957983193276,0.04094094946217228,-0.03441728118996049,0.0061789513961319435,152481,8862,-0.03441728118996049,overlapping,observed,paired
baseline_plus_historical_demand,5,2,other,acute_selloff,599,0.41569282136894825,0.5843071786310517,1.3937677053824362,0.0804594421395961,-0.09621261660394029,-0.0038554736566734802,168110,8195,-0.09621261660394029,overlapping,observed,paired
baseline_plus_historical_demand,5,2,other,correction,1848,0.5930735930735931,0.4069264069264069,1.3868092691622103,0.06010870283142289,-0.051034872556203155,0.009597160679246215,168110,8195,-0.051034872556203155,overlapping,observed,paired
baseline_plus_historical_demand,5,2,other,range_bound,935,0.6802139037433155,0.31978609625668447,1.6447876447876448,0.059577706140492834,-0.03223149663723704,0.022202329593993604,168110,8195,-0.03223149663723704,overlapping,observed,paired
baseline_plus_historical_demand,5,2,other,under_pressure,4092,0.5395894428152492,0.4604105571847507,1.6316359696641387,0.03865153478685194,-0.035598564485492444,0.004623016301168189,168110,8195,-0.035598564485492444,overlapping,observed,paired
baseline_plus_historical_demand,5,2,other,uptrend,16054,0.5643453344960757,0.43565466550392423,1.656697556866049,0.0401986263581451,-0.034884199535436665,0.004235216073560668,168110,8195,-0.034884199535436665,overlapping,observed,paired
baseline_plus_historical_demand,5,2,semiconductor,acute_selloff,347,0.5187319884726225,0.4812680115273775,1.2323651452282158,0.08737441913813795,-0.07607613087918275,0.01917750654627866,88937,4863,-0.07607613087918275,overlapping,observed,paired
baseline_plus_historical_demand,5,2,semiconductor,correction,1037,0.6325940212150434,0.3674059787849566,1.439499304589708,0.0679791681953989,-0.04873809673574898,0.022607895900118052,88937,4863,-0.04873809673574898,overlapping,observed,paired
baseline_plus_historical_demand,5,2,semiconductor,range_bound,519,0.653179190751445,0.3468208092485549,1.2816455696202531,0.06359966761731091,-0.034588584062432155,0.025842009628388844,88937,4863,-0.034588584062432155,overlapping,observed,paired
baseline_plus_historical_demand,5,2,semiconductor,under_pressure,2053,0.5314174378957623,0.4685825621042377,1.284991568296796,0.04818938012109484,-0.04185255045772325,0.007695922553522514,88937,4863,-0.04185255045772325,overlapping,observed,paired
baseline_plus_historical_demand,5,2,semiconductor,uptrend,8154,0.5414520480745646,0.45854795192543535,1.5203232707392442,0.047484166548060244,-0.041089722530366045,0.0060000673212838905,88937,4863,-0.041089722530366045,overlapping,observed,paired
baseline_plus_historical_demand,5,2,software,acute_selloff,630,0.4396825396825397,0.5603174603174603,1.2995049504950495,0.08583264584371518,-0.07698520589516877,0.018942483507543958,152481,8862,-0.07698520589516877,overlapping,observed,paired
baseline_plus_historical_demand,5,2,software,correction,1743,0.6167527251864601,0.3832472748135399,1.387563884156729,0.06370858120543416,-0.05044919417803368,0.01477244629394926,152481,8862,-0.05044919417803368,overlapping,observed,paired
baseline_plus_historical_demand,5,2,software,range_bound,867,0.7093425605536332,0.2906574394463668,1.5486111111111112,0.06116095275940611,-0.03024432993757956,0.025829864488499197,152481,8862,-0.03024432993757956,overlapping,observed,paired
baseline_plus_historical_demand,5,2,software,under_pressure,3488,0.5048738532110092,0.4951261467889908,1.5023584905660377,0.043826653125696904,-0.042512905222676485,0.0038479492980432093,152481,8862,-0.042512905222676485,overlapping,observed,paired
baseline_plus_historical_demand,5,2,software,uptrend,13535,0.5665312153675656,0.43346878463243443,1.608910127948204,0.045549705819895155,-0.038676547206877784,0.007180713093904099,152481,8862,-0.038676547206877784,overlapping,observed,paired
baseline_plus_historical_demand,5,3,other,acute_selloff,1182,0.5126903553299492,0.4873096446700508,1.4762569832402235,0.04852038407982006,-0.043584841613317285,0.011044531522589088,168110,8195,-0.043584841613317285,overlapping,observed,paired
baseline_plus_historical_demand,5,3,other,correction,8637,0.49241634826907493,0.5075836517309251,1.4617667199269573,0.04390662133048348,-0.043916634359932184,0.0013104766291200532,168110,8195,-0.043916634359932184,overlapping,observed,paired
baseline_plus_historical_demand,5,3,other,range_bound,4864,0.5454358552631579,0.4545641447368421,1.64822460776218,0.03996301493877556,-0.03390075555993354,0.004416921728695312,168110,8195,-0.03390075555993354,overlapping,observed,paired
baseline_plus_historical_demand,5,3,other,under_pressure,3185,0.5249607535321821,0.4750392464678179,1.5400552486187846,0.03633912092042223,-0.03573451583115477,-0.00013718408626811772,168110,8195,-0.03573451583115477,overlapping,observed,paired
baseline_plus_historical_demand,5,3,other,uptrend,7299,0.4945882997670914,0.5054117002329086,1.7252081756245268,0.030162157362525116,-0.03507682105972817,-0.003658518654351805,168110,8195,-0.03507682105972817,overlapping,observed,paired
baseline_plus_historical_demand,5,3,semiconductor,acute_selloff,576,0.484375,0.515625,1.2416666666666667,0.06069599397694709,-0.054097756282019606,0.015839274479326232,88937,4863,-0.054097756282019606,overlapping,observed,paired
baseline_plus_historical_demand,5,3,semiconductor,correction,4344,0.44106813996316757,0.5589318600368324,1.2772635814889337,0.055618333406117895,-0.053152957933554186,0.0022335162403865137,88937,4863,-0.053152957933554186,overlapping,observed,paired
baseline_plus_historical_demand,5,3,semiconductor,range_bound,2441,0.48013109381401065,0.5198689061859894,1.2694444444444444,0.05110113826691655,-0.045028567132653366,0.002849069017412768,88937,4863,-0.045028567132653366,overlapping,observed,paired
baseline_plus_historical_demand,5,3,semiconductor,under_pressure,1693,0.4790313053750738,0.5209686946249261,1.1422172452407615,0.045802093253928276,-0.04677491386353605,-0.004364810883989381,88937,4863,-0.04677491386353605,overlapping,observed,paired
baseline_plus_historical_demand,5,3,semiconductor,uptrend,3767,0.46694982744889835,0.5330501725511017,1.5707491082045184,0.041851187456984205,-0.04202774976876353,0.001236177676647354,88937,4863,-0.04202774976876353,overlapping,observed,paired
baseline_plus_historical_demand,5,3,software,acute_selloff,1046,0.49235181644359466,0.5076481835564054,1.1511299435028248,0.07414538894048528,-0.059563563392969754,0.017406184278314474,152481,8862,-0.059563563392969754,overlapping,observed,paired
baseline_plus_historical_demand,5,3,software,correction,8005,0.43010618363522796,0.569893816364772,1.2709190672153634,0.05573249420426562,-0.061382264811826126,-0.006096073581912981,152481,8862,-0.061382264811826126,overlapping,observed,paired
baseline_plus_historical_demand,5,3,software,range_bound,4648,0.5120481927710844,0.4879518072289157,1.341100076394194,0.05497855966760521,-0.046086559463893534,0.004020636883353582,152481,8862,-0.046086559463893534,overlapping,observed,paired
baseline_plus_historical_demand,5,3,software,under_pressure,3077,0.5160870978225545,0.48391290217744554,1.3626237623762376,0.04684536533320485,-0.04413795681065994,-0.0011786063553530408,152481,8862,-0.04413795681065994,overlapping,observed,paired
baseline_plus_historical_demand,5,3,software,uptrend,6988,0.49499141385231826,0.5050085861476817,1.6183011301494714,0.03864613752924543,-0.04067126199462035,-0.0022828980120350394,152481,8862,-0.04067126199462035,overlapping,observed,paired
baseline_plus_historical_demand,5,4,other,acute_selloff,113,0.8230088495575221,0.17699115044247787,1.2891566265060241,0.05632865986122198,-0.022771804114752832,0.022481766301392307,168110,8195,-0.022771804114752832,overlapping,observed,paired
baseline_plus_historical_demand,5,4,other,correction,1715,0.5661807580174927,0.43381924198250726,1.8760045924225028,0.042936741885510166,-0.03386524782296956,0.013648183334227541,168110,8195,-0.03386524782296956,overlapping,observed,paired
baseline_plus_historical_demand,5,4,other,range_bound,2147,0.5812761993479273,0.41872380065207265,1.8962053571428572,0.033963131040805526,-0.029955686318105478,0.0011245122132775938,168110,8195,-0.029955686318105478,overlapping,observed,paired
baseline_plus_historical_demand,5,4,other,under_pressure,7518,0.49561053471668,0.5043894652833201,1.7054237288135594,0.03302917160345207,-0.0355566899805821,-0.00405094574091084,168110,8195,-0.0355566899805821,overlapping,observed,paired
baseline_plus_historical_demand,5,4,other,uptrend,16392,0.552464616886286,0.447535383113714,1.7329334475864038,0.03510061009001258,-0.02927091438795566,0.005575873038783864,168110,8195,-0.02927091438795566,overlapping,observed,paired
baseline_plus_historical_demand,5,4,semiconductor,acute_selloff,46,0.782608695652174,0.21739130434782608,0.9487179487179487,0.08730258141546561,-0.03518890014012357,0.05333966474067382,88937,4863,-0.03518890014012357,overlapping,observed,paired
baseline_plus_historical_demand,5,4,semiconductor,correction,754,0.5517241379310345,0.4482758620689655,1.6300813008130082,0.06133253565606606,-0.049343121376518355,0.02319836389934809,88937,4863,-0.049343121376518355,overlapping,observed,paired
baseline_plus_historical_demand,5,4,semiconductor,range_bound,952,0.47058823529411764,0.5294117647058824,1.6257928118393234,0.047146452185060264,-0.050779542390374965,-0.007506439524419756,88937,4863,-0.050779542390374965,overlapping,observed,paired
baseline_plus_historical_demand,5,4,semiconductor,under_pressure,3935,0.4411689961880559,0.5588310038119441,1.3884439359267735,0.039834209649521814,-0.05057819658260491,-0.012356535198112412,88937,4863,-0.05057819658260491,overlapping,observed,paired
baseline_plus_historical_demand,5,4,semiconductor,uptrend,8128,0.5129183070866141,0.4870816929133858,1.424001867849638,0.051197892230902646,-0.041585154312689714,0.0067682105170522935,88937,4863,-0.041585154312689714,overlapping,observed,paired
baseline_plus_historical_demand,5,4,software,acute_selloff,105,0.8,0.2,1.4078947368421053,0.07450264269647315,-0.025735777510430807,0.04250200592836038,152481,8862,-0.025735777510430807,overlapping,observed,paired
baseline_plus_historical_demand,5,4,software,correction,1725,0.6052173913043478,0.3947826086956522,1.7796780684104627,0.05276484208434433,-0.03720848716833983,0.021649671952171032,152481,8862,-0.03720848716833983,overlapping,observed,paired
baseline_plus_historical_demand,5,4,software,range_bound,2096,0.6025763358778626,0.3974236641221374,1.7476923076923077,0.0412110162316695,-0.03502932897643799,0.003051968123531508,152481,8862,-0.03502932897643799,overlapping,observed,paired
baseline_plus_historical_demand,5,4,software,under_pressure,7668,0.501434533124674,0.49856546687532605,1.5530694205393,0.041332222666574936,-0.041028315904265845,-0.0014114449556502635,152481,8862,-0.041028315904265845,overlapping,observed,paired
baseline_plus_historical_demand,5,4,software,uptrend,16146,0.5468227424749164,0.4531772575250836,1.5933236190223872,0.042854434829916264,-0.03500475542704113,0.005759669986462665,152481,8862,-0.03500475542704113,overlapping,observed,paired
baseline_plus_historical_demand,5,5,other,acute_selloff,171,0.7134502923976608,0.28654970760233917,1.0232558139534884,0.07735625055630878,-0.03727323308126309,0.050983351342896444,168110,8195,-0.03727323308126309,overlapping,observed,paired
baseline_plus_historical_demand,5,5,other,correction,2254,0.523070097604259,0.4769299023957409,1.5223628691983122,0.043644349017372165,-0.04965808007017697,-0.001987226157467925,168110,8195,-0.04965808007017697,overlapping,observed,paired
baseline_plus_historical_demand,5,5,other,range_bound,1127,0.6255545696539485,0.3744454303460515,1.5849673202614378,0.04869295535959951,-0.02922983313321314,0.017856931012445065,168110,8195,-0.02922983313321314,overlapping,observed,paired
baseline_plus_historical_demand,5,5,other,under_pressure,7766,0.5466134432140097,0.4533865567859902,1.4756221432199086,0.0448299437442852,-0.03638363885035302,0.007197739346128752,168110,8195,-0.03638363885035302,overlapping,observed,paired
baseline_plus_historical_demand,5,5,other,uptrend,15759,0.5118979630687226,0.48810203693127735,1.7128593040847202,0.036454926347643656,-0.035217187442065215,0.001455942777102667,168110,8195,-0.035217187442065215,overlapping,observed,paired
baseline_plus_historical_demand,5,5,semiconductor,acute_selloff,66,0.6212121212121212,0.3787878787878788,0.7962962962962963,0.10678641988786372,-0.05316343892443918,0.0385402812646713,88937,4863,-0.05316343892443918,overlapping,observed,paired
baseline_plus_historical_demand,5,5,semiconductor,correction,978,0.47443762781186094,0.5255623721881391,1.2620904836193447,0.06489062350758822,-0.07774791326828666,-0.007373269879137293,88937,4863,-0.07774791326828666,overlapping,observed,paired
baseline_plus_historical_demand,5,5,semiconductor,range_bound,560,0.7607142857142857,0.2392857142857143,1.3333333333333333,0.09739622526474453,-0.03721042423929637,0.0599103317441144,88937,4863,-0.03721042423929637,overlapping,observed,paired
baseline_plus_historical_demand,5,5,semiconductor,under_pressure,3633,0.5238095238095238,0.47619047619047616,1.1982683982683984,0.0777750260638544,-0.0570801450965409,0.01873108481345594,88937,4863,-0.0570801450965409,overlapping,observed,paired
baseline_plus_historical_demand,5,5,semiconductor,uptrend,7000,0.48214285714285715,0.5178571428571429,1.412827691524561,0.06696486951768324,-0.053098297336245326,0.010325834334328219,88937,4863,-0.053098297336245326,overlapping,observed,paired
baseline_plus_historical_demand,5,5,software,acute_selloff,155,0.7612903225806451,0.23870967741935484,0.7727272727272727,0.09697970215515646,-0.03861281243358527,0.05889263610768846,152481,8862,-0.03861281243358527,overlapping,observed,paired
baseline_plus_historical_demand,5,5,software,correction,2199,0.4906775807185084,0.5093224192814916,1.4456958970233307,0.05173847590858026,-0.05925347191762029,-0.0011253806889886604,152481,8862,-0.05925347191762029,overlapping,observed,paired
baseline_plus_historical_demand,5,5,software,range_bound,1104,0.7246376811594203,0.2753623188405797,1.3594594594594596,0.07271457002547192,-0.029619363054423718,0.03807760250660625,152481,8862,-0.029619363054423718,overlapping,observed,paired
baseline_plus_historical_demand,5,5,software,under_pressure,7131,0.5083438507923153,0.49165614920768475,1.3580080753701211,0.05466280276226246,-0.04787677032323794,0.004836876169249637,152481,8862,-0.04787677032323794,overlapping,observed,paired
baseline_plus_historical_demand,5,5,software,uptrend,15664,0.46622829417773237,0.5337717058222676,1.5267543859649122,0.046385765930271196,-0.04705842787292705,-0.0018783979742758691,152481,8862,-0.04705842787292705,overlapping,observed,paired
baseline_plus_historical_demand,10,1,other,acute_selloff,420,0.5095238095238095,0.49047619047619045,2.0309597523219813,0.08420516703373891,-0.04398876314309087,0.03442152827675724,168110,8195,-0.04398876314309087,overlapping,observed,paired
baseline_plus_historical_demand,10,1,other,correction,4330,0.4556581986143187,0.5443418013856813,2.8429161969184515,0.05489529276829148,-0.051284470492667454,0.0037640444358514403,168110,8195,-0.051284470492667454,overlapping,observed,paired
baseline_plus_historical_demand,10,1,other,range_bound,2978,0.5476830087306918,0.45231699126930824,3.1944298476090385,0.05277599759199146,-0.033193581684687015,0.017454672906749732,168110,8195,-0.033193581684687015,overlapping,observed,paired
baseline_plus_historical_demand,10,1,other,under_pressure,6211,0.4020286588311061,0.5979713411688939,3.160229330114665,0.043953647218060075,-0.046846705416286334,-0.0008432405741683985,168110,8195,-0.046846705416286334,overlapping,observed,paired
baseline_plus_historical_demand,10,1,other,uptrend,12048,0.39965139442231074,0.6003486055776892,3.407539811504712,0.03903317273167055,-0.045723260235857745,-0.004636645514227982,168110,8195,-0.045723260235857745,overlapping,observed,paired
baseline_plus_historical_demand,10,1,semiconductor,acute_selloff,207,0.4396135265700483,0.5603864734299517,1.6179775280898876,0.10079592863783657,-0.06049616791490297,0.02621181533037488,88937,4863,-0.06049616791490297,overlapping,observed,paired
baseline_plus_historical_demand,10,1,semiconductor,correction,2012,0.36381709741550694,0.6361829025844931,2.574048913043478,0.07493094113142401,-0.06519819122927338,0.009706561839268043,88937,4863,-0.06519819122927338,overlapping,observed,paired
baseline_plus_historical_demand,10,1,semiconductor,range_bound,1433,0.5966503838101884,0.4033496161898116,2.413469735720375,0.08608877298358647,-0.03725244500163744,0.04054176279159017,88937,4863,-0.03725244500163744,overlapping,observed,paired
baseline_plus_historical_demand,10,1,semiconductor,under_pressure,2812,0.3413940256045519,0.6586059743954481,2.70973348783314,0.06200119612030447,-0.0633450940180969,0.002091854287391204,88937,4863,-0.0633450940180969,overlapping,observed,paired
baseline_plus_historical_demand,10,1,semiconductor,uptrend,5822,0.3715218138096874,0.6284781861903126,2.865498812351544,0.05553788301648587,-0.06079570375862867,-0.005748323160795884,88937,4863,-0.06079570375862867,overlapping,observed,paired
baseline_plus_historical_demand,10,1,software,acute_selloff,280,0.5785714285714286,0.42142857142857143,1.3133047210300428,0.11135776510250198,-0.052273332995748545,0.06014265968840325,152481,8862,-0.052273332995748545,overlapping,observed,paired
baseline_plus_historical_demand,10,1,software,correction,3054,0.43254747871643745,0.5674525212835625,2.778564683663834,0.07231582124901893,-0.06394255849735425,0.015088829134959866,152481,8862,-0.06394255849735425,overlapping,observed,paired
baseline_plus_historical_demand,10,1,software,range_bound,2162,0.5504162812210915,0.4495837187789084,3.0289256198347108,0.07481849519754916,-0.044390449987388864,0.02954591771299948,152481,8862,-0.044390449987388864,overlapping,observed,paired
baseline_plus_historical_demand,10,1,software,under_pressure,4479,0.4320160750167448,0.5679839249832552,2.885359620299379,0.059345190856028025,-0.05543336121193405,0.006048299404051766,152481,8862,-0.05543336121193405,overlapping,observed,paired
baseline_plus_historical_demand,10,1,software,uptrend,8805,0.4447473026689381,0.5552526973310619,3.2982937830947243,0.06485583584792574,-0.052100160370290055,0.009641215717120219,152481,8862,-0.052100160370290055,overlapping,observed,paired
baseline_plus_historical_demand,10,2,other,acute_selloff,599,0.2570951585976628,0.7429048414023373,1.904040404040404,0.0978913722880201,-0.14455065248629398,-0.04397729980015946,168110,8195,-0.14455065248629398,overlapping,observed,paired
baseline_plus_historical_demand,10,2,other,correction,1848,0.5091991341991342,0.4908008658008658,2.3399412628487517,0.08886760153618141,-0.07252312172824163,0.01649026565506145,168110,8195,-0.07252312172824163,overlapping,observed,paired
baseline_plus_historical_demand,10,2,other,range_bound,935,0.5839572192513369,0.4160427807486631,2.8323442136498516,0.08682233228407135,-0.04164635556476009,0.03075415011808372,168110,8195,-0.04164635556476009,overlapping,observed,paired
baseline_plus_historical_demand,10,2,other,under_pressure,4092,0.4731182795698925,0.5268817204301075,3.0769822940723635,0.06170342743083616,-0.04636760452324233,0.018362423273317392,168110,8195,-0.04636760452324233,overlapping,observed,paired
baseline_plus_historical_demand,10,2,other,uptrend,16054,0.44001494954528464,0.5599850504547154,3.0422750944552233,0.062148241827489924,-0.04992846274442694,0.01101443879168704,168110,8195,-0.04992846274442694,overlapping,observed,paired
baseline_plus_historical_demand,10,2,semiconductor,acute_selloff,347,0.3804034582132565,0.6195965417867435,1.661596958174905,0.1083146426827557,-0.11229994833120541,-0.0027250848844694014,88937,4863,-0.11229994833120541,overlapping,observed,paired
baseline_plus_historical_demand,10,2,semiconductor,correction,1037,0.5660559305689489,0.4339440694310511,2.288551401869159,0.1033005457288962,-0.06570589691894468,0.040996192558249565,88937,4863,-0.06570589691894468,overlapping,observed,paired
baseline_plus_historical_demand,10,2,semiconductor,range_bound,519,0.5472061657032755,0.4527938342967245,2.3959899749373434,0.10117299961361007,-0.045004900292339944,0.04071683244130812,88937,4863,-0.045004900292339944,overlapping,observed,paired
baseline_plus_historical_demand,10,2,semiconductor,under_pressure,2053,0.4749147588894301,0.5250852411105699,2.4172757475083055,0.07792097091409257,-0.052523046484768084,0.03144618195647751,88937,4863,-0.052523046484768084,overlapping,observed,paired
baseline_plus_historical_demand,10,2,semiconductor,uptrend,8154,0.4216335540838852,0.5783664459161147,2.707846715328467,0.07493188879566612,-0.05835105292101029,0.014474697838625584,88937,4863,-0.05835105292101029,overlapping,observed,paired
baseline_plus_historical_demand,10,2,software,acute_selloff,630,0.33015873015873015,0.6698412698412698,1.8986784140969164,0.11327952056968313,-0.12024190685083642,0.0011769937990055712,152481,8862,-0.12024190685083642,overlapping,observed,paired
baseline_plus_historical_demand,10,2,software,correction,1743,0.570281124497992,0.42971887550200805,2.178131788559015,0.09237976289331548,-0.06843325775621495,0.02588026627291577,152481,8862,-0.06843325775621495,overlapping,observed,paired
baseline_plus_historical_demand,10,2,software,range_bound,867,0.6424452133794695,0.3575547866205306,2.4048991354466858,0.09949529474562815,-0.03669872508358758,0.0492909529566998,152481,8862,-0.03669872508358758,overlapping,observed,paired
baseline_plus_historical_demand,10,2,software,under_pressure,3488,0.432052752293578,0.567947247706422,2.8814144027598103,0.07062074926520169,-0.05646456501297034,0.01699789481771158,152481,8862,-0.05646456501297034,overlapping,observed,paired
baseline_plus_historical_demand,10,2,software,uptrend,13535,0.44181751015884746,0.5581824898411526,2.964652738565782,0.07182062344495369,-0.054934829933240795,0.015283996619039184,152481,8862,-0.054934829933240795,overlapping,observed,paired
baseline_plus_historical_demand,10,3,other,acute_selloff,1182,0.39086294416243655,0.6091370558375635,2.401111111111111,0.07326469914579481,-0.060494556267848665,0.012782958122595656,168110,8195,-0.060494556267848665,overlapping,observed,paired
baseline_plus_historical_demand,10,3,other,correction,8637,0.3795299293736251,0.6204700706263749,2.6851689721589915,0.0645411068330066,-0.06269518197513027,0.004907578303572544,168110,8195,-0.06269518197513027,overlapping,observed,paired
baseline_plus_historical_demand,10,3,other,range_bound,4864,0.4231085526315789,0.576891447368421,2.6779882429784454,0.06022376646137591,-0.04869550860902618,0.007243907063982245,168110,8195,-0.04869550860902618,overlapping,observed,paired
baseline_plus_historical_demand,10,3,other,under_pressure,3185,0.4031397174254317,0.5968602825745682,2.843621399176955,0.051185499440076214,-0.0537907213450999,-0.001731798652711316,168110,8195,-0.0537907213450999,overlapping,observed,paired
baseline_plus_historical_demand,10,3,other,uptrend,7299,0.34662282504452663,0.6533771749554733,3.1372017353579174,0.04216329475282633,-0.052026157464581245,-0.007176734583346995,168110,8195,-0.052026157464581245,overlapping,observed,paired
baseline_plus_historical_demand,10,3,semiconductor,acute_selloff,576,0.34375,0.65625,2.181614349775785,0.08256137891446601,-0.07052593542754707,0.012970362597420826,88937,4863,-0.07052593542754707,overlapping,observed,paired
baseline_plus_historical_demand,10,3,semiconductor,correction,4344,0.31629834254143646,0.6837016574585635,2.255031342791158,0.08346314200022129,-0.07679672088615361,0.008469405366997652,88937,4863,-0.07679672088615361,overlapping,observed,paired
baseline_plus_historical_demand,10,3,semiconductor,range_bound,2441,0.35190495698484225,0.6480950430151577,1.9347695990424896,0.07788501668937665,-0.0687565459973831,-0.0007818556767235029,88937,4863,-0.0687565459973831,overlapping,observed,paired
baseline_plus_historical_demand,10,3,semiconductor,under_pressure,1693,0.3408151210868281,0.6591848789131719,2.0346766635426428,0.0650697774477404,-0.07201011624605198,-0.011897278132274765,88937,4863,-0.07201011624605198,overlapping,observed,paired
baseline_plus_historical_demand,10,3,semiconductor,uptrend,3767,0.329439872577648,0.670560127422352,2.7509174311926605,0.060006048249358845,-0.05943532870362927,0.0008868218881750502,88937,4863,-0.05943532870362927,overlapping,observed,paired
baseline_plus_historical_demand,10,3,software,acute_selloff,1046,0.375717017208413,0.624282982791587,1.8685162846803378,0.10379873592493977,-0.0888718572605223,0.008079438000451845,152481,8862,-0.0888718572605223,overlapping,observed,paired
baseline_plus_historical_demand,10,3,software,correction,8005,0.3098063710181137,0.6901936289818863,2.3847830034501545,0.07949280748065789,-0.08717222903518959,-0.004934339135858794,152481,8862,-0.08717222903518959,overlapping,observed,paired
baseline_plus_historical_demand,10,3,software,range_bound,4648,0.3855421686746988,0.6144578313253012,2.2006389776357826,0.08313369189717969,-0.06722477124333331,0.003476091434078702,152481,8862,-0.06722477124333331,overlapping,observed,paired
baseline_plus_historical_demand,10,3,software,under_pressure,3077,0.379265518362041,0.6207344816379591,2.3083969465648857,0.06426322303798386,-0.0682073225454947,-0.00726283880800769,152481,8862,-0.0682073225454947,overlapping,observed,paired
baseline_plus_historical_demand,10,3,software,uptrend,6988,0.3686319404693761,0.6313680595306239,2.88395532552438,0.05635359180634115,-0.05926176086206408,-0.005847230420590784,152481,8862,-0.05926176086206408,overlapping,observed,paired
baseline_plus_historical_demand,10,4,other,acute_selloff,113,0.8230088495575221,0.17699115044247787,2.5428571428571427,0.0868632251421045,-0.024135331865353948,0.06548247943108959,168110,8195,-0.024135331865353948,overlapping,observed,paired
baseline_plus_historical_demand,10,4,other,correction,1715,0.4956268221574344,0.5043731778425656,3.299756295694557,0.06631089697046247,-0.041979050930776085,0.028463417605010265,168110,8195,-0.041979050930776085,overlapping,observed,paired
baseline_plus_historical_demand,10,4,other,range_bound,2147,0.4312994876571961,0.5687005123428039,3.1268781302170283,0.04804016255795326,-0.04512804150314725,0.001978175200537249,168110,8195,-0.04512804150314725,overlapping,observed,paired
baseline_plus_historical_demand,10,4,other,under_pressure,7518,0.3544825751529662,0.6455174248470338,3.074237954768928,0.04813593738991707,-0.053977956245555035,-0.007470797702632065,168110,8195,-0.053977956245555035,overlapping,observed,paired
baseline_plus_historical_demand,10,4,other,uptrend,16392,0.4435090287945339,0.5564909712054661,3.1411500357471147,0.054590618380764296,-0.040643563592333114,0.012795170565662132,168110,8195,-0.040643563592333114,overlapping,observed,paired
baseline_plus_historical_demand,10,4,semiconductor,acute_selloff,46,0.7608695652173914,0.2391304347826087,1.6590909090909092,0.1639599018465015,-0.03536673635835554,0.14330470310595728,88937,4863,-0.03536673635835554,overlapping,observed,paired
baseline_plus_historical_demand,10,4,semiconductor,correction,754,0.47745358090185674,0.5225464190981433,2.6262295081967215,0.09524902590905074,-0.06304657503938396,0.03575305549223534,88937,4863,-0.06304657503938396,overlapping,observed,paired
baseline_plus_historical_demand,10,4,semiconductor,range_bound,952,0.3581932773109244,0.6418067226890757,2.5661016949152544,0.0742249122362881,-0.06948810288588599,0.005455470583431459,88937,4863,-0.06948810288588599,overlapping,observed,paired
baseline_plus_historical_demand,10,4,semiconductor,under_pressure,3935,0.3181702668360864,0.6818297331639136,2.5830748781568453,0.0582550743442052,-0.07799983926843236,-0.019598161973153068,88937,4863,-0.07799983926843236,overlapping,observed,paired
baseline_plus_historical_demand,10,4,semiconductor,uptrend,8128,0.39763779527559057,0.6023622047244095,2.538192527148905,0.07941210830017417,-0.05905486848653786,0.012381311510224185,88937,4863,-0.05905486848653786,overlapping,observed,paired
baseline_plus_historical_demand,10,4,software,acute_selloff,105,0.8,0.2,2.6,0.12400662898085928,-0.026210553782719928,0.10756297793384914,152481,8862,-0.026210553782719928,overlapping,observed,paired
baseline_plus_historical_demand,10,4,software,correction,1725,0.5327536231884058,0.4672463768115942,3.0015015015015014,0.08584589589129363,-0.04547374451403291,0.04660991865514625,152481,8862,-0.04547374451403291,overlapping,observed,paired
baseline_plus_historical_demand,10,4,software,range_bound,2096,0.46326335877862596,0.5367366412213741,2.8718354430379747,0.06103402760155279,-0.04941608003706647,0.009208399769587336,152481,8862,-0.04941608003706647,overlapping,observed,paired
baseline_plus_historical_demand,10,4,software,under_pressure,7668,0.3776734480959833,0.6223265519040166,2.7603666521169794,0.060317675943533516,-0.0613968563238949,-0.0023612175780019762,152481,8862,-0.0613968563238949,overlapping,observed,paired
baseline_plus_historical_demand,10,4,software,uptrend,16146,0.43063297411123497,0.569367025888765,2.944422814872494,0.06759775656469158,-0.0488496250959211,0.014682942140545212,152481,8862,-0.0488496250959211,overlapping,observed,paired
baseline_plus_historical_demand,10,5,other,acute_selloff,171,0.6257309941520468,0.3742690058479532,1.7682119205298013,0.0984209538978461,-0.04757954704595151,0.04857017803584634,168110,8195,-0.04757954704595151,overlapping,observed,paired
baseline_plus_historical_demand,10,5,other,correction,2254,0.4108251996450754,0.5891748003549245,2.6398416886543536,0.0668041286608649,-0.07222219802618014,0.007241361077187712,168110,8195,-0.07222219802618014,overlapping,observed,paired
baseline_plus_historical_demand,10,5,other,range_bound,1061,0.5004712535344015,0.49952874646559847,2.5448275862068965,0.0691583788654938,-0.040194822668617826,0.019653459568231654,168110,8195,-0.040194822668617826,overlapping,observed,paired
baseline_plus_historical_demand,10,5,other,under_pressure,7499,0.42632350980130684,0.5736764901986932,2.559693771984275,0.06402464981977588,-0.05202194887876325,0.008056612503939343,168110,8195,-0.05202194887876325,overlapping,observed,paired
baseline_plus_historical_demand,10,5,other,uptrend,15759,0.38853988197220635,0.6114601180277937,3.0806345733041574,0.057690927467093894,-0.04959630211469718,0.007866079267386618,168110,8195,-0.04959630211469718,overlapping,observed,paired
baseline_plus_historical_demand,10,5,semiconductor,acute_selloff,66,0.36363636363636365,0.6363636363636364,0.9272727272727272,0.11198992969790258,-0.09124269698786343,-0.005492417210259065,88937,4863,-0.09124269698786343,overlapping,observed,paired
baseline_plus_historical_demand,10,5,semiconductor,correction,978,0.37116564417177916,0.6288343558282209,1.8535564853556485,0.1082546968049759,-0.11758459824497691,0.012676153351539893,88937,4863,-0.11758459824497691,overlapping,observed,paired
baseline_plus_historical_demand,10,5,semiconductor,range_bound,536,0.7574626865671642,0.24253731343283583,1.8739669421487604,0.17592517864410576,-0.03880722411317091,0.10598749309943321,88937,4863,-0.03880722411317091,overlapping,observed,paired
baseline_plus_historical_demand,10,5,semiconductor,under_pressure,3520,0.3957386363636364,0.6042613636363636,1.9444015444015443,0.11484795930646105,-0.07943343325760079,0.025291805468362797,88937,4863,-0.07943343325760079,overlapping,observed,paired
baseline_plus_historical_demand,10,5,semiconductor,uptrend,7000,0.36457142857142855,0.6354285714285715,2.5005045408678104,0.10936883982590187,-0.07212164939223004,0.02955966717173987,88937,4863,-0.07212164939223004,overlapping,observed,paired
baseline_plus_historical_demand,10,5,software,acute_selloff,155,0.6645161290322581,0.33548387096774196,1.0571428571428572,0.10822952134378683,-0.05167752788639065,0.038360498504770364,152481,8862,-0.05167752788639065,overlapping,observed,paired
baseline_plus_historical_demand,10,5,software,correction,2199,0.3792633015006821,0.6207366984993179,2.446822308690013,0.08101833438917862,-0.08387562183638576,0.014182135940297427,152481,8862,-0.08387562183638576,overlapping,observed,paired
baseline_plus_historical_demand,10,5,software,range_bound,1045,0.6047846889952153,0.3952153110047847,1.8615960099750624,0.10124414882201856,-0.04207978599914202,0.036834354071199796,152481,8862,-0.04207978599914202,overlapping,observed,paired
baseline_plus_historical_demand,10,5,software,under_pressure,6894,0.3962866260516391,0.6037133739483609,2.327496020013646,0.07876854441290307,-0.06875450777441243,0.0051394510478151405,152481,8862,-0.06875450777441243,overlapping,observed,paired
baseline_plus_historical_demand,10,5,software,uptrend,15664,0.3387385086823289,0.6612614913176711,2.7162435407773535,0.07168024706671973,-0.06754119069316752,9.174152195570368e-05,152481,8862,-0.06754119069316752,overlapping,observed,paired
baseline_plus_historical_demand,20,1,other,acute_selloff,420,0.4119047619047619,0.5880952380952381,3.409340659340659,0.11340060659128295,-0.054809693386564405,0.055489363792986565,168110,8195,-0.054809693386564405,overlapping,observed,paired
baseline_plus_historical_demand,20,1,other,correction,4330,0.33117782909930715,0.6688221709006928,4.6587648159700565,0.078817967267832,-0.07316475131243738,0.007856036811703916,168110,8195,-0.07316475131243738,overlapping,observed,paired
baseline_plus_historical_demand,20,1,other,range_bound,2978,0.4375419744795164,0.5624580255204835,4.9691170073945194,0.0749689620786587,-0.04745252064203076,0.023753628713573397,168110,8195,-0.04745252064203076,overlapping,observed,paired
baseline_plus_historical_demand,20,1,other,under_pressure,6211,0.29592658187087423,0.7040734181291257,5.504802061372687,0.06454082397425634,-0.06388811075019994,0.0033441085148890183,168110,8195,-0.06388811075019994,overlapping,observed,paired
baseline_plus_historical_demand,20,1,other,uptrend,12048,0.27382138114209825,0.7261786188579017,5.52457539886773,0.05596802503302261,-0.06922859269092012,-0.01132645670886594,168110,8195,-0.06922859269092012,overlapping,observed,paired
baseline_plus_historical_demand,20,1,semiconductor,acute_selloff,207,0.37681159420289856,0.6231884057971014,2.405263157894737,0.14877979072273978,-0.07801424954650259,0.06787763897445752,88937,4863,-0.07801424954650259,overlapping,observed,paired
baseline_plus_historical_demand,20,1,semiconductor,correction,2012,0.27485089463220674,0.7251491053677932,4.084905660377358,0.11213393307128802,-0.08691914262794782,0.02791227199572636,88937,4863,-0.08691914262794782,overlapping,observed,paired
baseline_plus_historical_demand,20,1,semiconductor,range_bound,1433,0.49685973482205165,0.5031402651779484,3.1669303797468356,0.12491832803967834,-0.05093741663521436,0.06367391257004998,88937,4863,-0.05093741663521436,overlapping,observed,paired
baseline_plus_historical_demand,20,1,semiconductor,under_pressure,2812,0.25,0.75,4.804490177736202,0.09639700852947046,-0.08529556839218164,0.010658934684608538,88937,4863,-0.08529556839218164,overlapping,observed,paired
baseline_plus_historical_demand,20,1,semiconductor,uptrend,5822,0.23565784953624183,0.7643421504637582,4.520482533299824,0.08089531195633114,-0.09314938536602226,-0.016029500041110187,88937,4863,-0.09314938536602226,overlapping,observed,paired
baseline_plus_historical_demand,20,1,software,acute_selloff,280,0.5107142857142857,0.48928571428571427,2.494208494208494,0.15781084685225297,-0.06363706973298473,0.10118126560091147,152481,8862,-0.06363706973298473,overlapping,observed,paired
baseline_plus_historical_demand,20,1,software,correction,3054,0.320890635232482,0.679109364767518,4.244318181818182,0.10855374492788745,-0.08571902236713236,0.024823530478072894,152481,8862,-0.08571902236713236,overlapping,observed,paired
baseline_plus_historical_demand,20,1,software,range_bound,2162,0.47317298797409807,0.526827012025902,4.595406360424028,0.10515782102658101,-0.05770775688057937,0.04046952775716404,152481,8862,-0.05770775688057937,overlapping,observed,paired
baseline_plus_historical_demand,20,1,software,under_pressure,4479,0.3201607501674481,0.679839249832552,4.84026323661382,0.09091496348355574,-0.07612110890732006,0.015446722108187793,152481,8862,-0.07612110890732006,overlapping,observed,paired
baseline_plus_historical_demand,20,1,software,uptrend,8805,0.3048268029528677,0.6951731970471323,5.249009351719765,0.10613905209042138,-0.07587376790393735,0.021890217156714034,152481,8862,-0.07587376790393735,overlapping,observed,paired
baseline_plus_historical_demand,20,2,other,acute_selloff,599,0.22203672787979967,0.7779632721202003,3.423162583518931,0.13548856974970275,-0.19091199147638913,-0.000322786407120516,168110,8195,-0.19091199147638913,overlapping,observed,paired
baseline_plus_historical_demand,20,2,other,correction,1848,0.43722943722943725,0.5627705627705628,3.7536600891152134,0.12844638042183437,-0.0847213960622115,0.04767119331692948,168110,8195,-0.0847213960622115,overlapping,observed,paired
baseline_plus_historical_demand,20,2,other,range_bound,935,0.46951871657754013,0.5304812834224599,4.375318066157761,0.1184742287656253,-0.06123615844150089,0.05079836241311182,168110,8195,-0.06123615844150089,overlapping,observed,paired
baseline_plus_historical_demand,20,2,other,under_pressure,4092,0.3729227761485826,0.6270772238514174,4.985822306238186,0.09266988871550445,-0.061690702305683444,0.02814710754524051,168110,8195,-0.061690702305683444,overlapping,observed,paired
baseline_plus_historical_demand,20,2,other,uptrend,16054,0.3423445870188115,0.6576554129811885,5.092581896196056,0.10602972955299166,-0.07508821146499858,0.020647375088664342,168110,8195,-0.07508821146499858,overlapping,observed,paired
baseline_plus_historical_demand,20,2,semiconductor,acute_selloff,347,0.3659942363112392,0.6340057636887608,2.796551724137931,0.17324208971577287,-0.15446083357198465,0.07751099207182897,88937,4863,-0.15446083357198465,overlapping,observed,paired
baseline_plus_historical_demand,20,2,semiconductor,correction,1037,0.5226615236258437,0.4773384763741562,3.0950323974082075,0.16462242847394223,-0.07221384143498735,0.098143176728592,88937,4863,-0.07221384143498735,overlapping,observed,paired
baseline_plus_historical_demand,20,2,semiconductor,range_bound,519,0.42196531791907516,0.5780346820809249,3.252314814814815,0.13487908275716412,-0.06452436816456365,0.04398980895699513,88937,4863,-0.06452436816456365,overlapping,observed,paired
baseline_plus_historical_demand,20,2,semiconductor,under_pressure,2053,0.3960058451047248,0.6039941548952752,3.7665890570430736,0.12494182736839417,-0.06410763031947728,0.057925382814158294,88937,4863,-0.06410763031947728,overlapping,observed,paired
baseline_plus_historical_demand,20,2,semiconductor,uptrend,8154,0.33603139563404466,0.6639686043659554,4.4817484662576685,0.1168457415883209,-0.0840438692202961,0.025108691119373975,88937,4863,-0.0840438692202961,overlapping,observed,paired
baseline_plus_historical_demand,20,2,software,acute_selloff,630,0.30634920634920637,0.6936507936507936,3.364864864864865,0.16670544268597387,-0.1596665898278872,0.055876354996026584,152481,8862,-0.1596665898278872,overlapping,observed,paired
baseline_plus_historical_demand,20,2,software,correction,1743,0.5146299483648882,0.4853700516351119,3.455426356589147,0.14903195377693595,-0.07831270766984715,0.07863011578984586,152481,8862,-0.07831270766984715,overlapping,observed,paired
baseline_plus_historical_demand,20,2,software,range_bound,867,0.5017301038062284,0.4982698961937716,3.6878980891719744,0.173082973275757,-0.05368935478274846,0.10035785672393646,152481,8862,-0.05368935478274846,overlapping,observed,paired
baseline_plus_historical_demand,20,2,software,under_pressure,3488,0.3526376146788991,0.6473623853211009,4.674560459275206,0.11455004062551968,-0.06943677860370541,0.039834329220402434,152481,8862,-0.06943677860370541,overlapping,observed,paired
baseline_plus_historical_demand,20,2,software,uptrend,13535,0.34133727373476175,0.6586627262652383,4.677397973676735,0.1131982622191353,-0.07971920162623816,0.024673527639297487,152481,8862,-0.07971920162623816,overlapping,observed,paired
baseline_plus_historical_demand,20,3,other,acute_selloff,1182,0.2673434856175973,0.7326565143824028,3.522432701894317,0.09951762168789925,-0.0847078393884874,0.006153344580283185,168110,8195,-0.0847078393884874,overlapping,observed,paired
baseline_plus_historical_demand,20,3,other,correction,8637,0.2845895565589904,0.7154104434410096,4.18811432027824,0.09723784491371357,-0.0858046006162544,0.01870813484258986,168110,8195,-0.0858046006162544,overlapping,observed,paired
baseline_plus_historical_demand,20,3,other,range_bound,4864,0.29399671052631576,0.7060032894736842,3.9327561327561327,0.07826746344863433,-0.07331145958744992,-0.0077470999249689395,168110,8195,-0.07331145958744992,overlapping,observed,paired
baseline_plus_historical_demand,20,3,other,under_pressure,3185,0.31365777080062796,0.686342229199372,5.024096385542169,0.08182335739335633,-0.07270233635645765,0.012030440892708145,168110,8195,-0.07270233635645765,overlapping,observed,paired
baseline_plus_historical_demand,20,3,other,uptrend,7299,0.23249760241128922,0.7675023975887107,5.323465859982714,0.05995931433020727,-0.07660002617734166,-0.012974397523732055,168110,8195,-0.07660002617734166,overlapping,observed,paired
baseline_plus_historical_demand,20,3,semiconductor,acute_selloff,576,0.2326388888888889,0.7673611111111112,2.893528183716075,0.11345977917359769,-0.09742640667843623,0.012181081308002615,88937,4863,-0.09742640667843623,overlapping,observed,paired
baseline_plus_historical_demand,20,3,semiconductor,correction,4344,0.2274401473296501,0.7725598526703499,3.6387921022067364,0.12779341733229554,-0.10700018655935645,0.023500385322125606,88937,4863,-0.10700018655935645,overlapping,observed,paired
baseline_plus_historical_demand,20,3,semiconductor,range_bound,2441,0.2466202376075379,0.7533797623924621,2.8020078081427773,0.10033629758343436,-0.10094428018912634,-0.020903529082990813,88937,4863,-0.10094428018912634,overlapping,observed,paired
baseline_plus_historical_demand,20,3,semiconductor,under_pressure,1693,0.2663910218546958,0.7336089781453042,3.7288,0.10978351607930054,-0.09716043019927843,0.013178150708249656,88937,4863,-0.09716043019927843,overlapping,observed,paired
baseline_plus_historical_demand,20,3,semiconductor,uptrend,3767,0.21874170427395806,0.781258295726042,4.557077625570776,0.08809719328964878,-0.08444144200291978,-0.001310626630070379,88937,4863,-0.08444144200291978,overlapping,observed,paired
baseline_plus_historical_demand,20,3,software,acute_selloff,1046,0.248565965583174,0.751434034416826,2.518140589569161,0.1366666924741168,-0.12553888925620535,-0.015193869420358688,152481,8862,-0.12553888925620535,overlapping,observed,paired
baseline_plus_historical_demand,20,3,software,correction,8005,0.22948157401623984,0.7705184259837602,3.619377720457843,0.11520350239289678,-0.11964500070467816,0.003092951938125705,152481,8862,-0.11964500070467816,overlapping,observed,paired
baseline_plus_historical_demand,20,3,software,range_bound,4648,0.24182444061962136,0.7581755593803786,3.0527867885579476,0.11068259020924276,-0.10277132821108005,-0.025724928455146002,152481,8862,-0.10277132821108005,overlapping,observed,paired
baseline_plus_historical_demand,20,3,software,under_pressure,3077,0.2866428339291518,0.7133571660708482,4.0994832041343665,0.10373410904327607,-0.09399198688055524,0.005653065284392776,152481,8862,-0.09399198688055524,overlapping,observed,paired
baseline_plus_historical_demand,20,3,software,uptrend,6988,0.26116199198626217,0.7388380080137379,4.691556967771221,0.0790786914867822,-0.0903081684789512,-0.016921784165556963,152481,8862,-0.0903081684789512,overlapping,observed,paired
baseline_plus_historical_demand,20,4,other,acute_selloff,113,0.7964601769911505,0.20353982300884957,3.081818181818182,0.12796095441855562,-0.028317930229897547,0.058032760894595234,168110,8195,-0.028317930229897547,overlapping,observed,paired
baseline_plus_historical_demand,20,4,other,correction,1715,0.4099125364431487,0.5900874635568513,4.446428571428571,0.09510528059648923,-0.05395558745053062,0.03191534897835242,168110,8195,-0.05395558745053062,overlapping,observed,paired
baseline_plus_historical_demand,20,4,other,range_bound,2147,0.32137866790870984,0.6786213320912902,5.126616746085773,0.07256618505450439,-0.06366781738078159,0.013147661471414353,168110,8195,-0.06366781738078159,overlapping,observed,paired
baseline_plus_historical_demand,20,4,other,under_pressure,7518,0.25884543761638734,0.7411545623836127,5.145779543197617,0.07303881865063411,-0.07363073940890011,0.003936047820295546,168110,8195,-0.07363073940890011,overlapping,observed,paired
baseline_plus_historical_demand,20,4,other,uptrend,16392,0.3399829184968277,0.6600170815031723,5.202712700369914,0.08628331803862989,-0.057747820275462734,0.02417305182276931,168110,8195,-0.057747820275462734,overlapping,observed,paired
baseline_plus_historical_demand,20,4,semiconductor,acute_selloff,46,0.7391304347826086,0.2608695652173913,2.108695652173913,0.2142968102332534,-0.04022223942847471,0.061546042106201244,88937,4863,-0.04022223942847471,overlapping,observed,paired
baseline_plus_historical_demand,20,4,semiconductor,correction,754,0.3302387267904509,0.669761273209549,3.3251533742331287,0.13803463312718123,-0.08873399814872439,0.025971422502524242,88937,4863,-0.08873399814872439,overlapping,observed,paired
baseline_plus_historical_demand,20,4,semiconductor,range_bound,952,0.3004201680672269,0.6995798319327731,4.195266272189349,0.10493975292634652,-0.08409373690738656,0.02788475376124683,88937,4863,-0.08409373690738656,overlapping,observed,paired
baseline_plus_historical_demand,20,4,semiconductor,under_pressure,3935,0.22058449809402794,0.7794155019059721,4.5292386906951085,0.08662041922941413,-0.1068902242045675,-0.009932543725529652,88937,4863,-0.1068902242045675,overlapping,observed,paired
baseline_plus_historical_demand,20,4,semiconductor,uptrend,8128,0.28038877952755903,0.719611220472441,4.041309183349221,0.12139915448260923,-0.08947309121406746,0.01643534431861354,88937,4863,-0.08947309121406746,overlapping,observed,paired
baseline_plus_historical_demand,20,4,software,acute_selloff,105,0.7714285714285715,0.22857142857142856,3.048076923076923,0.17032571471427024,-0.032772857312563936,0.08238549360223021,152481,8862,-0.032772857312563936,overlapping,observed,paired
baseline_plus_historical_demand,20,4,software,correction,1725,0.4255072463768116,0.5744927536231884,4.1662234042553195,0.12445839690517987,-0.05810377872799988,0.052424345889210765,152481,8862,-0.05810377872799988,overlapping,observed,paired
baseline_plus_historical_demand,20,4,software,range_bound,2096,0.3506679389312977,0.6493320610687023,4.968972204266322,0.09949581609366483,-0.06871240830283393,0.034278510826156836,152481,8862,-0.06871240830283393,overlapping,observed,paired
baseline_plus_historical_demand,20,4,software,under_pressure,7668,0.2831246739697444,0.7168753260302556,4.9891627337878,0.09113265828195362,-0.08288284267006633,0.014169384959045217,152481,8862,-0.08288284267006633,overlapping,observed,paired
baseline_plus_historical_demand,20,4,software,uptrend,16146,0.33296172426607207,0.6670382757339279,4.799903529222607,0.11031042970513763,-0.06932329238461493,0.03012442467865846,152481,8862,-0.06932329238461493,overlapping,observed,paired
baseline_plus_historical_demand,20,5,other,acute_selloff,171,0.4269005847953216,0.5730994152046783,2.2151898734177213,0.13505409028438325,-0.08505568849925443,0.058983654441461815,168110,8195,-0.08505568849925443,overlapping,observed,paired
baseline_plus_historical_demand,20,5,other,correction,2254,0.26353149955634425,0.7364685004436557,4.0297994269340975,0.09832252930932416,-0.10423119377823577,0.007978689089631324,168110,8195,-0.10423119377823577,overlapping,observed,paired
baseline_plus_historical_demand,20,5,other,range_bound,1061,0.3939679547596607,0.6060320452403393,4.427409988385598,0.10188910462837963,-0.05578185411936676,0.03366639559452625,168110,8195,-0.05578185411936676,overlapping,observed,paired
baseline_plus_historical_demand,20,5,other,under_pressure,6999,0.3334762108872696,0.6665237891127304,4.156120527306968,0.0963230025122396,-0.06981786000812507,0.01820497907569946,168110,8195,-0.06981786000812507,overlapping,observed,paired
baseline_plus_historical_demand,20,5,other,uptrend,15631,0.2983814215341309,0.7016185784658691,5.059235325794292,0.09115494164119248,-0.06785142460591492,0.02027715361634667,168110,8195,-0.06785142460591492,overlapping,observed,paired
baseline_plus_historical_demand,20,5,semiconductor,acute_selloff,66,0.2727272727272727,0.7272727272727273,1.280701754385965,0.15253467733811737,-0.17204378680878518,0.0009846125362149253,88937,4863,-0.17204378680878518,overlapping,observed,paired
baseline_plus_historical_demand,20,5,semiconductor,correction,978,0.26482617586912066,0.7351738241308794,2.3784860557768925,0.1921957363433405,-0.17226897999797267,0.03745690663436161,88937,4863,-0.17226897999797267,overlapping,observed,paired
baseline_plus_historical_demand,20,5,semiconductor,range_bound,536,0.7014925373134329,0.29850746268656714,2.574468085106383,0.2929073196296129,-0.0479958304153615,0.19678869654432593,88937,4863,-0.0479958304153615,overlapping,observed,paired
baseline_plus_historical_demand,20,5,semiconductor,under_pressure,3323,0.29882636172133614,0.7011736382786639,3.1668472372697725,0.1874349199680759,-0.10162206384180769,0.06294034412287115,88937,4863,-0.10162206384180769,overlapping,observed,paired
baseline_plus_historical_demand,20,5,semiconductor,uptrend,6959,0.28193705992240264,0.7180629400775974,4.103406113537118,0.1752545096639749,-0.09484908296949138,0.06001469766420534,88937,4863,-0.09484908296949138,overlapping,observed,paired
baseline_plus_historical_demand,20,5,software,acute_selloff,155,0.5483870967741935,0.45161290322580644,1.4206896551724137,0.1818820040942651,-0.08279683649928565,0.11066931904621834,152481,8862,-0.08279683649928565,overlapping,observed,paired
baseline_plus_historical_demand,20,5,software,correction,2199,0.28831286948613005,0.7116871305138699,3.789111747851003,0.1309468916292513,-0.11048049586555422,0.04497788957742512,152481,8862,-0.11048049586555422,overlapping,observed,paired
baseline_plus_historical_demand,20,5,software,range_bound,1045,0.46124401913875596,0.538755980861244,2.925968109339408,0.14733573275886339,-0.0779649287961075,0.04213723341664395,152481,8862,-0.0779649287961075,overlapping,observed,paired
baseline_plus_historical_demand,20,5,software,under_pressure,6489,0.2837108953613808,0.7162891046386192,3.953168044077135,0.11872002031054117,-0.09853735839139302,0.012502040237235073,152481,8862,-0.09853735839139302,overlapping,observed,paired
baseline_plus_historical_demand,20,5,software,uptrend,15563,0.23273147850671463,0.7672685214932854,4.477735490009515,0.10852659256280962,-0.09776609491846584,-0.0022666733476466097,152481,8862,-0.09776609491846584,overlapping,observed,paired
baseline,5,1,other,all,25987,0.5749797975911033,0.42502020240889676,1.796806542693019,0.030836791916297415,-0.031180773406895276,0.00032792151561765703,151384,8303,-0.031180773406895276,overlapping,all,paired
baseline,5,1,semiconductor,all,12286,0.530115578707472,0.46988442129252805,1.533028869678682,0.04273735336486775,-0.0407826133799304,0.0018494035362740752,73886,4936,-0.0407826133799304,overlapping,all,paired
baseline,5,1,software,all,18780,0.5932374866879659,0.40676251331203406,1.7001879699248121,0.04307850303101097,-0.03772668010064243,0.007009822613261421,131931,8995,-0.03772668010064243,overlapping,all,paired
baseline,5,2,other,all,23528,0.583262495749745,0.416737504250255,1.6158197244776937,0.04328851036284036,-0.037732935923239355,0.0052318447779074635,151384,8303,-0.037732935923239355,overlapping,all,paired
baseline,5,2,semiconductor,all,12110,0.5645747316267548,0.43542526837324524,1.4480431848852902,0.05119242277245564,-0.04259786808098769,0.008937676610837778,73886,4936,-0.04259786808098769,overlapping,all,paired
baseline,5,2,software,all,20263,0.5746434387800424,0.4253565612199576,1.5508367998452162,0.04873551815327094,-0.04117986177189641,0.008423689971337005,131931,8995,-0.04117986177189641,overlapping,all,paired
baseline,5,3,other,all,25167,0.5270791115349466,0.4729208884650534,1.571280902747868,0.03841722786969257,-0.03836606185220233,0.0007436989399176073,151384,8303,-0.03836606185220233,overlapping,all,paired
baseline,5,3,semiconductor,all,12821,0.4797597691287731,0.5202402308712268,1.328134110787172,0.049645205396287424,-0.04753762981066284,0.0017976328368436198,73886,4936,-0.04753762981066284,overlapping,all,paired
baseline,5,3,software,all,23764,0.49377209224036356,0.5062279077596364,1.3704287254332863,0.05022039372397581,-0.049987464965523455,-0.0013248503239265774,131931,8995,-0.049987464965523455,overlapping,all,paired
baseline,5,4,other,all,27885,0.5651425497579343,0.4348574502420656,1.745890527029317,0.035022521282152275,-0.03127455608132393,0.003202657432445471,151384,8303,-0.03127455608132393,overlapping,all,paired
baseline,5,4,semiconductor,all,13815,0.5057546145494028,0.49424538545059715,1.4405117270788912,0.04835527731694591,-0.04518240065769597,0.0013889330154875533,73886,4936,-0.04518240065769597,overlapping,all,paired
baseline,5,4,software,all,27740,0.5608868060562365,0.4391131939437635,1.6071865443425077,0.04304555184828145,-0.036773622134733674,0.004699999697490804,131931,8995,-0.036773622134733674,overlapping,all,paired
baseline,5,5,other,all,27077,0.5550097869040145,0.4449902130959855,1.6064614397947732,0.040223132904353864,-0.03651763686846968,0.0038115578741413376,151384,8303,-0.03651763686846968,overlapping,all,paired
baseline,5,5,semiconductor,all,12237,0.5230040042494075,0.4769959957505925,1.3232419223459138,0.07161588428250738,-0.055523766626530496,0.013828001786872523,73886,4936,-0.055523766626530496,overlapping,all,paired
baseline,5,5,software,all,26253,0.5074848588732717,0.4925151411267284,1.4516969218626676,0.050488276832918136,-0.04751897348351334,0.002047760550137542,131931,8995,-0.04751897348351334,overlapping,all,paired
baseline,10,1,other,all,25987,0.44699272713279714,0.5530072728672029,3.1865552072448624,0.04515709687968449,-0.04545450612508233,0.0008325585037979306,151384,8303,-0.04545450612508233,overlapping,all,paired
baseline,10,1,semiconductor,all,12286,0.4081067882142276,0.5918932117857725,2.682329165087786,0.06451895986343917,-0.05934911385810305,0.004514679398366763,73886,4936,-0.05934911385810305,overlapping,all,paired
baseline,10,1,software,all,18780,0.4677848775292865,0.5322151224707136,3.0332445666179884,0.06659494267441116,-0.05393595296544838,0.012714629414612173,131931,8995,-0.05393595296544838,overlapping,all,paired
baseline,10,2,other,all,23528,0.4694406664399864,0.5305593335600136,2.9438710112662756,0.06606007479048363,-0.05316370668370745,0.012106918357141484,151384,8303,-0.05316370668370745,overlapping,all,paired
baseline,10,2,semiconductor,all,12110,0.46069364161849713,0.5393063583815029,2.5672115723862166,0.07994905105348793,-0.058966716794281185,0.020254763088177884,73886,4936,-0.058966716794281185,overlapping,all,paired
baseline,10,2,software,all,20263,0.46547895178403986,0.5345210482159601,2.807633364956579,0.07585568558411293,-0.057609469977014,0.017506964308512944,131931,8995,-0.057609469977014,overlapping,all,paired
baseline,10,3,other,all,25167,0.39543847101362894,0.604561528986371,2.7960797125122507,0.05593612740067,-0.055664965109874925,0.0013840270924360672,151384,8303,-0.055664965109874925,overlapping,all,paired
baseline,10,3,semiconductor,all,12821,0.3463848373761797,0.6536151626238202,2.2881477069684335,0.07303973838365349,-0.06925112184279447,0.0019929866810922984,73886,4936,-0.06925112184279447,overlapping,all,paired
baseline,10,3,software,all,23764,0.36391179936037704,0.636088200639623,2.429678188319428,0.07249855404935335,-0.07268260853546556,-0.0032864678017087727,131931,8995,-0.07268260853546556,overlapping,all,paired
baseline,10,4,other,all,27885,0.44113322574861036,0.5588667742513896,3.1315805526749223,0.053197645886756725,-0.04459913356334697,0.007675610626064372,151384,8303,-0.04459913356334697,overlapping,all,paired
baseline,10,4,semiconductor,all,13815,0.3897213174086138,0.6102786825913862,2.553055742108798,0.07417425778339289,-0.06530901194204881,0.004506692781048938,73886,4936,-0.06530901194204881,overlapping,all,paired
baseline,10,4,software,all,27740,0.43925739005046865,0.5607426099495314,2.8935164083865086,0.06643768943535876,-0.05206516086092112,0.011894808784908447,131931,8995,-0.05206516086092112,overlapping,all,paired
baseline,10,5,other,all,26744,0.4295916841160634,0.5704083158839366,2.85010693553315,0.060950332936241476,-0.05179750087550964,0.008594747579112752,151384,8303,-0.05179750087550964,overlapping,all,paired
baseline,10,5,semiconductor,all,12100,0.4021487603305785,0.5978512396694214,2.2398591069196683,0.11383529091972105,-0.07655187256378604,0.030147842991243082,73886,4936,-0.07655187256378604,overlapping,all,paired
baseline,10,5,software,all,25957,0.38070655314558693,0.6192934468544131,2.5234746245960844,0.07576240566647732,-0.06812746747406409,0.004333810106287667,131931,8995,-0.06812746747406409,overlapping,all,paired
baseline,20,1,other,all,25987,0.32600915842536654,0.6739908415746335,5.250586264656617,0.06492990516066724,-0.0658795625307606,0.00047599130543397617,151384,8303,-0.0658795625307606,overlapping,all,paired
baseline,20,1,semiconductor,all,12286,0.2930978349340713,0.7069021650659287,4.278299341750297,0.09583751817471337,-0.08515305572046358,0.007985028026190092,73886,4936,-0.08515305572046358,overlapping,all,paired
baseline,20,1,software,all,18780,0.34568690095846644,0.6543130990415336,4.846443544375755,0.10355824591516899,-0.07526003287541667,0.024151553026981826,131931,8995,-0.07526003287541667,overlapping,all,paired
baseline,20,2,other,all,23528,0.3698146888813329,0.6301853111186672,4.8850765235648375,0.10671142600574011,-0.07591302837700065,0.024738626691457904,151384,8303,-0.07591302837700065,overlapping,all,paired
baseline,20,2,semiconductor,all,12110,0.3800990916597853,0.6199009083402147,4.124418369411289,0.12469830354321233,-0.08083224480290259,0.039236876768785914,73886,4936,-0.08083224480290259,overlapping,all,paired
baseline,20,2,software,all,20263,0.37102107289147707,0.6289789271085229,4.47021421075375,0.12073923323265326,-0.07920014555779567,0.03613300074853211,131931,8995,-0.07920014555779567,overlapping,all,paired
baseline,20,3,other,all,25167,0.2860889259744904,0.7139110740255096,4.503532788695076,0.08091613883907582,-0.07901086635184457,0.002971762491033878,151384,8303,-0.07901086635184457,overlapping,all,paired
baseline,20,3,semiconductor,all,12821,0.24600265189922782,0.7539973481007721,3.7084636230977694,0.10788034942212076,-0.097489659851389,0.005884871758422441,73886,4936,-0.097489659851389,overlapping,all,paired
baseline,20,3,software,all,23764,0.2558912640969534,0.7441087359030466,3.7906300860265056,0.1031561111728421,-0.10465577627042665,-0.00890246256847976,131931,8995,-0.10465577627042665,overlapping,all,paired
baseline,20,4,other,all,27885,0.33684776761699836,0.6631522323830016,5.118935527033054,0.08236782253143213,-0.06213328783724844,0.018481492833061025,151384,8303,-0.06213328783724844,overlapping,all,paired
baseline,20,4,semiconductor,all,13815,0.2764386536373507,0.7235613463626493,4.125541542312506,0.11157597457378926,-0.09385908163493258,0.010384493314963966,73886,4936,-0.09385908163493258,overlapping,all,paired
baseline,20,4,software,all,27740,0.3386445565969719,0.6613554434030281,4.809711470795214,0.10529904783575803,-0.07218928956605697,0.02761247429366711,131931,8995,-0.07218928956605697,overlapping,all,paired
baseline,20,5,other,all,26116,0.3283427783734109,0.671657221626589,4.664498334721066,0.09388210897109825,-0.07114056520684973,0.019457767367561902,151384,8303,-0.07114056520684973,overlapping,all,paired
baseline,20,5,semiconductor,all,11862,0.3108244815376834,0.6891755184623166,3.610222991548722,0.18525336486048669,-0.1014419662789621,0.06482630458852305,73886,4936,-0.1014419662789621,overlapping,all,paired
baseline,20,5,software,all,25451,0.2702840752819143,0.7297159247180858,4.173084402956048,0.1151028776044342,-0.09815709105636354,0.00809174627100345,131931,8995,-0.09815709105636354,overlapping,all,paired
baseline_plus_historical_demand,5,1,other,all,25987,0.5525455035209913,0.44745449647900876,1.796806542693019,0.030836791916297415,-0.031180773406895276,0.00032792151561765703,168110,8195,-0.031180773406895276,overlapping,all,paired
baseline_plus_historical_demand,5,1,semiconductor,all,12286,0.5108253296434967,0.48917467035650336,1.533028869678682,0.04273735336486775,-0.0407826133799304,0.0018494035362740752,88937,4863,-0.0407826133799304,overlapping,all,paired
baseline_plus_historical_demand,5,1,software,all,18780,0.5744408945686901,0.4255591054313099,1.7001879699248121,0.04307850303101097,-0.03772668010064243,0.007009822613261421,152481,8862,-0.03772668010064243,overlapping,all,paired
baseline_plus_historical_demand,5,2,other,all,23528,0.5631162869772186,0.43688371302278134,1.6158197244776937,0.04328851036284036,-0.037732935923239355,0.0052318447779074635,168110,8195,-0.037732935923239355,overlapping,all,paired
baseline_plus_historical_demand,5,2,semiconductor,all,12110,0.5516928158546656,0.44830718414533444,1.4480431848852902,0.05119242277245564,-0.04259786808098769,0.008937676610837778,88937,4863,-0.04259786808098769,overlapping,all,paired
baseline_plus_historical_demand,5,2,software,all,20263,0.5624043823718107,0.4375956176281893,1.5508367998452162,0.04873551815327094,-0.04117986177189641,0.008423689971337005,152481,8862,-0.04117986177189641,overlapping,all,paired
baseline_plus_historical_demand,5,3,other,all,25167,0.5083641276274486,0.49163587237255135,1.571280902747868,0.03841722786969257,-0.03836606185220233,0.0007436989399176073,168110,8195,-0.03836606185220233,overlapping,all,paired
baseline_plus_historical_demand,5,3,semiconductor,all,12821,0.4630684034006708,0.5369315965993292,1.328134110787172,0.049645205396287424,-0.04753762981066284,0.0017976328368436198,88937,4863,-0.04753762981066284,overlapping,all,paired
baseline_plus_historical_demand,5,3,software,all,23764,0.4790860124558155,0.5209139875441845,1.3704287254332863,0.05022039372397581,-0.049987464965523455,-0.0013248503239265774,152481,8862,-0.049987464965523455,overlapping,all,paired
baseline_plus_historical_demand,5,4,other,all,27885,0.5412946028330644,0.45870539716693565,1.745890527029317,0.035022521282152275,-0.03127455608132393,0.003202657432445471,168110,8195,-0.03127455608132393,overlapping,all,paired
baseline_plus_historical_demand,5,4,semiconductor,all,13815,0.4925805284111473,0.5074194715888527,1.4405117270788912,0.04835527731694591,-0.04518240065769597,0.0013889330154875533,88937,4863,-0.04518240065769597,overlapping,all,paired
baseline_plus_historical_demand,5,4,software,all,27740,0.5430785868781542,0.4569214131218457,1.6071865443425077,0.04304555184828145,-0.036773622134733674,0.004699999697490804,152481,8862,-0.036773622134733674,overlapping,all,paired
baseline_plus_historical_demand,5,5,other,all,27077,0.5287882704878679,0.4712117295121321,1.6064614397947732,0.040223132904353864,-0.03651763686846968,0.0038115578741413376,168110,8195,-0.03651763686846968,overlapping,all,paired
baseline_plus_historical_demand,5,5,semiconductor,all,12237,0.5073956034975893,0.4926043965024107,1.3232419223459138,0.07161588428250738,-0.055523766626530496,0.013828001786872523,88937,4863,-0.055523766626530496,overlapping,all,paired
baseline_plus_historical_demand,5,5,software,all,26253,0.4923246867024721,0.5076753132975279,1.4516969218626676,0.050488276832918136,-0.04751897348351334,0.002047760550137542,152481,8862,-0.04751897348351334,overlapping,all,paired
baseline_plus_historical_demand,10,1,other,all,25987,0.4282910686112287,0.5717089313887713,3.1865552072448624,0.04515709687968449,-0.04545450612508233,0.0008325585037979306,168110,8195,-0.04545450612508233,overlapping,all,paired
baseline_plus_historical_demand,10,1,semiconductor,all,12286,0.39076998209343966,0.6092300179065603,2.682329165087786,0.06451895986343917,-0.05934911385810305,0.004514679398366763,88937,4863,-0.05934911385810305,overlapping,all,paired
baseline_plus_historical_demand,10,1,software,all,18780,0.4538871139510117,0.5461128860489883,3.0332445666179884,0.06659494267441116,-0.05393595296544838,0.012714629414612173,152481,8862,-0.05393595296544838,overlapping,all,paired
baseline_plus_historical_demand,10,2,other,all,23528,0.4522696361781707,0.5477303638218293,2.9438710112662756,0.06606007479048363,-0.05316370668370745,0.012106918357141484,168110,8195,-0.05316370668370745,overlapping,all,paired
baseline_plus_historical_demand,10,2,semiconductor,all,12110,0.447233691164327,0.552766308835673,2.5672115723862166,0.07994905105348793,-0.058966716794281185,0.020254763088177884,88937,4863,-0.058966716794281185,overlapping,all,paired
baseline_plus_historical_demand,10,2,software,all,20263,0.45629965947786605,0.5437003405221339,2.807633364956579,0.07585568558411293,-0.057609469977014,0.017506964308512944,152481,8862,-0.057609469977014,overlapping,all,paired
baseline_plus_historical_demand,10,3,other,all,25167,0.3819287161759447,0.6180712838240553,2.7960797125122507,0.05593612740067,-0.055664965109874925,0.0013840270924360672,168110,8195,-0.055664965109874925,overlapping,all,paired
baseline_plus_historical_demand,10,3,semiconductor,all,12821,0.3314094064425552,0.6685905935574448,2.2881477069684335,0.07303973838365349,-0.06925112184279447,0.0019929866810922984,88937,4863,-0.06925112184279447,overlapping,all,paired
baseline_plus_historical_demand,10,3,software,all,23764,0.35381248947988553,0.6461875105201145,2.429678188319428,0.07249855404935335,-0.07268260853546556,-0.0032864678017087727,152481,8862,-0.07268260853546556,overlapping,all,paired
baseline_plus_historical_demand,10,4,other,all,27885,0.4233100233100233,0.5766899766899767,3.1315805526749223,0.053197645886756725,-0.04459913356334697,0.007675610626064372,168110,8195,-0.04459913356334697,overlapping,all,paired
baseline_plus_historical_demand,10,4,semiconductor,all,13815,0.3778501628664495,0.6221498371335505,2.553055742108798,0.07417425778339289,-0.06530901194204881,0.004506692781048938,88937,4863,-0.06530901194204881,overlapping,all,paired
baseline_plus_historical_demand,10,4,software,all,27740,0.4262076423936554,0.5737923576063446,2.8935164083865086,0.06643768943535876,-0.05206516086092112,0.011894808784908447,152481,8862,-0.05206516086092112,overlapping,all,paired
baseline_plus_historical_demand,10,5,other,all,26744,0.40696978761591385,0.5930302123840862,2.85010693553315,0.060950332936241476,-0.05179750087550964,0.008594747579112752,168110,8195,-0.05179750087550964,overlapping,all,paired
baseline_plus_historical_demand,10,5,semiconductor,all,12100,0.3915702479338843,0.6084297520661157,2.2398591069196683,0.11383529091972105,-0.07655187256378604,0.030147842991243082,88937,4863,-0.07655187256378604,overlapping,all,paired
baseline_plus_historical_demand,10,5,software,all,25957,0.3701121084871133,0.6298878915128867,2.5234746245960844,0.07576240566647732,-0.06812746747406409,0.004333810106287667,152481,8862,-0.06812746747406409,overlapping,all,paired
baseline_plus_historical_demand,20,1,other,all,25987,0.30965482741370687,0.6903451725862931,5.250586264656617,0.06492990516066724,-0.0658795625307606,0.00047599130543397617,168110,8195,-0.0658795625307606,overlapping,all,paired
baseline_plus_historical_demand,20,1,semiconductor,all,12286,0.2782028324922676,0.7217971675077324,4.278299341750297,0.09583751817471337,-0.08515305572046358,0.007985028026190092,88937,4863,-0.08515305572046358,overlapping,all,paired
baseline_plus_historical_demand,20,1,software,all,18780,0.33354632587859423,0.6664536741214058,4.846443544375755,0.10355824591516899,-0.07526003287541667,0.024151553026981826,152481,8862,-0.07526003287541667,overlapping,all,paired
baseline_plus_historical_demand,20,2,other,all,23528,0.35710642638558315,0.6428935736144169,4.8850765235648375,0.10671142600574011,-0.07591302837700065,0.024738626691457904,168110,8195,-0.07591302837700065,overlapping,all,paired
baseline_plus_historical_demand,20,2,semiconductor,all,12110,0.3667217175887696,0.6332782824112304,4.124418369411289,0.12469830354321233,-0.08083224480290259,0.039236876768785914,88937,4863,-0.08083224480290259,overlapping,all,paired
baseline_plus_historical_demand,20,2,software,all,20263,0.3639638750431822,0.6360361249568178,4.47021421075375,0.12073923323265326,-0.07920014555779567,0.03613300074853211,152481,8862,-0.07920014555779567,overlapping,all,paired
baseline_plus_historical_demand,20,3,other,all,25167,0.2741685540588866,0.7258314459411134,4.503532788695076,0.08091613883907582,-0.07901086635184457,0.002971762491033878,168110,8195,-0.07901086635184457,overlapping,all,paired
baseline_plus_historical_demand,20,3,semiconductor,all,12821,0.23391311130177053,0.7660868886982295,3.7084636230977694,0.10788034942212076,-0.097489659851389,0.005884871758422441,88937,4863,-0.097489659851389,overlapping,all,paired
baseline_plus_historical_demand,20,3,software,all,23764,0.24945295404814005,0.75054704595186,3.7906300860265056,0.1031561111728421,-0.10465577627042665,-0.00890246256847976,152481,8862,-0.10465577627042665,overlapping,all,paired
baseline_plus_historical_demand,20,4,other,all,27885,0.3228258920566613,0.6771741079433388,5.118935527033054,0.08236782253143213,-0.06213328783724844,0.018481492833061025,168110,8195,-0.06213328783724844,overlapping,all,paired
baseline_plus_historical_demand,20,4,semiconductor,all,13815,0.26898298950416216,0.7310170104958379,4.125541542312506,0.11157597457378926,-0.09385908163493258,0.010384493314963966,88937,4863,-0.09385908163493258,overlapping,all,paired
baseline_plus_historical_demand,20,4,software,all,27740,0.3279379956741168,0.6720620043258833,4.809711470795214,0.10529904783575803,-0.07218928956605697,0.02761247429366711,152481,8862,-0.07218928956605697,overlapping,all,paired
baseline_plus_historical_demand,20,5,other,all,26116,0.3095037524888957,0.6904962475111043,4.664498334721066,0.09388210897109825,-0.07114056520684973,0.019457767367561902,168110,8195,-0.07114056520684973,overlapping,all,paired
baseline_plus_historical_demand,20,5,semiconductor,all,11862,0.3041645590962738,0.6958354409037262,3.610222991548722,0.18525336486048669,-0.1014419662789621,0.06482630458852305,88937,4863,-0.1014419662789621,overlapping,all,paired
baseline_plus_historical_demand,20,5,software,all,25451,0.26183647007976113,0.7381635299202389,4.173084402956048,0.1151028776044342,-0.09815709105636354,0.00809174627100345,152481,8862,-0.09815709105636354,overlapping,all,paired
baseline,5,1,other,acute_selloff,88,0.6363636363636364,0.36363636363636365,1.2666666666666666,0.05909801598663362,-0.03021418275924933,0.03141786072455249,151384,8303,-0.03021418275924933,non_overlapping,observed,all_eligible
baseline,5,1,other,correction,884,0.5916289592760181,0.4083710407239819,1.6231884057971016,0.041729587298385246,-0.03561414062875042,0.0049669789956416615,151384,8303,-0.03561414062875042,non_overlapping,observed,all_eligible
baseline,5,1,other,range_bound,593,0.6661045531197302,0.33389544688026984,1.752808988764045,0.03568762847138465,-0.02513151821241715,0.011388125370391385,151384,8303,-0.02513151821241715,non_overlapping,observed,all_eligible
baseline,5,1,other,under_pressure,1188,0.515993265993266,0.484006734006734,1.7095343680709534,0.029725715977691254,-0.03322591003556115,-0.0023945649353096198,151384,8303,-0.03322591003556115,non_overlapping,observed,all_eligible
baseline,5,1,other,uptrend,2469,0.5621709194005671,0.437829080599433,1.8836944127708095,0.026599608213649907,-0.030035234962207443,-0.0028634299927079248,151384,8303,-0.030035234962207443,non_overlapping,observed,all_eligible
baseline,5,1,semiconductor,acute_selloff,45,0.6888888888888889,0.3111111111111111,0.84375,0.07489930654113332,-0.031579577264693695,0.03805363322367753,73886,4936,-0.031579577264693695,non_overlapping,observed,all_eligible
baseline,5,1,semiconductor,correction,393,0.49363867684478374,0.5063613231552163,1.2314814814814814,0.04740869244785499,-0.047484118188959167,-0.0006808732828754334,73886,4936,-0.047484118188959167,non_overlapping,observed,all_eligible
baseline,5,1,semiconductor,range_bound,293,0.6962457337883959,0.3037542662116041,1.572139303482587,0.05838755559136425,-0.029982230425452835,0.02622588808378518,73886,4936,-0.029982230425452835,non_overlapping,observed,all_eligible
baseline,5,1,semiconductor,under_pressure,568,0.4242957746478873,0.5757042253521126,1.5019455252918288,0.04338951339886047,-0.045709516353102705,-0.0011600082805215772,73886,4936,-0.045709516353102705,non_overlapping,observed,all_eligible
baseline,5,1,semiconductor,uptrend,1173,0.546462063086104,0.453537936913896,1.7007434944237918,0.03696886061584758,-0.03889212084369953,-0.0027100968150912674,73886,4936,-0.03889212084369953,non_overlapping,observed,all_eligible
baseline,5,1,software,acute_selloff,59,0.6949152542372882,0.3050847457627119,1.1041666666666667,0.06511026435165326,-0.0393482092100122,0.03883239137091646,131931,8995,-0.0393482092100122,non_overlapping,observed,all_eligible
baseline,5,1,software,correction,605,0.5652892561983471,0.43471074380165287,1.471875,0.047405612197676326,-0.043478884511795525,0.009951566593334146,131931,8995,-0.043478884511795525,non_overlapping,observed,all_eligible
baseline,5,1,software,range_bound,431,0.617169373549884,0.382830626450116,1.7889908256880733,0.04760539231967074,-0.03655909971045398,0.015241962553213279,131931,8995,-0.03655909971045398,non_overlapping,observed,all_eligible
baseline,5,1,software,under_pressure,883,0.5413363533408834,0.45866364665911663,1.7598039215686274,0.03928446139099652,-0.03847117246404106,0.0054751476968646195,131931,8995,-0.03847117246404106,non_overlapping,observed,all_eligible
baseline,5,1,software,uptrend,1807,0.6142778085224129,0.3857221914775872,1.7779255319148937,0.0441345446404473,-0.034528300323792296,0.008841759645114943,131931,8995,-0.034528300323792296,non_overlapping,observed,all_eligible
baseline,5,2,other,acute_selloff,117,0.39316239316239315,0.6068376068376068,1.5846153846153845,0.07617729704719503,-0.09495883969808043,-0.0008370982428282443,151384,8303,-0.09495883969808043,non_overlapping,observed,all_eligible
baseline,5,2,other,correction,362,0.6187845303867403,0.3812154696132597,1.3928571428571428,0.06380615997374325,-0.05020976542859891,0.01377820148629363,151384,8303,-0.05020976542859891,non_overlapping,observed,all_eligible
baseline,5,2,other,range_bound,183,0.7486338797814208,0.25136612021857924,1.7037037037037037,0.061873093326321155,-0.031179830181811894,0.022199193469628134,151384,8303,-0.031179830181811894,non_overlapping,observed,all_eligible
baseline,5,2,other,under_pressure,811,0.5782983970406905,0.4217016029593095,1.61455525606469,0.03963785780513737,-0.03536604137742499,0.0052815640712009304,151384,8303,-0.03536604137742499,non_overlapping,observed,all_eligible
baseline,5,2,other,uptrend,3267,0.5843281297826752,0.41567187021732477,1.6895585143658023,0.040011002556902035,-0.03525786862729772,0.004225027735226741,151384,8303,-0.03525786862729772,non_overlapping,observed,all_eligible
baseline,5,2,semiconductor,acute_selloff,68,0.5441176470588235,0.45588235294117646,1.3333333333333333,0.0687016870881772,-0.06812131963689266,0.007488341740782926,73886,4936,-0.06812131963689266,non_overlapping,observed,all_eligible
baseline,5,2,semiconductor,correction,191,0.6282722513089005,0.3717277486910995,1.481203007518797,0.0691380308133229,-0.053708984668674846,0.021605805840221384,73886,4936,-0.053708984668674846,non_overlapping,observed,all_eligible
baseline,5,2,semiconductor,range_bound,113,0.6637168141592921,0.336283185840708,1.1142857142857143,0.06878629815297356,-0.031410698060679774,0.03089653097648015,73886,4936,-0.031410698060679774,non_overlapping,observed,all_eligible
baseline,5,2,semiconductor,under_pressure,413,0.5230024213075061,0.47699757869249393,1.0612244897959184,0.04865279050919254,-0.040831680029744286,0.005797393431463449,73886,4936,-0.040831680029744286,non_overlapping,observed,all_eligible
baseline,5,2,semiconductor,uptrend,1656,0.5501207729468599,0.4498792270531401,1.4933008526187577,0.046579366414625796,-0.04160613893938511,0.0041891889709156855,73886,4936,-0.04160613893938511,non_overlapping,observed,all_eligible
baseline,5,2,software,acute_selloff,120,0.4583333333333333,0.5416666666666666,1.4189189189189189,0.10197573315062501,-0.07439978200171299,0.042822644082608115,131931,8995,-0.07439978200171299,non_overlapping,observed,all_eligible
baseline,5,2,software,correction,347,0.6311239193083573,0.3688760806916426,1.3787234042553191,0.06532687485061751,-0.046840861425933654,0.01958029414038231,131931,8995,-0.046840861425933654,non_overlapping,observed,all_eligible
baseline,5,2,software,range_bound,184,0.6847826086956522,0.31521739130434784,1.7024793388429753,0.06704827810498325,-0.03132952974044141,0.02594241414109947,131931,8995,-0.03132952974044141,non_overlapping,observed,all_eligible
baseline,5,2,software,under_pressure,694,0.5201729106628242,0.47982708933717577,1.467455621301775,0.045721732665196975,-0.0448177696271573,0.003665536095451563,131931,8995,-0.0448177696271573,non_overlapping,observed,all_eligible
baseline,5,2,software,uptrend,2742,0.5725747629467542,0.4274252370532458,1.638544891640867,0.04400419903770419,-0.039070110413244485,0.006170748874286603,131931,8995,-0.039070110413244485,non_overlapping,observed,all_eligible
baseline,5,3,other,acute_selloff,240,0.5291666666666667,0.4708333333333333,1.403973509933775,0.04828240194388272,-0.04332187685177403,0.011028469162737692,151384,8303,-0.04332187685177403,non_overlapping,observed,all_eligible
baseline,5,3,other,correction,1711,0.5102279368790181,0.48977206312098187,1.4316628701594534,0.0444841834517555,-0.04384077081439357,0.0011712651966233742,151384,8303,-0.04384077081439357,non_overlapping,observed,all_eligible
baseline,5,3,other,range_bound,989,0.5783619817997978,0.42163801820020225,1.7619047619047619,0.04016806523640113,-0.03385391258756844,0.005532124451258262,151384,8303,-0.03385391258756844,non_overlapping,observed,all_eligible
baseline,5,3,other,under_pressure,621,0.5555555555555556,0.4444444444444444,1.5243055555555556,0.03706416820330763,-0.03562031514404406,0.0020483846582293862,151384,8303,-0.03562031514404406,non_overlapping,observed,all_eligible
baseline,5,3,other,uptrend,1507,0.5109489051094891,0.48905109489051096,1.7377049180327868,0.029727524601394745,-0.03453459768040115,-0.0038978090012469165,151384,8303,-0.03453459768040115,non_overlapping,observed,all_eligible
baseline,5,3,semiconductor,acute_selloff,110,0.4727272727272727,0.5272727272727272,1.303030303030303,0.05726624723194194,-0.057965045652076296,0.015192172113936716,73886,4936,-0.057965045652076296,non_overlapping,observed,all_eligible
baseline,5,3,semiconductor,correction,878,0.4498861047835991,0.5501138952164009,1.310204081632653,0.054893880884865416,-0.052995322663671234,0.0015035699134214736,73886,4936,-0.052995322663671234,non_overlapping,observed,all_eligible
baseline,5,3,semiconductor,range_bound,488,0.49385245901639346,0.5061475409836066,1.2271186440677966,0.05178481801035329,-0.04366502245826948,0.004253187242057243,73886,4936,-0.04366502245826948,non_overlapping,observed,all_eligible
baseline,5,3,semiconductor,under_pressure,344,0.4796511627906977,0.5203488372093024,1.146067415730337,0.048124636857884685,-0.0478926457709199,-0.002279527356893454,73886,4936,-0.0478926457709199,non_overlapping,observed,all_eligible
baseline,5,3,semiconductor,uptrend,764,0.5052356020942408,0.49476439790575916,1.5602409638554218,0.041871196906759806,-0.041237536481497514,0.0014257315602476236,73886,4936,-0.041237536481497514,non_overlapping,observed,all_eligible
baseline,5,3,software,acute_selloff,208,0.49038461538461536,0.5096153846153846,1.0857142857142856,0.07310427694844,-0.05859089801111391,0.016731594489065783,131931,8995,-0.05859089801111391,non_overlapping,observed,all_eligible
baseline,5,3,software,correction,1599,0.4446529080675422,0.5553470919324578,1.3071672354948805,0.0546489260756228,-0.06100608217096554,-0.006548751551435142,131931,8995,-0.06100608217096554,non_overlapping,observed,all_eligible
baseline,5,3,software,range_bound,921,0.505971769815418,0.494028230184582,1.465863453815261,0.05232985744531379,-0.04789504810088353,0.0023245105286504963,131931,8995,-0.04789504810088353,non_overlapping,observed,all_eligible
baseline,5,3,software,under_pressure,623,0.5425361155698234,0.45746388443017655,1.3203592814371257,0.04891121989383361,-0.046266429978508265,-0.0010518990283643146,131931,8995,-0.046266429978508265,non_overlapping,observed,all_eligible
baseline,5,3,software,uptrend,1440,0.5229166666666667,0.47708333333333336,1.6143106457242582,0.03854597888823245,-0.04055584697654603,-0.002055669530746941,131931,8995,-0.04055584697654603,non_overlapping,observed,all_eligible
baseline,5,4,other,acute_selloff,18,0.7777777777777778,0.2222222222222222,1.0714285714285714,0.05576910410414458,-0.023615745988986234,0.024824368166957864,151384,8303,-0.023615745988986234,non_overlapping,observed,all_eligible
baseline,5,4,other,correction,349,0.6017191977077364,0.3982808022922636,1.875,0.04202579525251115,-0.03308869489036201,0.012878497040991446,151384,8303,-0.03308869489036201,non_overlapping,observed,all_eligible
baseline,5,4,other,range_bound,414,0.5821256038647343,0.4178743961352657,1.7909604519774012,0.04065930381770518,-0.031240522156135216,0.003166153598500549,151384,8303,-0.031240522156135216,non_overlapping,observed,all_eligible
baseline,5,4,other,under_pressure,1522,0.5157687253613666,0.48423127463863336,1.7010309278350515,0.03172963720504327,-0.03663215535975451,-0.005973314954263794,151384,8303,-0.03663215535975451,non_overlapping,observed,all_eligible
baseline,5,4,other,uptrend,3312,0.5739734299516909,0.4260265700483092,1.688293370944993,0.03486310332045263,-0.029563701899904565,0.004787110946082539,151384,8303,-0.029563701899904565,non_overlapping,observed,all_eligible
baseline,5,4,semiconductor,acute_selloff,11,0.8181818181818182,0.18181818181818182,0.8,0.07772496911215075,-0.03231263738742763,0.04981624818168309,73886,4936,-0.03231263738742763,non_overlapping,observed,all_eligible
baseline,5,4,semiconductor,correction,149,0.5704697986577181,0.42953020134228187,1.577319587628866,0.06545764237721094,-0.045380181076053044,0.029622094124682002,73886,4936,-0.045380181076053044,non_overlapping,observed,all_eligible
baseline,5,4,semiconductor,range_bound,185,0.5081081081081081,0.4918918918918919,1.6813186813186813,0.053770375486648224,-0.04803532661926046,0.0011744158440576,73886,4936,-0.04803532661926046,non_overlapping,observed,all_eligible
baseline,5,4,semiconductor,under_pressure,794,0.4420654911838791,0.5579345088161209,1.2451253481894151,0.0398473356258448,-0.051191078866240476,-0.013444473497738916,73886,4936,-0.051191078866240476,non_overlapping,observed,all_eligible
baseline,5,4,semiconductor,uptrend,1648,0.5315533980582524,0.4684466019417476,1.42,0.04912196423404001,-0.04172045991662593,0.004494739522003818,73886,4936,-0.04172045991662593,non_overlapping,observed,all_eligible
baseline,5,4,software,acute_selloff,20,0.85,0.15,1.5789473684210527,0.09720945201401718,-0.02154634487766821,0.06554072662788119,131931,8995,-0.02154634487766821,non_overlapping,observed,all_eligible
baseline,5,4,software,correction,346,0.615606936416185,0.38439306358381503,1.809278350515464,0.04706883467011751,-0.037050302719351995,0.017587715287854633,131931,8995,-0.037050302719351995,non_overlapping,observed,all_eligible
baseline,5,4,software,range_bound,427,0.594847775175644,0.405152224824356,1.7389162561576355,0.04077079287196329,-0.03406317659438175,0.005702498303351757,131931,8995,-0.03406317659438175,non_overlapping,observed,all_eligible
baseline,5,4,software,under_pressure,1527,0.5036018336607727,0.49639816633922723,1.5176470588235293,0.04104570331744294,-0.042346397273418046,-0.0033415329877113553,131931,8995,-0.042346397273418046,non_overlapping,observed,all_eligible
baseline,5,4,software,uptrend,3261,0.5706838393130942,0.42931616068690587,1.608554763447829,0.04315669447226483,-0.03492333558608359,0.005745319609343138,131931,8995,-0.03492333558608359,non_overlapping,observed,all_eligible
baseline,5,5,other,acute_selloff,34,0.6176470588235294,0.38235294117647056,1.2222222222222223,0.08243796580812367,-0.0423548105918977,0.057463702911416586,151384,8303,-0.0423548105918977,non_overlapping,observed,all_eligible
baseline,5,5,other,correction,455,0.5516483516483517,0.44835164835164837,1.510204081632653,0.044833939538903876,-0.048775174540003394,0.0007021372103857324,151384,8303,-0.048775174540003394,non_overlapping,observed,all_eligible
baseline,5,5,other,range_bound,202,0.6386138613861386,0.3613861386138614,1.6666666666666667,0.047287170547226,-0.030341465886658255,0.01766558223026098,151384,8303,-0.030341465886658255,non_overlapping,observed,all_eligible
baseline,5,5,other,under_pressure,1490,0.5718120805369128,0.42818791946308726,1.3657534246575342,0.04334352007548583,-0.03677320248466661,0.0051110521347472295,151384,8303,-0.03677320248466661,non_overlapping,observed,all_eligible
baseline,5,5,other,uptrend,3272,0.543398533007335,0.456601466992665,1.71985559566787,0.03686609904094734,-0.035179348118311915,0.0020563888631235363,151384,8303,-0.035179348118311915,non_overlapping,observed,all_eligible
baseline,5,5,semiconductor,acute_selloff,15,0.6666666666666666,0.3333333333333333,1.3076923076923077,0.09269101871586274,-0.03723327067667411,0.04508463173750961,73886,4936,-0.03723327067667411,non_overlapping,observed,all_eligible
baseline,5,5,semiconductor,correction,199,0.49246231155778897,0.507537688442211,1.0955882352941178,0.07001233226654752,-0.07367078694244936,-0.00402030875898661,73886,4936,-0.07367078694244936,non_overlapping,observed,all_eligible
baseline,5,5,semiconductor,range_bound,113,0.6814159292035398,0.3185840707964602,1.244186046511628,0.09591876988018803,-0.035112342846403174,0.06171521892796317,73886,4936,-0.035112342846403174,non_overlapping,observed,all_eligible
baseline,5,5,semiconductor,under_pressure,709,0.538787023977433,0.461212976022567,1.2323462414578588,0.07512762688780814,-0.057943362115952406,0.017737657235418106,73886,4936,-0.057943362115952406,non_overlapping,observed,all_eligible
baseline,5,5,semiconductor,uptrend,1432,0.5090782122905028,0.4909217877094972,1.4173913043478261,0.06597838187023528,-0.05399268366435983,0.0077513274678669185,73886,4936,-0.05399268366435983,non_overlapping,observed,all_eligible
baseline,5,5,software,acute_selloff,26,0.6923076923076923,0.3076923076923077,1.16,0.09428992129461694,-0.05126841586320027,0.047456056515564,131931,8995,-0.05126841586320027,non_overlapping,observed,all_eligible
baseline,5,5,software,correction,441,0.4671201814058957,0.5328798185941043,1.491869918699187,0.05282904825493926,-0.0566781615767311,0.0008141479459892335,131931,8995,-0.0566781615767311,non_overlapping,observed,all_eligible
baseline,5,5,software,range_bound,216,0.7268518518518519,0.27314814814814814,1.303225806451613,0.07522470738414902,-0.029499121195509907,0.04370906727535738,131931,8995,-0.029499121195509907,non_overlapping,observed,all_eligible
baseline,5,5,software,under_pressure,1415,0.508833922261484,0.4911660777385159,1.2774725274725274,0.05418620067041635,-0.04775228035083672,0.004030334593659624,131931,8995,-0.04775228035083672,non_overlapping,observed,all_eligible
baseline,5,5,software,uptrend,3191,0.4938890629896584,0.5061109370103416,1.4802584350323045,0.04597762667987342,-0.04670764974902282,-0.002654774720271079,131931,8995,-0.04670764974902282,non_overlapping,observed,all_eligible
baseline,10,1,other,acute_selloff,42,0.5714285714285714,0.42857142857142855,1.5142857142857142,0.09124642118971435,-0.036945995809936176,0.04673964426912954,151384,8303,-0.036945995809936176,non_overlapping,observed,all_eligible
baseline,10,1,other,correction,439,0.4624145785876993,0.5375854214123007,2.6823104693140793,0.05812893631680343,-0.05155292973970241,0.0025445133386645382,151384,8303,-0.05155292973970241,non_overlapping,observed,all_eligible
baseline,10,1,other,range_bound,299,0.5585284280936454,0.4414715719063545,3.1481481481481484,0.05645874035621914,-0.03238641947231611,0.01979142274275671,151384,8303,-0.03238641947231611,non_overlapping,observed,all_eligible
baseline,10,1,other,under_pressure,591,0.40609137055837563,0.5939086294416244,3.010204081632653,0.042646637562982176,-0.045465876428203204,0.0004754726161644651,151384,8303,-0.045465876428203204,non_overlapping,observed,all_eligible
baseline,10,1,other,uptrend,1256,0.4140127388535032,0.5859872611464968,3.3390625,0.039113751458515415,-0.04537586682161411,-0.004010540594924421,151384,8303,-0.04537586682161411,non_overlapping,observed,all_eligible
baseline,10,1,semiconductor,acute_selloff,16,0.3125,0.6875,0.7142857142857143,0.10522997510717204,-0.06581640896871874,-0.006104006673516717,73886,4936,-0.06581640896871874,non_overlapping,observed,all_eligible
baseline,10,1,semiconductor,correction,209,0.4019138755980861,0.5980861244019139,2.3972602739726026,0.07357976118317563,-0.06486882819228476,0.014588610016980022,73886,4936,-0.06486882819228476,non_overlapping,observed,all_eligible
baseline,10,1,semiconductor,range_bound,143,0.6153846153846154,0.38461538461538464,2.2612612612612613,0.08050044699516809,-0.0389719942942996,0.02979518654466714,73886,4936,-0.0389719942942996,non_overlapping,observed,all_eligible
baseline,10,1,semiconductor,under_pressure,269,0.3382899628252788,0.6617100371747212,3.0303030303030303,0.06228312474028166,-0.06501282073355093,0.0022071529894485283,73886,4936,-0.06501282073355093,non_overlapping,observed,all_eligible
baseline,10,1,semiconductor,uptrend,610,0.419672131147541,0.580327868852459,2.530054644808743,0.05560614829433482,-0.06010435738589572,-0.005565109402924329,73886,4936,-0.06010435738589572,non_overlapping,observed,all_eligible
baseline,10,1,software,acute_selloff,27,0.5925925925925926,0.4074074074074074,1.5,0.10162155536608761,-0.05799962339237389,0.06445450498075542,131931,8995,-0.05799962339237389,non_overlapping,observed,all_eligible
baseline,10,1,software,correction,308,0.42207792207792205,0.577922077922078,2.8038277511961724,0.06727923384297989,-0.061470065147446185,0.015154646101832295,131931,8995,-0.061470065147446185,non_overlapping,observed,all_eligible
baseline,10,1,software,range_bound,208,0.5384615384615384,0.46153846153846156,2.8074074074074074,0.05788189872435578,-0.04613738061185059,0.020522236876840055,131931,8995,-0.04613738061185059,non_overlapping,observed,all_eligible
baseline,10,1,software,under_pressure,439,0.4123006833712984,0.5876993166287016,2.956692913385827,0.05539031491679502,-0.059256134300412315,0.0011005415140490638,131931,8995,-0.059256134300412315,non_overlapping,observed,all_eligible
baseline,10,1,software,uptrend,924,0.4935064935064935,0.5064935064935064,3.2,0.07425194728229664,-0.05014629999533049,0.025511794356387688,131931,8995,-0.05014629999533049,non_overlapping,observed,all_eligible
baseline,10,2,other,acute_selloff,57,0.22807017543859648,0.7719298245614035,1.8235294117647058,0.09189064439011471,-0.13154859729800222,-0.04030479739870442,151384,8303,-0.13154859729800222,non_overlapping,observed,all_eligible
baseline,10,2,other,correction,176,0.5340909090909091,0.4659090909090909,2.582089552238806,0.09613694821204156,-0.0705145289374962,0.023388309995099596,151384,8303,-0.0705145289374962,non_overlapping,observed,all_eligible
baseline,10,2,other,range_bound,89,0.6853932584269663,0.3146067415730337,2.901639344262295,0.08173419838808642,-0.04254936628749863,0.0370676243192024,151384,8303,-0.04254936628749863,non_overlapping,observed,all_eligible
baseline,10,2,other,under_pressure,413,0.5012106537530266,0.49878934624697335,3.0636704119850187,0.06484459138868884,-0.050143488257658166,0.016014184335280044,151384,8303,-0.050143488257658166,non_overlapping,observed,all_eligible
baseline,10,2,other,uptrend,1657,0.46167773083886543,0.5383222691611346,2.993927125506073,0.06085394172266864,-0.04999509227847928,0.009908123011265308,151384,8303,-0.04999509227847928,non_overlapping,observed,all_eligible
baseline,10,2,semiconductor,acute_selloff,35,0.4,0.6,1.7692307692307692,0.08990946916104631,-0.11404812687550965,-0.010453872191615804,73886,4936,-0.11404812687550965,non_overlapping,observed,all_eligible
baseline,10,2,semiconductor,correction,93,0.5376344086021505,0.46236559139784944,2.546666666666667,0.10853170209495545,-0.08329065381838525,0.0374129177593223,73886,4936,-0.08329065381838525,non_overlapping,observed,all_eligible
baseline,10,2,semiconductor,range_bound,55,0.5636363636363636,0.43636363636363634,2.5106382978723403,0.11494774301145022,-0.03861067888402374,0.05160311224290874,73886,4936,-0.03861067888402374,non_overlapping,observed,all_eligible
baseline,10,2,semiconductor,under_pressure,198,0.4494949494949495,0.5505050505050505,2.195945945945946,0.07576528222349523,-0.05570414610544697,0.025928178795636154,73886,4936,-0.05570414610544697,non_overlapping,observed,all_eligible
baseline,10,2,semiconductor,uptrend,848,0.44575471698113206,0.5542452830188679,2.71301247771836,0.07610712516673312,-0.057300440598370764,0.014855116079441807,73886,4936,-0.057300440598370764,non_overlapping,observed,all_eligible
baseline,10,2,software,acute_selloff,62,0.3709677419354839,0.6290322580645161,2.048780487804878,0.14503230514511586,-0.11422577723732621,0.009941008318749205,131931,8995,-0.11422577723732621,non_overlapping,observed,all_eligible
baseline,10,2,software,correction,172,0.6453488372093024,0.3546511627906977,2.5416666666666665,0.0977456758194459,-0.05429590717245894,0.04510179392992244,131931,8995,-0.05429590717245894,non_overlapping,observed,all_eligible
baseline,10,2,software,range_bound,97,0.7319587628865979,0.26804123711340205,2.5421686746987953,0.1587288534187959,-0.034792346251168095,0.08791109198382925,131931,8995,-0.034792346251168095,non_overlapping,observed,all_eligible
baseline,10,2,software,under_pressure,342,0.4239766081871345,0.5760233918128655,2.8626609442060085,0.06715199806633602,-0.06339506808073288,0.009601991633140695,131931,8995,-0.06339506808073288,non_overlapping,observed,all_eligible
baseline,10,2,software,uptrend,1389,0.4478041756659467,0.5521958243340532,2.911764705882353,0.07366453997422061,-0.055673429728697946,0.015211507778599505,131931,8995,-0.055673429728697946,non_overlapping,observed,all_eligible
baseline,10,3,other,acute_selloff,117,0.4188034188034188,0.5811965811965812,2.25,0.07772457688282489,-0.06092947585383279,0.018839825794350895,151384,8303,-0.06092947585383279,non_overlapping,observed,all_eligible
baseline,10,3,other,correction,853,0.3962485345838218,0.6037514654161782,2.67911714770798,0.06499353533368475,-0.061079476011822995,0.006090060552429442,151384,8303,-0.061079476011822995,non_overlapping,observed,all_eligible
baseline,10,3,other,range_bound,500,0.452,0.548,2.7746031746031745,0.05899111129770762,-0.04902958578515932,0.0055895812493430355,151384,8303,-0.04902958578515932,non_overlapping,observed,all_eligible
baseline,10,3,other,under_pressure,310,0.4064516129032258,0.5935483870967742,2.914438502673797,0.04810747946867118,-0.06016756598897475,-0.0076160222304013335,151384,8303,-0.06016756598897475,non_overlapping,observed,all_eligible
baseline,10,3,other,uptrend,778,0.35218508997429304,0.6478149100257069,2.9133663366336635,0.041911912177718086,-0.05110101083711269,-0.007607699721458156,151384,8303,-0.05110101083711269,non_overlapping,observed,all_eligible
baseline,10,3,semiconductor,acute_selloff,52,0.5,0.5,2.5121951219512195,0.08640482358110126,-0.06398783680453203,0.02270257136635001,73886,4936,-0.06398783680453203,non_overlapping,observed,all_eligible
baseline,10,3,semiconductor,correction,452,0.3252212389380531,0.6747787610619469,2.415032679738562,0.07827525062361845,-0.07648727848942813,0.0036859047126506454,73886,4936,-0.07648727848942813,non_overlapping,observed,all_eligible
baseline,10,3,semiconductor,range_bound,249,0.3413654618473896,0.6586345381526104,1.6312849162011174,0.07897883448926343,-0.07087761181918828,-0.005658346950441997,73886,4936,-0.07087761181918828,non_overlapping,observed,all_eligible
baseline,10,3,semiconductor,under_pressure,156,0.40384615384615385,0.5961538461538461,2.118811881188119,0.06834449881130822,-0.06811794808452684,-0.002372307871668885,73886,4936,-0.06811794808452684,non_overlapping,observed,all_eligible
baseline,10,3,semiconductor,uptrend,395,0.34430379746835443,0.6556962025316456,2.9313304721030042,0.06157699128529423,-0.05982039008522115,0.00027824394378048677,73886,4936,-0.05982039008522115,non_overlapping,observed,all_eligible
baseline,10,3,software,acute_selloff,96,0.40625,0.59375,1.7560975609756098,0.10137474692765991,-0.08408905723078758,0.003560834931250609,131931,8995,-0.08408905723078758,non_overlapping,observed,all_eligible
baseline,10,3,software,correction,811,0.33292231812577067,0.6670776818742293,2.4462081128747797,0.08045514426913983,-0.08631236123766785,-0.005400330346347184,131931,8995,-0.08631236123766785,non_overlapping,observed,all_eligible
baseline,10,3,software,range_bound,457,0.3851203501094092,0.6148796498905909,2.274247491638796,0.08076712882762034,-0.06792432346731155,0.0008808740916978478,131931,8995,-0.06792432346731155,non_overlapping,observed,all_eligible
baseline,10,3,software,under_pressure,324,0.39814814814814814,0.6018518518518519,2.345971563981043,0.06970395891450931,-0.06855823086121754,-0.001635826001230549,131931,8995,-0.06855823086121754,non_overlapping,observed,all_eligible
baseline,10,3,software,uptrend,729,0.40329218106995884,0.5967078189300411,2.7205128205128206,0.056909156607873726,-0.05976207124209035,-0.0057488390360005415,131931,8995,-0.05976207124209035,non_overlapping,observed,all_eligible
baseline,10,4,other,acute_selloff,8,0.875,0.125,3.375,0.08249056943902958,-0.021513158977236144,0.07293569859175086,151384,8303,-0.021513158977236144,non_overlapping,observed,all_eligible
baseline,10,4,other,correction,175,0.4857142857142857,0.5142857142857142,3.139344262295082,0.06652593170833314,-0.03888439233166349,0.03426473060616081,151384,8303,-0.03888439233166349,non_overlapping,observed,all_eligible
baseline,10,4,other,range_bound,196,0.4336734693877551,0.5663265306122449,3.057142857142857,0.045330409499336866,-0.048285371479525815,-0.0005601984955462536,151384,8303,-0.048285371479525815,non_overlapping,observed,all_eligible
baseline,10,4,other,under_pressure,740,0.3675675675675676,0.6324324324324324,3.213197969543147,0.047093917744431814,-0.055275655902478085,-0.008095768169529787,151384,8303,-0.055275655902478085,non_overlapping,observed,all_eligible
baseline,10,4,other,uptrend,1710,0.45087719298245615,0.5491228070175439,3.235803657362849,0.05338782021570495,-0.04151265675930966,0.010642638895607591,151384,8303,-0.04151265675930966,non_overlapping,observed,all_eligible
baseline,10,4,semiconductor,acute_selloff,4,0.75,0.25,2.75,0.12465776566119574,-0.05077034572927741,0.11522136760828544,73886,4936,-0.05077034572927741,non_overlapping,observed,all_eligible
baseline,10,4,semiconductor,correction,74,0.4864864864864865,0.5135135135135135,2.2413793103448274,0.10164086849942401,-0.05774601750916417,0.04569900907736138,73886,4936,-0.05774601750916417,non_overlapping,observed,all_eligible
baseline,10,4,semiconductor,range_bound,88,0.4090909090909091,0.5909090909090909,3.263157894736842,0.08785572880317322,-0.06178684207878975,0.021916716447393278,73886,4936,-0.06178684207878975,non_overlapping,observed,all_eligible
baseline,10,4,semiconductor,under_pressure,388,0.3170103092783505,0.6829896907216495,2.3839285714285716,0.060918215299624094,-0.0791181205987322,-0.017243765574291896,73886,4936,-0.0791181205987322,non_overlapping,observed,all_eligible
baseline,10,4,semiconductor,uptrend,854,0.39227166276346603,0.607728337236534,2.488454706927176,0.07566113408467785,-0.0599606448488611,0.007878477806092398,73886,4936,-0.0599606448488611,non_overlapping,observed,all_eligible
baseline,10,4,software,acute_selloff,12,0.9166666666666666,0.08333333333333333,1.8333333333333333,0.1018178863069259,-0.015410663154197693,0.0936307595479912,131931,8995,-0.015410663154197693,non_overlapping,observed,all_eligible
baseline,10,4,software,correction,173,0.5722543352601156,0.4277456647398844,2.8076923076923075,0.08890937464291404,-0.04277298579308144,0.04742094503680632,131931,8995,-0.04277298579308144,non_overlapping,observed,all_eligible
baseline,10,4,software,range_bound,211,0.45023696682464454,0.5497630331753555,2.872,0.059868630717088554,-0.05016988885596411,0.011035659456415896,131931,8995,-0.05016988885596411,non_overlapping,observed,all_eligible
baseline,10,4,software,under_pressure,737,0.36906377204884666,0.6309362279511533,2.6705336426914155,0.05662956119453867,-0.0649271092954503,-0.005021881081707681,131931,8995,-0.0649271092954503,non_overlapping,observed,all_eligible
baseline,10,4,software,uptrend,1678,0.4398092967818832,0.5601907032181168,3.0,0.0688376189594638,-0.049663871112390304,0.015065895666780153,131931,8995,-0.049663871112390304,non_overlapping,observed,all_eligible
baseline,10,5,other,acute_selloff,16,0.5625,0.4375,1.0,0.09868167619014052,-0.0587452881887111,0.03574052342753281,151384,8303,-0.0587452881887111,non_overlapping,observed,all_eligible
baseline,10,5,other,correction,235,0.4297872340425532,0.5702127659574469,2.687116564417178,0.06717900383007858,-0.07234890270405245,0.007152496277781382,151384,8303,-0.07234890270405245,non_overlapping,observed,all_eligible
baseline,10,5,other,range_bound,93,0.5161290322580645,0.4838709677419355,2.85,0.06678768712233,-0.03955414777983595,0.021781288012414073,151384,8303,-0.03955414777983595,non_overlapping,observed,all_eligible
baseline,10,5,other,under_pressure,718,0.44428969359331477,0.5557103064066853,2.5852631578947367,0.061995727607293216,-0.05323190023187911,0.004541696395014818,151384,8303,-0.05323190023187911,non_overlapping,observed,all_eligible
baseline,10,5,other,uptrend,1651,0.418534221683828,0.581465778316172,3.214654282765738,0.057922744013095155,-0.04987374975231465,0.007417308364246386,151384,8303,-0.04987374975231465,non_overlapping,observed,all_eligible
baseline,10,5,semiconductor,acute_selloff,8,0.375,0.625,1.5714285714285714,0.12213317378131092,-0.05954374656966621,0.05192279131557652,73886,4936,-0.05954374656966621,non_overlapping,observed,all_eligible
baseline,10,5,semiconductor,correction,102,0.4411764705882353,0.5588235294117647,1.7560975609756098,0.11747864183020486,-0.10571777932863753,0.027430256363094586,73886,4936,-0.10571777932863753,non_overlapping,observed,all_eligible
baseline,10,5,semiconductor,range_bound,46,0.6521739130434783,0.34782608695652173,1.95,0.13836528379749485,-0.03880345785452378,0.07348359722284982,73886,4936,-0.03880345785452378,non_overlapping,observed,all_eligible
baseline,10,5,semiconductor,under_pressure,338,0.4437869822485207,0.5562130177514792,1.856,0.12267860567606326,-0.07666998472591656,0.033337734717956445,73886,4936,-0.07666998472591656,non_overlapping,observed,all_eligible
baseline,10,5,semiconductor,uptrend,737,0.41112618724559025,0.5888738127544098,2.469924812030075,0.10914532234092945,-0.07230565764096454,0.024914209856404964,73886,4936,-0.07230565764096454,non_overlapping,observed,all_eligible
baseline,10,5,software,acute_selloff,11,0.5454545454545454,0.45454545454545453,1.4545454545454546,0.10453430033774992,-0.0912719593596452,0.007130970920196827,131931,8995,-0.0912719593596452,non_overlapping,observed,all_eligible
baseline,10,5,software,correction,228,0.30701754385964913,0.6929824561403509,2.5185185185185186,0.07635613182078901,-0.08220548645362906,0.012767379341808249,131931,8995,-0.08220548645362906,non_overlapping,observed,all_eligible
baseline,10,5,software,range_bound,101,0.6237623762376238,0.37623762376237624,1.558139534883721,0.10154225999696512,-0.04244104200355942,0.03706184149765707,131931,8995,-0.04244104200355942,non_overlapping,observed,all_eligible
baseline,10,5,software,under_pressure,711,0.39381153305203936,0.6061884669479606,2.1130434782608694,0.08570363440771268,-0.07016684870612501,0.005559599880999616,131931,8995,-0.07016684870612501,non_overlapping,observed,all_eligible
baseline,10,5,software,uptrend,1593,0.35279347143753925,0.6472065285624607,2.8115468409586057,0.07324301653081246,-0.06560256409626918,0.004026528302000948,131931,8995,-0.06560256409626918,non_overlapping,observed,all_eligible
baseline,20,1,other,acute_selloff,27,0.6296296296296297,0.37037037037037035,1.4583333333333333,0.11892468476990087,-0.04123955292866444,0.07923649063927503,151384,8303,-0.04123955292866444,non_overlapping,observed,all_eligible
baseline,20,1,other,correction,226,0.3672566371681416,0.6327433628318584,4.372093023255814,0.0858269754917231,-0.07255608148801014,0.011380435198673962,151384,8303,-0.07255608148801014,non_overlapping,observed,all_eligible
baseline,20,1,other,range_bound,136,0.4632352941176471,0.5367647058823529,4.376146788990826,0.08230833532807214,-0.04213935217413529,0.029520975798946924,151384,8303,-0.04213935217413529,non_overlapping,observed,all_eligible
baseline,20,1,other,under_pressure,285,0.23859649122807017,0.7614035087719299,6.1521739130434785,0.05872632959200968,-0.06538394855994044,-0.000547726033502132,151384,8303,-0.06538394855994044,non_overlapping,observed,all_eligible
baseline,20,1,other,uptrend,660,0.3196969696969697,0.6803030303030303,5.200460829493087,0.05956178080317371,-0.06306498116635174,-0.005693273565259986,151384,8303,-0.06306498116635174,non_overlapping,observed,all_eligible
baseline,20,1,semiconductor,acute_selloff,7,0.14285714285714285,0.8571428571428571,3.5,0.08998018198934031,-0.08449908942489015,0.024229932003298465,73886,4936,-0.08449908942489015,non_overlapping,observed,all_eligible
baseline,20,1,semiconductor,correction,103,0.2912621359223301,0.7087378640776699,4.127906976744186,0.11208103264047758,-0.09193421241655761,0.021674904364541583,73886,4936,-0.09193421241655761,non_overlapping,observed,all_eligible
baseline,20,1,semiconductor,range_bound,69,0.5652173913043478,0.43478260869565216,3.05,0.12942356867972082,-0.051695532792128636,0.06588990643051607,73886,4936,-0.051695532792128636,non_overlapping,observed,all_eligible
baseline,20,1,semiconductor,under_pressure,143,0.22377622377622378,0.7762237762237763,5.734513274336283,0.10392166478271435,-0.08586263626514888,0.02474497300746801,73886,4936,-0.08586263626514888,non_overlapping,observed,all_eligible
baseline,20,1,semiconductor,uptrend,313,0.3003194888178914,0.6996805111821086,4.211206896551724,0.08062271616608363,-0.08326506463644967,-0.009075722785102627,73886,4936,-0.08326506463644967,non_overlapping,observed,all_eligible
baseline,20,1,software,acute_selloff,17,0.5294117647058824,0.47058823529411764,1.6875,0.17643697225227908,-0.07274104204065202,0.13658048938951217,131931,8995,-0.07274104204065202,non_overlapping,observed,all_eligible
baseline,20,1,software,correction,152,0.3026315789473684,0.6973684210526315,4.387096774193548,0.09755801787191803,-0.08241182568084537,0.022075656537043655,131931,8995,-0.08241182568084537,non_overlapping,observed,all_eligible
baseline,20,1,software,range_bound,111,0.4864864864864865,0.5135135135135135,4.2125,0.08747476765979062,-0.06023998186702732,0.03760447093044536,131931,8995,-0.06023998186702732,non_overlapping,observed,all_eligible
baseline,20,1,software,under_pressure,203,0.28078817733990147,0.7192118226600985,5.196078431372549,0.0821682192420265,-0.08078041838113866,0.006437595774102379,131931,8995,-0.08078041838113866,non_overlapping,observed,all_eligible
baseline,20,1,software,uptrend,485,0.3402061855670103,0.6597938144329897,5.121037463976945,0.12781162070637161,-0.07442121778261149,0.027208198296223018,131931,8995,-0.07442121778261149,non_overlapping,observed,all_eligible
baseline,20,2,other,acute_selloff,27,0.14814814814814814,0.8518518518518519,4.2,0.11349689710846347,-0.1826930715710636,-0.007341748347909061,151384,8303,-0.1826930715710636,non_overlapping,observed,all_eligible
baseline,20,2,other,correction,81,0.4691358024691358,0.5308641975308642,4.231884057971015,0.13066586225322746,-0.07852024990873985,0.040064298465013276,151384,8303,-0.07852024990873985,non_overlapping,observed,all_eligible
baseline,20,2,other,range_bound,47,0.5319148936170213,0.46808510638297873,5.170731707317073,0.12320287641987908,-0.06095732873949909,0.04989502030893895,151384,8303,-0.06095732873949909,non_overlapping,observed,all_eligible
baseline,20,2,other,under_pressure,173,0.3352601156069364,0.6647398843930635,5.209302325581396,0.09675912601592275,-0.07750925499039811,0.02101669352152299,151384,8303,-0.07750925499039811,non_overlapping,observed,all_eligible
baseline,20,2,other,uptrend,887,0.3573844419391206,0.6426155580608793,5.167441860465116,0.11068205425373637,-0.07620731546621687,0.029562308996171148,151384,8303,-0.07620731546621687,non_overlapping,observed,all_eligible
baseline,20,2,semiconductor,acute_selloff,18,0.3888888888888889,0.6111111111111112,2.2,0.12355480118047185,-0.1710786464502672,0.010386384611122271,73886,4936,-0.1710786464502672,non_overlapping,observed,all_eligible
baseline,20,2,semiconductor,correction,52,0.5192307692307693,0.4807692307692308,3.422222222222222,0.15138125248417056,-0.09053354050548654,0.08059333418974039,73886,4936,-0.09053354050548654,non_overlapping,observed,all_eligible
baseline,20,2,semiconductor,range_bound,28,0.5,0.5,3.8076923076923075,0.16776788421391348,-0.054927893802542496,0.06966639295948991,73886,4936,-0.054927893802542496,non_overlapping,observed,all_eligible
baseline,20,2,semiconductor,under_pressure,75,0.3466666666666667,0.6533333333333333,3.661290322580645,0.10480397161543628,-0.06987364559937342,0.0221064568891613,73886,4936,-0.06987364559937342,non_overlapping,observed,all_eligible
baseline,20,2,semiconductor,uptrend,454,0.3568281938325991,0.6431718061674009,4.530898876404494,0.12080164942488526,-0.08086700017139818,0.02937616143719108,73886,4936,-0.08086700017139818,non_overlapping,observed,all_eligible
baseline,20,2,software,acute_selloff,29,0.3448275862068966,0.6551724137931034,3.4545454545454546,0.12969175772759028,-0.13066173910698234,0.05611652251921261,131931,8995,-0.13066173910698234,non_overlapping,observed,all_eligible
baseline,20,2,software,correction,96,0.6041666666666666,0.3958333333333333,3.3,0.18057908097281183,-0.06361682180832838,0.11339162195790155,131931,8995,-0.06361682180832838,non_overlapping,observed,all_eligible
baseline,20,2,software,range_bound,43,0.5581395348837209,0.4418604651162791,3.292682926829268,0.12559328326664446,-0.052059127838384595,0.05046573802529493,131931,8995,-0.052059127838384595,non_overlapping,observed,all_eligible
baseline,20,2,software,under_pressure,139,0.34532374100719426,0.6546762589928058,3.7570093457943927,0.1041451717628497,-0.0768570196693462,0.029456669663570422,131931,8995,-0.0768570196693462,non_overlapping,observed,all_eligible
baseline,20,2,software,uptrend,741,0.3333333333333333,0.6666666666666666,4.7765567765567765,0.10541478975851132,-0.08452388663601257,0.018880553707924116,131931,8995,-0.08452388663601257,non_overlapping,observed,all_eligible
baseline,20,3,other,acute_selloff,52,0.28846153846153844,0.7115384615384616,3.5434782608695654,0.10492668553361227,-0.08894788662240517,0.0277999471093134,151384,8303,-0.08894788662240517,non_overlapping,observed,all_eligible
baseline,20,3,other,correction,454,0.27973568281938327,0.7202643171806168,3.92507204610951,0.09038028331540322,-0.08663690437212805,0.009350121261701873,151384,8303,-0.08663690437212805,non_overlapping,observed,all_eligible
baseline,20,3,other,range_bound,228,0.33771929824561403,0.6622807017543859,3.773006134969325,0.08969266662196634,-0.06987057118325507,0.005796284011595966,151384,8303,-0.06987057118325507,non_overlapping,observed,all_eligible
baseline,20,3,other,under_pressure,151,0.33774834437086093,0.6622516556291391,4.9576271186440675,0.09121180417975562,-0.07406762107806257,0.01209723896254297,151384,8303,-0.07406762107806257,non_overlapping,observed,all_eligible
baseline,20,3,other,uptrend,415,0.2216867469879518,0.7783132530120482,4.84375,0.05962767699757414,-0.07711016688729319,-0.012454631945755423,151384,8303,-0.07711016688729319,non_overlapping,observed,all_eligible
baseline,20,3,semiconductor,acute_selloff,29,0.3103448275862069,0.6896551724137931,2.5652173913043477,0.11324615571559353,-0.10227986936461819,-0.03166684764125008,73886,4936,-0.10227986936461819,non_overlapping,observed,all_eligible
baseline,20,3,semiconductor,correction,231,0.24242424242424243,0.7575757575757576,3.727272727272727,0.1319432239067053,-0.10435871943911654,0.03035087586428339,73886,4936,-0.10435871943911654,non_overlapping,observed,all_eligible
baseline,20,3,semiconductor,range_bound,116,0.22413793103448276,0.7758620689655172,2.5,0.10027688849443007,-0.10562012767901639,-0.029907721703921787,73886,4936,-0.10562012767901639,non_overlapping,observed,all_eligible
baseline,20,3,semiconductor,under_pressure,75,0.3466666666666667,0.6533333333333333,3.689655172413793,0.10560099593086472,-0.0902522304098418,0.017602389766771823,73886,4936,-0.0902522304098418,non_overlapping,observed,all_eligible
baseline,20,3,semiconductor,uptrend,215,0.22790697674418606,0.772093023255814,5.322147651006712,0.08929333461475202,-0.08692980084181583,0.009312727145339688,73886,4936,-0.08692980084181583,non_overlapping,observed,all_eligible
baseline,20,3,software,acute_selloff,50,0.22,0.78,1.6888888888888889,0.11350453335587925,-0.12736724101468655,-0.02420829631043521,131931,8995,-0.12736724101468655,non_overlapping,observed,all_eligible
baseline,20,3,software,correction,419,0.2649164677804296,0.7350835322195705,3.7002967359050447,0.12506037562347377,-0.11615542722411532,0.010574801922971284,131931,8995,-0.11615542722411532,non_overlapping,observed,all_eligible
baseline,20,3,software,range_bound,218,0.18807339449541285,0.8119266055045872,3.6133333333333333,0.09666703033858567,-0.10837543236349566,-0.036993197959168785,131931,8995,-0.10837543236349566,non_overlapping,observed,all_eligible
baseline,20,3,software,under_pressure,152,0.34868421052631576,0.6513157894736842,3.966666666666667,0.14512272080218797,-0.09835742876359854,0.029989222176391543,131931,8995,-0.09835742876359854,non_overlapping,observed,all_eligible
baseline,20,3,software,uptrend,390,0.29743589743589743,0.7025641025641025,4.332,0.08469723418453755,-0.08667999978786085,-0.008923741075925877,131931,8995,-0.08667999978786085,non_overlapping,observed,all_eligible
baseline,20,4,other,acute_selloff,3,0.6666666666666666,0.3333333333333333,3.6666666666666665,0.14145547016615198,-0.02699870173779802,0.08182351460347181,151384,8303,-0.02699870173779802,non_overlapping,observed,all_eligible
baseline,20,4,other,correction,89,0.4044943820224719,0.5955056179775281,4.972222222222222,0.14393768145810262,-0.054424494192298584,0.0388543003659918,151384,8303,-0.054424494192298584,non_overlapping,observed,all_eligible
baseline,20,4,other,range_bound,101,0.38613861386138615,0.6138613861386139,5.266666666666667,0.07404985844761997,-0.06158690248027796,0.023344075641014064,151384,8303,-0.06158690248027796,non_overlapping,observed,all_eligible
baseline,20,4,other,under_pressure,355,0.29295774647887324,0.7070422535211267,5.711462450592886,0.07029668327472972,-0.06744940527886589,0.009723457611956587,151384,8303,-0.06744940527886589,non_overlapping,observed,all_eligible
baseline,20,4,other,uptrend,885,0.31751412429378534,0.6824858757062147,5.138582677165354,0.07741131767095626,-0.06569962258309527,0.00975150223110565,151384,8303,-0.06569962258309527,non_overlapping,observed,all_eligible
baseline,20,4,semiconductor,acute_selloff,1,1.0,0.0,0.0,0.12592630189828435,-0.018982844381281172,0.00558318952390624,73886,4936,-0.018982844381281172,non_overlapping,observed,all_eligible
baseline,20,4,semiconductor,correction,46,0.3695652173913043,0.6304347826086957,3.4615384615384617,0.14337495076363438,-0.08742965798032327,0.033026804446474094,73886,4936,-0.08742965798032327,non_overlapping,observed,all_eligible
baseline,20,4,semiconductor,range_bound,40,0.325,0.675,5.161290322580645,0.119672627179164,-0.06996261044523142,0.04281427645177071,73886,4936,-0.06996261044523142,non_overlapping,observed,all_eligible
baseline,20,4,semiconductor,under_pressure,181,0.17679558011049723,0.8232044198895028,4.016528925619835,0.09407109716351551,-0.1096261109655387,-0.006422421118530756,73886,4936,-0.1096261109655387,non_overlapping,observed,all_eligible
baseline,20,4,semiconductor,uptrend,449,0.2383073496659243,0.7616926503340757,4.077363896848137,0.10942395308524802,-0.09448472660022213,0.004570477357657967,73886,4936,-0.09448472660022213,non_overlapping,observed,all_eligible
baseline,20,4,software,acute_selloff,7,0.8571428571428571,0.14285714285714285,1.4285714285714286,0.18095221514336082,-0.016519557899268306,0.11255779576973121,131931,8995,-0.016519557899268306,non_overlapping,observed,all_eligible
baseline,20,4,software,correction,86,0.5116279069767442,0.4883720930232558,4.243589743589744,0.1420746224908809,-0.044509015500372354,0.07632632376935002,131931,8995,-0.044509015500372354,non_overlapping,observed,all_eligible
baseline,20,4,software,range_bound,106,0.3490566037735849,0.6509433962264151,5.22972972972973,0.09119319478848721,-0.06798025071771224,0.030205937363787915,131931,8995,-0.06798025071771224,non_overlapping,observed,all_eligible
baseline,20,4,software,under_pressure,344,0.311046511627907,0.688953488372093,4.770992366412214,0.09492955826335396,-0.08867985409249417,0.015409243799595587,131931,8995,-0.08867985409249417,non_overlapping,observed,all_eligible
baseline,20,4,software,uptrend,882,0.31405895691609975,0.6859410430839002,4.648729446935725,0.1090204160567235,-0.07537646181268624,0.021849612580012986,131931,8995,-0.07537646181268624,non_overlapping,observed,all_eligible
baseline,20,5,other,acute_selloff,7,0.7142857142857143,0.2857142857142857,0.7142857142857143,0.20324257276280422,-0.08137407632808016,0.08737658846065309,151384,8303,-0.08137407632808016,non_overlapping,observed,all_eligible
baseline,20,5,other,correction,125,0.256,0.744,4.4,0.09569750754360629,-0.1015085708854364,0.014134865557088141,151384,8303,-0.1015085708854364,non_overlapping,observed,all_eligible
baseline,20,5,other,range_bound,54,0.4444444444444444,0.5555555555555556,5.260869565217392,0.11308674610133088,-0.0534456205855722,0.038424821696167386,151384,8303,-0.0534456205855722,non_overlapping,observed,all_eligible
baseline,20,5,other,under_pressure,315,0.3333333333333333,0.6666666666666666,3.795918367346939,0.0977314758551673,-0.06760454472006398,0.021600308153287576,151384,8303,-0.06760454472006398,non_overlapping,observed,all_eligible
baseline,20,5,other,uptrend,848,0.3089622641509434,0.6910377358490566,5.16006600660066,0.0982690872296579,-0.06777213698239132,0.027995155709222626,151384,8303,-0.06777213698239132,non_overlapping,observed,all_eligible
baseline,20,5,semiconductor,acute_selloff,3,0.3333333333333333,0.6666666666666666,2.0,0.14626129155797715,-0.17170678840886477,0.02235046031554407,73886,4936,-0.17170678840886477,non_overlapping,observed,all_eligible
baseline,20,5,semiconductor,correction,48,0.3333333333333333,0.6666666666666666,2.1538461538461537,0.19199197923944236,-0.1555720461455406,0.06423175175115145,73886,4936,-0.1555720461455406,non_overlapping,observed,all_eligible
baseline,20,5,semiconductor,range_bound,21,0.7142857142857143,0.2857142857142857,2.0,0.2679270588876601,-0.03963963622770712,0.16335258571408467,73886,4936,-0.03963963622770712,non_overlapping,observed,all_eligible
baseline,20,5,semiconductor,under_pressure,176,0.3125,0.6875,2.8533333333333335,0.21447237420168727,-0.09913089766006192,0.09586071860125557,73886,4936,-0.09913089766006192,non_overlapping,observed,all_eligible
baseline,20,5,semiconductor,uptrend,371,0.2776280323450135,0.7223719676549866,3.933333333333333,0.16869274111457258,-0.09879323124993744,0.05382049140302579,73886,4936,-0.09879323124993744,non_overlapping,observed,all_eligible
baseline,20,5,software,acute_selloff,8,0.5,0.5,1.625,0.20658000914190794,-0.08077331574466677,0.12728459183995386,131931,8995,-0.08077331574466677,non_overlapping,observed,all_eligible
baseline,20,5,software,correction,114,0.3157894736842105,0.6842105263157895,3.652173913043478,0.15729262258842927,-0.09705549951294153,0.07433753245290498,131931,8995,-0.09705549951294153,non_overlapping,observed,all_eligible
baseline,20,5,software,range_bound,51,0.43137254901960786,0.5686274509803921,2.5833333333333335,0.14734554388218563,-0.08528499437845533,0.03215678921428696,131931,8995,-0.08528499437845533,non_overlapping,observed,all_eligible
baseline,20,5,software,under_pressure,350,0.29714285714285715,0.7028571428571428,3.5019762845849804,0.16288750170921917,-0.09749507895202277,0.04888690094966291,131931,8995,-0.09749507895202277,non_overlapping,observed,all_eligible
baseline,20,5,software,uptrend,798,0.24185463659147868,0.7581453634085213,4.372759856630824,0.11208733189498067,-0.09298528984884467,0.008992870982444471,131931,8995,-0.09298528984884467,non_overlapping,observed,all_eligible
baseline_plus_historical_demand,5,1,other,acute_selloff,86,0.627906976744186,0.37209302325581395,1.4,0.04632665099548189,-0.031739587211884544,0.020280041617733887,168110,8195,-0.031739587211884544,non_overlapping,observed,all_eligible
baseline_plus_historical_demand,5,1,other,correction,935,0.5775401069518716,0.42245989304812837,1.683371298405467,0.037937290101423826,-0.03695705019289343,0.0006114031536918291,168110,8195,-0.03695705019289343,non_overlapping,observed,all_eligible
baseline_plus_historical_demand,5,1,other,range_bound,648,0.6604938271604939,0.3395061728395062,1.8033333333333332,0.03448642115757201,-0.026301338588105447,0.009947165899713095,168110,8195,-0.026301338588105447,non_overlapping,observed,all_eligible
baseline_plus_historical_demand,5,1,other,under_pressure,1294,0.49690880989180836,0.5030911901081917,1.6550387596899225,0.031641145867351284,-0.034855483059121097,-0.0021467067128875536,168110,8195,-0.034855483059121097,non_overlapping,observed,all_eligible
baseline_plus_historical_demand,5,1,other,uptrend,2665,0.5444652908067542,0.4555347091932458,1.8703703703703705,0.027914771332645975,-0.03039147142131677,-0.002658081992204813,168110,8195,-0.03039147142131677,non_overlapping,observed,all_eligible
baseline_plus_historical_demand,5,1,semiconductor,acute_selloff,50,0.6,0.4,0.975609756097561,0.06957992191680551,-0.04083500624245731,0.028385041264200463,88937,4863,-0.04083500624245731,non_overlapping,observed,all_eligible
baseline_plus_historical_demand,5,1,semiconductor,correction,447,0.4742729306487696,0.5257270693512305,1.348360655737705,0.04983835866214478,-0.04843336947924193,0.0024694682210183727,88937,4863,-0.04843336947924193,non_overlapping,observed,all_eligible
baseline_plus_historical_demand,5,1,semiconductor,range_bound,334,0.655688622754491,0.344311377245509,1.5277777777777777,0.056174091908112934,-0.030665347663569216,0.025184533756247855,88937,4863,-0.030665347663569216,non_overlapping,observed,all_eligible
baseline_plus_historical_demand,5,1,semiconductor,under_pressure,658,0.41793313069908816,0.5820668693009119,1.3856209150326797,0.040891423677902286,-0.047926243290383023,-0.005341392216914496,88937,4863,-0.047926243290383023,non_overlapping,observed,all_eligible
baseline_plus_historical_demand,5,1,semiconductor,uptrend,1341,0.5294556301267711,0.47054436987322895,1.6138279932546373,0.03810240197751998,-0.040531461642004725,-0.0039016489385496245,88937,4863,-0.040531461642004725,non_overlapping,observed,all_eligible
baseline_plus_historical_demand,5,1,software,acute_selloff,68,0.6323529411764706,0.36764705882352944,1.1153846153846154,0.07714287991575203,-0.053013640614388416,0.037435872058706736,152481,8862,-0.053013640614388416,non_overlapping,observed,all_eligible
baseline_plus_historical_demand,5,1,software,correction,676,0.5488165680473372,0.4511834319526627,1.5014836795252227,0.045196953372569786,-0.04734787555668138,0.0036517470348035935,152481,8862,-0.04734787555668138,non_overlapping,observed,all_eligible
baseline_plus_historical_demand,5,1,software,range_bound,479,0.6409185803757829,0.35908141962421714,1.6177606177606179,0.05273961964531605,-0.0341376901789054,0.01695555266376168,152481,8862,-0.0341376901789054,non_overlapping,observed,all_eligible
baseline_plus_historical_demand,5,1,software,under_pressure,984,0.5121951219512195,0.4878048780487805,1.6506276150627615,0.042766009366103946,-0.04050818867762478,0.0035585324042566604,152481,8862,-0.04050818867762478,non_overlapping,observed,all_eligible
baseline_plus_historical_demand,5,1,software,uptrend,1981,0.5951539626451288,0.4048460373548713,1.7929411764705883,0.04341545238339689,-0.037740516339311705,0.005948115708294983,152481,8862,-0.037740516339311705,non_overlapping,observed,all_eligible
baseline_plus_historical_demand,5,2,other,acute_selloff,166,0.39759036144578314,0.6024096385542169,1.5346534653465347,0.09560320218937939,-0.11087855529269655,-0.0033981481412583415,168110,8195,-0.11087855529269655,non_overlapping,observed,all_eligible
baseline_plus_historical_demand,5,2,other,correction,462,0.6017316017316018,0.39826839826839827,1.3216783216783217,0.06295495278200014,-0.052727381173659445,0.011773143519916533,168110,8195,-0.052727381173659445,non_overlapping,observed,all_eligible
baseline_plus_historical_demand,5,2,other,range_bound,217,0.6543778801843319,0.3456221198156682,1.5677966101694916,0.06091187789256497,-0.0352561594547784,0.022727560733402177,168110,8195,-0.0352561594547784,non_overlapping,observed,all_eligible
baseline_plus_historical_demand,5,2,other,under_pressure,896,0.5569196428571429,0.44308035714285715,1.6308724832214765,0.04657809187564108,-0.03920146385534417,0.005506694063660057,168110,8195,-0.03920146385534417,non_overlapping,observed,all_eligible
baseline_plus_historical_demand,5,2,other,uptrend,3720,0.556989247311828,0.443010752688172,1.6587817859254879,0.045165957118937984,-0.037515293745288,0.006031864584495797,168110,8195,-0.037515293745288,non_overlapping,observed,all_eligible
baseline_plus_historical_demand,5,2,semiconductor,acute_selloff,97,0.5773195876288659,0.422680412371134,0.9682539682539683,0.102687584129731,-0.08846168156922359,0.015744115761454236,88937,4863,-0.08846168156922359,non_overlapping,observed,all_eligible
baseline_plus_historical_demand,5,2,semiconductor,correction,260,0.6307692307692307,0.36923076923076925,1.3225806451612903,0.0680132788720575,-0.05171010335364453,0.01921732095392098,88937,4863,-0.05171010335364453,non_overlapping,observed,all_eligible
baseline_plus_historical_demand,5,2,semiconductor,range_bound,126,0.6587301587301587,0.3412698412698413,1.25,0.06816031897096568,-0.03595442793181489,0.02863259689388708,88937,4863,-0.03595442793181489,non_overlapping,observed,all_eligible
baseline_plus_historical_demand,5,2,semiconductor,under_pressure,468,0.5598290598290598,0.44017094017094016,1.2508591065292096,0.052527849353460214,-0.04338275196367202,0.009425830003183663,88937,4863,-0.04338275196367202,non_overlapping,observed,all_eligible
baseline_plus_historical_demand,5,2,semiconductor,uptrend,2025,0.5417283950617284,0.4582716049382716,1.4970817120622568,0.04841586395677233,-0.04261618909778973,0.005170825384539182,88937,4863,-0.04261618909778973,non_overlapping,observed,all_eligible
baseline_plus_historical_demand,5,2,software,acute_selloff,164,0.4268292682926829,0.573170731707317,1.2280701754385965,0.11455769006658675,-0.079768304511374,0.040702677611887166,152481,8862,-0.079768304511374,non_overlapping,observed,all_eligible
baseline_plus_historical_demand,5,2,software,correction,430,0.6162790697674418,0.38372093023255816,1.3835616438356164,0.06849475733405663,-0.05215944956520187,0.018292051122609794,152481,8862,-0.05215944956520187,non_overlapping,observed,all_eligible
baseline_plus_historical_demand,5,2,software,range_bound,206,0.7038834951456311,0.2961165048543689,1.4015151515151516,0.06417097228841134,-0.03134790899646838,0.023505518476584015,152481,8862,-0.03134790899646838,non_overlapping,observed,all_eligible
baseline_plus_historical_demand,5,2,software,under_pressure,745,0.5073825503355704,0.49261744966442955,1.5390625,0.047046466447445846,-0.04605276251000763,0.00289425644361318,152481,8862,-0.04605276251000763,non_overlapping,observed,all_eligible
baseline_plus_historical_demand,5,2,software,uptrend,3255,0.5548387096774193,0.44516129032258067,1.589923469387755,0.05101505710333054,-0.04247261163413666,0.008104796525401654,152481,8862,-0.04247261163413666,non_overlapping,observed,all_eligible
baseline_plus_historical_demand,5,3,other,acute_selloff,262,0.49236641221374045,0.5076335877862596,1.4509803921568627,0.04711768386037122,-0.04899222965203883,0.006281576371459862,168110,8195,-0.04899222965203883,non_overlapping,observed,all_eligible
baseline_plus_historical_demand,5,3,other,correction,1969,0.5033011681056374,0.49669883189436265,1.4044834307992202,0.04672017713290297,-0.045614561362551535,0.001402854333715123,168110,8195,-0.045614561362551535,non_overlapping,observed,all_eligible
baseline_plus_historical_demand,5,3,other,range_bound,1117,0.5487914055505819,0.4512085944494181,1.6076388888888888,0.04282537818351024,-0.03522857813664231,0.005178123863537572,168110,8195,-0.03522857813664231,non_overlapping,observed,all_eligible
baseline_plus_historical_demand,5,3,other,under_pressure,710,0.5183098591549296,0.48169014084507045,1.468944099378882,0.03866772633427345,-0.037007963601188056,0.0005405299851699973,168110,8195,-0.037007963601188056,non_overlapping,observed,all_eligible
baseline_plus_historical_demand,5,3,other,uptrend,1624,0.4870689655172414,0.5129310344827587,1.7525423728813558,0.031548997541017545,-0.03640792424218152,-0.0036680496436205146,168110,8195,-0.03640792424218152,non_overlapping,observed,all_eligible
baseline_plus_historical_demand,5,3,semiconductor,acute_selloff,137,0.45255474452554745,0.5474452554744526,1.4523809523809523,0.05563425518925259,-0.06409082280885468,0.005745504219053463,88937,4863,-0.06409082280885468,non_overlapping,observed,all_eligible
baseline_plus_historical_demand,5,3,semiconductor,correction,1024,0.4443359375,0.5556640625,1.3129251700680271,0.0571907573933869,-0.05371801289532872,0.003636994978741888,88937,4863,-0.05371801289532872,non_overlapping,observed,all_eligible
baseline_plus_historical_demand,5,3,semiconductor,range_bound,612,0.4820261437908497,0.5179738562091504,1.2944297082228118,0.056214050233758195,-0.045445977139452254,0.006148572130294312,88937,4863,-0.045445977139452254,non_overlapping,observed,all_eligible
baseline_plus_historical_demand,5,3,semiconductor,under_pressure,390,0.4897435897435897,0.5102564102564102,1.0956937799043063,0.045982918112757294,-0.05098615954613708,-0.007018627958334052,88937,4863,-0.05098615954613708,non_overlapping,observed,all_eligible
baseline_plus_historical_demand,5,3,semiconductor,uptrend,933,0.47266881028938906,0.5273311897106109,1.4410377358490567,0.0436932593559635,-0.044162321268459405,-0.0006652825043911857,88937,4863,-0.044162321268459405,non_overlapping,observed,all_eligible
baseline_plus_historical_demand,5,3,software,acute_selloff,239,0.5062761506276151,0.49372384937238495,1.116564417177914,0.07490618007054166,-0.06253573999512543,0.01770210287023576,152481,8862,-0.06253573999512543,non_overlapping,observed,all_eligible
baseline_plus_historical_demand,5,3,software,correction,1889,0.43462149285336155,0.5653785071466384,1.1783317353787153,0.058760687982120925,-0.06388774896346872,-0.007367513769571468,152481,8862,-0.06388774896346872,non_overlapping,observed,all_eligible
baseline_plus_historical_demand,5,3,software,range_bound,1157,0.5125324114088159,0.4874675885911841,1.2608695652173914,0.057554698008029107,-0.0497882724810132,0.0027318318870689935,152481,8862,-0.0497882724810132,non_overlapping,observed,all_eligible
baseline_plus_historical_demand,5,3,software,under_pressure,717,0.5090655509065551,0.4909344490934449,1.2903225806451613,0.04984382392615369,-0.04941041637150588,-0.004819329507550901,152481,8862,-0.04941041637150588,non_overlapping,observed,all_eligible
baseline_plus_historical_demand,5,3,software,uptrend,1680,0.4994047619047619,0.5005952380952381,1.4744121715076073,0.045854143232831795,-0.04421933608188329,-0.0011033929788444976,152481,8862,-0.04421933608188329,non_overlapping,observed,all_eligible
baseline_plus_historical_demand,5,4,other,acute_selloff,32,0.9375,0.0625,0.8636363636363636,0.04995415654982374,-0.013903195718465076,0.026740637219806157,168110,8195,-0.013903195718465076,non_overlapping,observed,all_eligible
baseline_plus_historical_demand,5,4,other,correction,355,0.5661971830985916,0.43380281690140843,1.8541666666666667,0.04650444698518727,-0.033654676150685674,0.015950594848520964,168110,8195,-0.033654676150685674,non_overlapping,observed,all_eligible
baseline_plus_historical_demand,5,4,other,range_bound,473,0.5560253699788583,0.4439746300211416,1.8232323232323233,0.03937125193572161,-0.032513491253204144,0.0010880419163102825,168110,8195,-0.032513491253204144,non_overlapping,observed,all_eligible
baseline_plus_historical_demand,5,4,other,under_pressure,1643,0.4936092513694461,0.5063907486305539,1.6244477172312224,0.03509263430375915,-0.03753829251721615,-0.004305964734275498,168110,8195,-0.03753829251721615,non_overlapping,observed,all_eligible
baseline_plus_historical_demand,5,4,other,uptrend,3667,0.5530406326697573,0.4469593673302427,1.699877750611247,0.037334733785547754,-0.031153984794279575,0.005551010711821778,168110,8195,-0.031153984794279575,non_overlapping,observed,all_eligible
baseline_plus_historical_demand,5,4,semiconductor,acute_selloff,12,0.5833333333333334,0.4166666666666667,0.9,0.0798076601181288,-0.04165320143375797,0.04043506229681492,88937,4863,-0.04165320143375797,non_overlapping,observed,all_eligible
baseline_plus_historical_demand,5,4,semiconductor,correction,169,0.5443786982248521,0.4556213017751479,1.5784313725490196,0.05677542493648358,-0.05660194509804216,0.01542150711025146,88937,4863,-0.05660194509804216,non_overlapping,observed,all_eligible
baseline_plus_historical_demand,5,4,semiconductor,range_bound,224,0.47767857142857145,0.5223214285714286,1.606837606837607,0.04892320215693973,-0.05216356793785875,-0.005749895247435836,88937,4863,-0.05216356793785875,non_overlapping,observed,all_eligible
baseline_plus_historical_demand,5,4,semiconductor,under_pressure,876,0.4577625570776256,0.5422374429223744,1.3291139240506329,0.042456912873622736,-0.050156285752775524,-0.009338446532148865,88937,4863,-0.050156285752775524,non_overlapping,observed,all_eligible
baseline_plus_historical_demand,5,4,semiconductor,uptrend,1978,0.5121334681496461,0.4878665318503539,1.3339824732229795,0.053471879741719956,-0.044169759229117735,0.006239944881923058,88937,4863,-0.044169759229117735,non_overlapping,observed,all_eligible
baseline_plus_historical_demand,5,4,software,acute_selloff,24,0.9166666666666666,0.08333333333333333,1.2,0.09327391209977087,-0.022985572232458156,0.05461526135981868,152481,8862,-0.022985572232458156,non_overlapping,observed,all_eligible
baseline_plus_historical_demand,5,4,software,correction,379,0.5910290237467019,0.40897097625329815,1.7268518518518519,0.05380520410917848,-0.03825253963354772,0.022986507448446977,152481,8862,-0.03825253963354772,non_overlapping,observed,all_eligible
baseline_plus_historical_demand,5,4,software,range_bound,473,0.5919661733615222,0.4080338266384778,1.6527777777777777,0.04345078106397204,-0.036855947703919305,0.003642787149865711,152481,8862,-0.036855947703919305,non_overlapping,observed,all_eligible
baseline_plus_historical_demand,5,4,software,under_pressure,1724,0.5011600928074246,0.4988399071925754,1.5037688442211055,0.043954092131597386,-0.04231081626147149,-0.00039084877301168755,152481,8862,-0.04231081626147149,non_overlapping,observed,all_eligible
baseline_plus_historical_demand,5,4,software,uptrend,3797,0.5417434816960759,0.45825651830392417,1.5340720221606647,0.04825585968175391,-0.038579837464962255,0.006555517120855467,152481,8862,-0.038579837464962255,non_overlapping,observed,all_eligible
baseline_plus_historical_demand,5,5,other,acute_selloff,42,0.6904761904761905,0.30952380952380953,0.9375,0.06969164974958415,-0.04536432951590962,0.04329831957815237,168110,8195,-0.04536432951590962,non_overlapping,observed,all_eligible
baseline_plus_historical_demand,5,5,other,correction,547,0.5301645338208409,0.46983546617915906,1.4006849315068493,0.04709792608752356,-0.050999886935840726,-0.000705165070417271,168110,8195,-0.050999886935840726,non_overlapping,observed,all_eligible
baseline_plus_historical_demand,5,5,other,range_bound,246,0.6056910569105691,0.3943089430894309,1.4306569343065694,0.05037161922893943,-0.03329829758473142,0.016808958997080087,168110,8195,-0.03329829758473142,non_overlapping,observed,all_eligible
baseline_plus_historical_demand,5,5,other,under_pressure,1690,0.5254437869822485,0.47455621301775147,1.4457274826789839,0.04655394384015448,-0.03972594600583591,0.006386162345411472,168110,8195,-0.03972594600583591,non_overlapping,observed,all_eligible
baseline_plus_historical_demand,5,5,other,uptrend,3701,0.5139151580653877,0.48608484193461227,1.6534341524889729,0.039058497650144346,-0.03700872447728248,0.0016647168962818707,168110,8195,-0.03700872447728248,non_overlapping,observed,all_eligible
baseline_plus_historical_demand,5,5,semiconductor,acute_selloff,23,0.6956521739130435,0.30434782608695654,0.9047619047619048,0.11482411107054015,-0.05611438332405516,0.040182708299152395,88937,4863,-0.05611438332405516,non_overlapping,observed,all_eligible
baseline_plus_historical_demand,5,5,semiconductor,correction,260,0.5115384615384615,0.48846153846153845,1.123456790123457,0.06324807409888662,-0.07443936071192589,-0.007204576608437568,88937,4863,-0.07443936071192589,non_overlapping,observed,all_eligible
baseline_plus_historical_demand,5,5,semiconductor,range_bound,139,0.762589928057554,0.23741007194244604,1.1785714285714286,0.10221456897140144,-0.03875819744458072,0.06230166460365485,88937,4863,-0.03875819744458072,non_overlapping,observed,all_eligible
baseline_plus_historical_demand,5,5,semiconductor,under_pressure,944,0.5328389830508474,0.4671610169491525,1.1220735785953178,0.08516221963133866,-0.062098377327258064,0.020225478247290846,88937,4863,-0.062098377327258064,non_overlapping,observed,all_eligible
baseline_plus_historical_demand,5,5,semiconductor,uptrend,1940,0.4948453608247423,0.5051546391752577,1.3265845070422535,0.07507341465171256,-0.05739838896265442,0.013477637273805958,88937,4863,-0.05739838896265442,non_overlapping,observed,all_eligible
baseline_plus_historical_demand,5,5,software,acute_selloff,38,0.7894736842105263,0.21052631578947367,0.8484848484848485,0.10321622879575924,-0.04052030449008404,0.0552387193084314,152481,8862,-0.04052030449008404,non_overlapping,observed,all_eligible
baseline_plus_historical_demand,5,5,software,correction,556,0.4784172661870504,0.5215827338129496,1.3123028391167193,0.055406353462071366,-0.06099333359900245,-0.002711375731304985,152481,8862,-0.06099333359900245,non_overlapping,observed,all_eligible
baseline_plus_historical_demand,5,5,software,range_bound,247,0.7327935222672065,0.26720647773279355,1.308139534883721,0.08092955198560974,-0.030247432919542884,0.043828898666327575,152481,8862,-0.030247432919542884,non_overlapping,observed,all_eligible
baseline_plus_historical_demand,5,5,software,under_pressure,1682,0.5011890606420928,0.49881093935790727,1.2727272727272727,0.05840639832072748,-0.05194880331407031,0.004653795475508085,152481,8862,-0.05194880331407031,non_overlapping,observed,all_eligible
baseline_plus_historical_demand,5,5,software,uptrend,3860,0.4689119170984456,0.5310880829015544,1.4752136752136753,0.05362525144049133,-0.050912138412473086,0.0007975440602262633,152481,8862,-0.050912138412473086,non_overlapping,observed,all_eligible
baseline_plus_historical_demand,10,1,other,acute_selloff,35,0.5142857142857142,0.4857142857142857,1.4814814814814814,0.0681301837421754,-0.04735938190443738,0.018306731678193876,168110,8195,-0.04735938190443738,non_overlapping,observed,all_eligible
baseline_plus_historical_demand,10,1,other,correction,455,0.46373626373626375,0.5362637362637362,2.718861209964413,0.06362682859181099,-0.05332941359804282,0.007726247850920944,168110,8195,-0.05332941359804282,non_overlapping,observed,all_eligible
baseline_plus_historical_demand,10,1,other,range_bound,320,0.559375,0.440625,3.262135922330097,0.05081780409461915,-0.032057006984624645,0.01862213676530531,168110,8195,-0.032057006984624645,non_overlapping,observed,all_eligible
baseline_plus_historical_demand,10,1,other,under_pressure,673,0.4115898959881129,0.5884101040118871,2.852054794520548,0.04489943784116301,-0.047270968324437564,-0.0010924281581530975,168110,8195,-0.047270968324437564,non_overlapping,observed,all_eligible
baseline_plus_historical_demand,10,1,other,uptrend,1350,0.4103703703703704,0.5896296296296296,3.239193083573487,0.041195477861919114,-0.046633326554680866,-0.003970852730263397,168110,8195,-0.046633326554680866,non_overlapping,observed,all_eligible
baseline_plus_historical_demand,10,1,semiconductor,acute_selloff,29,0.4827586206896552,0.5172413793103449,1.5833333333333333,0.08157252459276391,-0.05360143664636349,0.029733333085706533,88937,4863,-0.05360143664636349,non_overlapping,observed,all_eligible
baseline_plus_historical_demand,10,1,semiconductor,correction,209,0.3157894736842105,0.6842105263157895,2.8652482269503547,0.07009493576977299,-0.07311928188587054,-0.003316834536912222,88937,4863,-0.07311928188587054,non_overlapping,observed,all_eligible
baseline_plus_historical_demand,10,1,semiconductor,range_bound,159,0.610062893081761,0.389937106918239,2.256,0.0927767013214107,-0.03667597455809852,0.04855318605837316,88937,4863,-0.03667597455809852,non_overlapping,observed,all_eligible
baseline_plus_historical_demand,10,1,semiconductor,under_pressure,335,0.3402985074626866,0.6597014925373135,2.3980582524271843,0.061143817788387636,-0.0649621311438225,0.0022157936180364035,88937,4863,-0.0649621311438225,non_overlapping,observed,all_eligible
baseline_plus_historical_demand,10,1,semiconductor,uptrend,696,0.37787356321839083,0.6221264367816092,2.8651399491094147,0.05526785278403319,-0.06227425380619163,-0.006693551592890811,88937,4863,-0.06227425380619163,non_overlapping,observed,all_eligible
baseline_plus_historical_demand,10,1,software,acute_selloff,21,0.6190476190476191,0.38095238095238093,1.1111111111111112,0.12304911959191961,-0.05742388743687489,0.08334186535507125,152481,8862,-0.05742388743687489,non_overlapping,observed,all_eligible
baseline_plus_historical_demand,10,1,software,correction,320,0.434375,0.565625,3.0821917808219177,0.06315331875833141,-0.06646293345822099,0.005789048273379271,152481,8862,-0.06646293345822099,non_overlapping,observed,all_eligible
baseline_plus_historical_demand,10,1,software,range_bound,231,0.5627705627705628,0.43722943722943725,2.8848484848484848,0.08389109892050972,-0.04510136032157169,0.03392874853816271,152481,8862,-0.04510136032157169,non_overlapping,observed,all_eligible
baseline_plus_historical_demand,10,1,software,under_pressure,537,0.4022346368715084,0.5977653631284916,2.790273556231003,0.061834505672487584,-0.05979118304401089,0.003616676726459718,152481,8862,-0.05979118304401089,non_overlapping,observed,all_eligible
baseline_plus_historical_demand,10,1,software,uptrend,999,0.46846846846846846,0.5315315315315315,3.0697278911564627,0.06722728230550647,-0.055448888199697656,0.013213706080658555,152481,8862,-0.055448888199697656,non_overlapping,observed,all_eligible
baseline_plus_historical_demand,10,2,other,acute_selloff,81,0.2839506172839506,0.7160493827160493,2.2758620689655173,0.11990026809505172,-0.1607105166301804,-0.023334710971100618,168110,8195,-0.1607105166301804,non_overlapping,observed,all_eligible
baseline_plus_historical_demand,10,2,other,correction,231,0.47619047619047616,0.5238095238095238,2.3555555555555556,0.09351093568322956,-0.07028952323481182,0.025091422642176148,168110,8195,-0.07028952323481182,non_overlapping,observed,all_eligible
baseline_plus_historical_demand,10,2,other,range_bound,108,0.5370370370370371,0.46296296296296297,2.935064935064935,0.09282905780167257,-0.04470487048864739,0.03574065054705782,168110,8195,-0.04470487048864739,non_overlapping,observed,all_eligible
baseline_plus_historical_demand,10,2,other,under_pressure,458,0.4847161572052402,0.5152838427947598,2.9766666666666666,0.07621988520023285,-0.05395904412482174,0.025356551412091737,168110,8195,-0.05395904412482174,non_overlapping,observed,all_eligible
baseline_plus_historical_demand,10,2,other,uptrend,1874,0.4423692636072572,0.5576307363927427,2.9841129744042365,0.07231443410814396,-0.05344903772603323,0.012861987992406931,168110,8195,-0.05344903772603323,non_overlapping,observed,all_eligible
baseline_plus_historical_demand,10,2,semiconductor,acute_selloff,42,0.38095238095238093,0.6190476190476191,1.4230769230769231,0.12978674550111138,-0.12887685636428495,0.00553556616282829,88937,4863,-0.12887685636428495,non_overlapping,observed,all_eligible
baseline_plus_historical_demand,10,2,semiconductor,correction,131,0.5648854961832062,0.4351145038167939,2.25,0.09073423382353268,-0.0724902565500259,0.024529124883132376,88937,4863,-0.0724902565500259,non_overlapping,observed,all_eligible
baseline_plus_historical_demand,10,2,semiconductor,range_bound,63,0.6031746031746031,0.3968253968253968,2.02,0.1253441433266877,-0.05019267586750065,0.058836699793218435,88937,4863,-0.05019267586750065,non_overlapping,observed,all_eligible
baseline_plus_historical_demand,10,2,semiconductor,under_pressure,242,0.5041322314049587,0.49586776859504134,2.1813471502590676,0.08871482109139306,-0.0494360063239423,0.04017672880033633,88937,4863,-0.0494360063239423,non_overlapping,observed,all_eligible
baseline_plus_historical_demand,10,2,semiconductor,uptrend,1021,0.4015670910871694,0.5984329089128305,2.738235294117647,0.07368530579992738,-0.0617342737135563,0.009441157216847488,88937,4863,-0.0617342737135563,non_overlapping,observed,all_eligible
baseline_plus_historical_demand,10,2,software,acute_selloff,76,0.25,0.75,1.6721311475409837,0.16973351313419974,-0.13575343101209658,-0.005940507972112263,152481,8862,-0.13575343101209658,non_overlapping,observed,all_eligible
baseline_plus_historical_demand,10,2,software,correction,220,0.5681818181818182,0.4318181818181818,2.1666666666666665,0.09857355336851657,-0.07107184549144388,0.029634586830789088,152481,8862,-0.07107184549144388,non_overlapping,observed,all_eligible
baseline_plus_historical_demand,10,2,software,range_bound,97,0.6082474226804123,0.3917525773195876,1.9466666666666668,0.08309467225315739,-0.04427259345694198,0.027305380117337238,152481,8862,-0.04427259345694198,non_overlapping,observed,all_eligible
baseline_plus_historical_demand,10,2,software,under_pressure,372,0.43010752688172044,0.5698924731182796,2.840909090909091,0.07849658987966125,-0.05865217714992459,0.020257188431792212,152481,8862,-0.05865217714992459,non_overlapping,observed,all_eligible
baseline_plus_historical_demand,10,2,software,uptrend,1655,0.4326283987915408,0.5673716012084592,2.886278195488722,0.076616070587125,-0.06105255795667633,0.014221722805370178,152481,8862,-0.06105255795667633,non_overlapping,observed,all_eligible
baseline_plus_historical_demand,10,3,other,acute_selloff,128,0.421875,0.578125,2.210526315789474,0.0706429695435498,-0.06960451927830921,0.0032123431760909676,168110,8195,-0.06960451927830921,non_overlapping,observed,all_eligible
baseline_plus_historical_demand,10,3,other,correction,988,0.3724696356275304,0.6275303643724697,2.6722054380664653,0.0683827763642932,-0.06620944566069728,0.006452257877332931,168110,8195,-0.06620944566069728,non_overlapping,observed,all_eligible
baseline_plus_historical_demand,10,3,other,range_bound,556,0.420863309352518,0.579136690647482,2.6204986149584486,0.0650036985243742,-0.05116154447800774,0.0074084692002545785,168110,8195,-0.05116154447800774,non_overlapping,observed,all_eligible
baseline_plus_historical_demand,10,3,other,under_pressure,369,0.4010840108401084,0.5989159891598916,3.092511013215859,0.05110746815660189,-0.05639858360264401,-0.004991124231649528,168110,8195,-0.05639858360264401,non_overlapping,observed,all_eligible
baseline_plus_historical_demand,10,3,other,uptrend,818,0.33863080684596575,0.6613691931540342,3.142857142857143,0.04397806844525071,-0.05329611984685312,-0.008418723405304723,168110,8195,-0.05329611984685312,non_overlapping,observed,all_eligible
baseline_plus_historical_demand,10,3,semiconductor,acute_selloff,64,0.359375,0.640625,2.6779661016949152,0.08859371499389852,-0.0800281918686904,0.019134975074592067,88937,4863,-0.0800281918686904,non_overlapping,observed,all_eligible
baseline_plus_historical_demand,10,3,semiconductor,correction,523,0.3173996175908222,0.6826003824091779,2.2395543175487465,0.08588850182086079,-0.07899369674469475,0.010292736075130511,88937,4863,-0.07899369674469475,non_overlapping,observed,all_eligible
baseline_plus_historical_demand,10,3,semiconductor,range_bound,304,0.3651315789473684,0.6348684210526315,1.912442396313364,0.07736779892191449,-0.06672189428673993,0.0007547176906374797,88937,4863,-0.06672189428673993,non_overlapping,observed,all_eligible
baseline_plus_historical_demand,10,3,semiconductor,under_pressure,196,0.32653061224489793,0.673469387755102,2.168,0.06648812479885137,-0.07316608719378848,-0.010109791044886414,88937,4863,-0.07316608719378848,non_overlapping,observed,all_eligible
baseline_plus_historical_demand,10,3,semiconductor,uptrend,475,0.32421052631578945,0.6757894736842105,2.844765342960289,0.06283643238041128,-0.06278890176938096,-0.0012112821051529442,88937,4863,-0.06278890176938096,non_overlapping,observed,all_eligible
baseline_plus_historical_demand,10,3,software,acute_selloff,123,0.34959349593495936,0.6504065040650406,1.8936170212765957,0.10255205212661804,-0.09965766504895192,0.0003587812032371741,152481,8862,-0.09965766504895192,non_overlapping,observed,all_eligible
baseline_plus_historical_demand,10,3,software,correction,943,0.3213149522799576,0.6786850477200425,2.2921174652241114,0.0817755500773678,-0.09262599958796976,-0.007398435951878691,152481,8862,-0.09262599958796976,non_overlapping,observed,all_eligible
baseline_plus_historical_demand,10,3,software,range_bound,572,0.3811188811188811,0.6188811188811189,2.098984771573604,0.09056021711239026,-0.07349037768723704,0.004432667830138723,152481,8862,-0.07349037768723704,non_overlapping,observed,all_eligible
baseline_plus_historical_demand,10,3,software,under_pressure,379,0.35356200527704484,0.6464379947229552,2.411255411255411,0.0676271799855288,-0.0743789451569947,-0.011201753832142607,152481,8862,-0.0743789451569947,non_overlapping,observed,all_eligible
baseline_plus_historical_demand,10,3,software,uptrend,846,0.3747044917257683,0.6252955082742316,2.652173913043478,0.06738727867530574,-0.06239847422846767,-0.005767088947915738,152481,8862,-0.06239847422846767,non_overlapping,observed,all_eligible
baseline_plus_historical_demand,10,4,other,acute_selloff,20,0.95,0.05,2.0526315789473686,0.0910542746012847,-0.0136308086293855,0.06983006087034935,168110,8195,-0.0136308086293855,non_overlapping,observed,all_eligible
baseline_plus_historical_demand,10,4,other,correction,185,0.4594594594594595,0.5405405405405406,3.360294117647059,0.07288252456853932,-0.038290514815134985,0.0383273789959351,168110,8195,-0.038290514815134985,non_overlapping,observed,all_eligible
baseline_plus_historical_demand,10,4,other,range_bound,212,0.37264150943396224,0.6273584905660378,3.076923076923077,0.04669081127506331,-0.049765818230462174,-0.0013100794130620848,168110,8195,-0.049765818230462174,non_overlapping,observed,all_eligible
baseline_plus_historical_demand,10,4,other,under_pressure,793,0.35687263556116017,0.6431273644388399,2.9461206896551726,0.05129129085660761,-0.05665138477089544,-0.00876723366519544,168110,8195,-0.05665138477089544,non_overlapping,observed,all_eligible
baseline_plus_historical_demand,10,4,other,uptrend,1895,0.43588390501319263,0.5641160949868074,3.099378881987578,0.05818620129268628,-0.04360910934796787,0.013403505451801087,168110,8195,-0.04360910934796787,non_overlapping,observed,all_eligible
baseline_plus_historical_demand,10,4,semiconductor,acute_selloff,5,0.6,0.4,2.2,0.13696450300311858,-0.03346614458819652,0.1280227937001373,88937,4863,-0.03346614458819652,non_overlapping,observed,all_eligible
baseline_plus_historical_demand,10,4,semiconductor,correction,79,0.4810126582278481,0.5189873417721519,2.696969696969697,0.08349635735475112,-0.0645353196024249,0.026582781112999387,88937,4863,-0.0645353196024249,non_overlapping,observed,all_eligible
baseline_plus_historical_demand,10,4,semiconductor,range_bound,111,0.36036036036036034,0.6396396396396397,2.5522388059701493,0.07828034516527768,-0.07508220371220264,0.0011217909064257477,88937,4863,-0.07508220371220264,non_overlapping,observed,all_eligible
baseline_plus_historical_demand,10,4,semiconductor,under_pressure,425,0.32,0.68,2.5793650793650795,0.05755915200357387,-0.08007187411836172,-0.019286087861853773,88937,4863,-0.08007187411836172,non_overlapping,observed,all_eligible
baseline_plus_historical_demand,10,4,semiconductor,uptrend,1021,0.4054848188050931,0.594515181194907,2.392481203007519,0.08083808143119453,-0.0636322634898254,0.010204473541361718,88937,4863,-0.0636322634898254,non_overlapping,observed,all_eligible
baseline_plus_historical_demand,10,4,software,acute_selloff,12,0.9166666666666666,0.08333333333333333,4.166666666666667,0.18237987641795514,-0.0298007179611461,0.16639014187686993,152481,8862,-0.0298007179611461,non_overlapping,observed,all_eligible
baseline_plus_historical_demand,10,4,software,correction,188,0.5,0.5,3.1862068965517243,0.08120953859692905,-0.04690781923474682,0.04255086186740709,152481,8862,-0.04690781923474682,non_overlapping,observed,all_eligible
baseline_plus_historical_demand,10,4,software,range_bound,237,0.47257383966244726,0.5274261603375527,2.9027777777777777,0.065860803480999,-0.04821053512968814,0.015936605555730125,152481,8862,-0.04821053512968814,non_overlapping,observed,all_eligible
baseline_plus_historical_demand,10,4,software,under_pressure,851,0.3807285546415981,0.6192714453584018,2.574669187145558,0.06206478665785813,-0.06419915837261826,-0.0025995095917420853,152481,8862,-0.06419915837261826,non_overlapping,observed,all_eligible
baseline_plus_historical_demand,10,4,software,uptrend,1936,0.4142561983471074,0.5857438016528925,2.832098765432099,0.07340706584654363,-0.05521925107964293,0.012946048968395692,152481,8862,-0.05521925107964293,non_overlapping,observed,all_eligible
baseline_plus_historical_demand,10,5,other,acute_selloff,19,0.47368421052631576,0.5263157894736842,2.0588235294117645,0.07979766242874363,-0.053215505888037085,0.032222222781392106,168110,8195,-0.053215505888037085,non_overlapping,observed,all_eligible
baseline_plus_historical_demand,10,5,other,correction,272,0.43014705882352944,0.5698529411764706,2.287292817679558,0.07235044068243851,-0.07562402647447088,0.0077490557757729705,168110,8195,-0.07562402647447088,non_overlapping,observed,all_eligible
baseline_plus_historical_demand,10,5,other,range_bound,109,0.4954128440366973,0.5045871559633027,2.5063291139240507,0.07577557706311305,-0.043957757589884995,0.023483977712663577,168110,8195,-0.043957757589884995,non_overlapping,observed,all_eligible
baseline_plus_historical_demand,10,5,other,under_pressure,821,0.41291108404384896,0.587088915956151,2.4599627560521413,0.06744598745714578,-0.057902737953936606,0.005297015655784665,168110,8195,-0.057902737953936606,non_overlapping,observed,all_eligible
baseline_plus_historical_demand,10,5,other,uptrend,1882,0.39054197662061635,0.6094580233793836,3.076923076923077,0.06165241849417148,-0.05185207125915586,0.008949518282522037,168110,8195,-0.05185207125915586,non_overlapping,observed,all_eligible
baseline_plus_historical_demand,10,5,semiconductor,acute_selloff,11,0.5454545454545454,0.45454545454545453,0.8,0.12782368624521775,-0.0735131035698862,0.012581999686848346,88937,4863,-0.0735131035698862,non_overlapping,observed,all_eligible
baseline_plus_historical_demand,10,5,semiconductor,correction,129,0.4263565891472868,0.5736434108527132,2.5157894736842104,0.10657655568536707,-0.10501357548641886,0.019834642010528366,88937,4863,-0.10501357548641886,non_overlapping,observed,all_eligible
baseline_plus_historical_demand,10,5,semiconductor,range_bound,65,0.8153846153846154,0.18461538461538463,1.5833333333333333,0.18724929767543524,-0.03580646858581722,0.11827903411068881,88937,4863,-0.03580646858581722,non_overlapping,observed,all_eligible
baseline_plus_historical_demand,10,5,semiconductor,under_pressure,489,0.4069529652351738,0.5930470347648262,1.8248587570621468,0.12369721620415608,-0.08883312447283156,0.02082324174687062,88937,4863,-0.08883312447283156,non_overlapping,observed,all_eligible
baseline_plus_historical_demand,10,5,semiconductor,uptrend,954,0.3920335429769392,0.6079664570230608,2.438395415472779,0.12014480169408065,-0.0758949584493749,0.036200957604450384,88937,4863,-0.0758949584493749,non_overlapping,observed,all_eligible
baseline_plus_historical_demand,10,5,software,acute_selloff,23,0.6956521739130435,0.30434782608695654,1.3333333333333333,0.1004805213631206,-0.05367691499900277,0.029488494474069007,152481,8862,-0.05367691499900277,non_overlapping,observed,all_eligible
baseline_plus_historical_demand,10,5,software,correction,281,0.33807829181494664,0.6619217081850534,2.4615384615384617,0.08347135115672094,-0.09188364233425594,0.0129468425062774,152481,8862,-0.09188364233425594,non_overlapping,observed,all_eligible
baseline_plus_historical_demand,10,5,software,range_bound,125,0.632,0.368,1.79,0.11257810993002672,-0.039201458630626934,0.05084750561550507,152481,8862,-0.039201458630626934,non_overlapping,observed,all_eligible
baseline_plus_historical_demand,10,5,software,under_pressure,820,0.37682926829268293,0.6231707317073171,2.291115311909263,0.0862991380918991,-0.07416230540694961,0.005868618994160274,152481,8862,-0.07416230540694961,non_overlapping,observed,all_eligible
baseline_plus_historical_demand,10,5,software,uptrend,1929,0.3421461897356143,0.6578538102643857,2.731858407079646,0.08556592833861855,-0.07213093717623668,0.007069608678212382,152481,8862,-0.07213093717623668,non_overlapping,observed,all_eligible
baseline_plus_historical_demand,20,1,other,acute_selloff,19,0.3157894736842105,0.6842105263157895,1.5,0.10067345191452726,-0.045403330904452734,0.0448828324004069,168110,8195,-0.045403330904452734,non_overlapping,observed,all_eligible
baseline_plus_historical_demand,20,1,other,correction,230,0.3652173913043478,0.6347826086956522,5.0,0.0839095107542783,-0.07093186817741284,0.01203520492191579,168110,8195,-0.07093186817741284,non_overlapping,observed,all_eligible
baseline_plus_historical_demand,20,1,other,range_bound,171,0.49122807017543857,0.5087719298245614,4.430656934306569,0.07695224961320671,-0.04295395879738642,0.029143482057335853,168110,8195,-0.04295395879738642,non_overlapping,observed,all_eligible
baseline_plus_historical_demand,20,1,other,under_pressure,314,0.3089171974522293,0.6910828025477707,5.310185185185185,0.06643758583918362,-0.06703266997972339,0.0010414290945338436,168110,8195,-0.06703266997972339,non_overlapping,observed,all_eligible
baseline_plus_historical_demand,20,1,other,uptrend,699,0.2932761087267525,0.7067238912732475,5.310267857142857,0.06269166472931566,-0.0708970426804839,-0.010011728103780159,168110,8195,-0.0708970426804839,non_overlapping,observed,all_eligible
baseline_plus_historical_demand,20,1,semiconductor,acute_selloff,17,0.4117647058823529,0.5882352941176471,2.466666666666667,0.11152485002064536,-0.07767007429650373,0.03887943552986983,88937,4863,-0.07767007429650373,non_overlapping,observed,all_eligible
baseline_plus_historical_demand,20,1,semiconductor,correction,103,0.2524271844660194,0.7475728155339806,4.426829268292683,0.10450203490085727,-0.09707998547138594,0.01058428270031291,88937,4863,-0.09707998547138594,non_overlapping,observed,all_eligible
baseline_plus_historical_demand,20,1,semiconductor,range_bound,77,0.5324675324675324,0.4675324675324675,3.4615384615384617,0.1283343101993743,-0.047368610359236105,0.06884756471941222,88937,4863,-0.047368610359236105,non_overlapping,observed,all_eligible
baseline_plus_historical_demand,20,1,semiconductor,under_pressure,158,0.21518987341772153,0.7848101265822784,4.35,0.10366684293554208,-0.09936987902719527,0.007912977791953917,88937,4863,-0.09936987902719527,non_overlapping,observed,all_eligible
baseline_plus_historical_demand,20,1,semiconductor,uptrend,370,0.25405405405405407,0.745945945945946,4.495901639344262,0.07753153144269119,-0.09337986959123395,-0.016778405306472573,88937,4863,-0.09337986959123395,non_overlapping,observed,all_eligible
baseline_plus_historical_demand,20,1,software,acute_selloff,12,0.5833333333333334,0.4166666666666667,1.2727272727272727,0.2350808841452532,-0.07315943801313042,0.19217711460025053,152481,8862,-0.07315943801313042,non_overlapping,observed,all_eligible
baseline_plus_historical_demand,20,1,software,correction,163,0.3558282208588957,0.6441717791411042,4.159090909090909,0.09764103858704541,-0.08538240154267646,0.024998310824022263,152481,8862,-0.08538240154267646,non_overlapping,observed,all_eligible
baseline_plus_historical_demand,20,1,software,range_bound,117,0.5384615384615384,0.46153846153846156,4.53932584269663,0.09348998521565897,-0.05667595839735473,0.033906107174458584,152481,8862,-0.05667595839735473,non_overlapping,observed,all_eligible
baseline_plus_historical_demand,20,1,software,under_pressure,262,0.27099236641221375,0.7290076335877863,4.585365853658536,0.08886002752960326,-0.08652983918931788,0.0027945513877360205,152481,8862,-0.08652983918931788,non_overlapping,observed,all_eligible
baseline_plus_historical_demand,20,1,software,uptrend,517,0.3713733075435203,0.6286266924564797,4.659574468085107,0.12136114350798206,-0.07603926791603013,0.025575164044747026,152481,8862,-0.07603926791603013,non_overlapping,observed,all_eligible
baseline_plus_historical_demand,20,2,other,acute_selloff,38,0.3684210526315789,0.631578947368421,2.28125,0.2045490047949262,-0.17634145797396225,0.07827645751650754,168110,8195,-0.17634145797396225,non_overlapping,observed,all_eligible
baseline_plus_historical_demand,20,2,other,correction,110,0.4,0.6,3.84,0.1578709415124621,-0.08503259218517757,0.07395083135509624,168110,8195,-0.08503259218517757,non_overlapping,observed,all_eligible
baseline_plus_historical_demand,20,2,other,range_bound,56,0.39285714285714285,0.6071428571428571,4.775510204081633,0.12460689751777385,-0.07858451446911022,0.05047343275932702,168110,8195,-0.07858451446911022,non_overlapping,observed,all_eligible
baseline_plus_historical_demand,20,2,other,under_pressure,192,0.4010416666666667,0.5989583333333334,4.571428571428571,0.12849244799178966,-0.07374926702282968,0.03038621443398362,168110,8195,-0.07374926702282968,non_overlapping,observed,all_eligible
baseline_plus_historical_demand,20,2,other,uptrend,1002,0.32934131736526945,0.6706586826347305,5.0766073871409025,0.1142035387950047,-0.07904040494590449,0.017616091149960534,168110,8195,-0.07904040494590449,non_overlapping,observed,all_eligible
baseline_plus_historical_demand,20,2,semiconductor,acute_selloff,24,0.375,0.625,3.4761904761904763,0.24621327700550855,-0.12822342547828813,0.1589695402125051,88937,4863,-0.12822342547828813,non_overlapping,observed,all_eligible
baseline_plus_historical_demand,20,2,semiconductor,correction,67,0.5970149253731343,0.40298507462686567,2.903225806451613,0.15041998308508306,-0.07018064712803417,0.07427964375849463,88937,4863,-0.07018064712803417,non_overlapping,observed,all_eligible
baseline_plus_historical_demand,20,2,semiconductor,range_bound,33,0.5151515151515151,0.48484848484848486,3.1333333333333333,0.17002151249154995,-0.06471925598788648,0.08368302761468961,88937,4863,-0.06471925598788648,non_overlapping,observed,all_eligible
baseline_plus_historical_demand,20,2,semiconductor,under_pressure,95,0.3894736842105263,0.6105263157894737,3.186046511627907,0.13818287404232918,-0.06177445404260093,0.051350857763604055,88937,4863,-0.06177445404260093,non_overlapping,observed,all_eligible
baseline_plus_historical_demand,20,2,semiconductor,uptrend,539,0.2949907235621521,0.7050092764378478,5.16546762589928,0.11353975929237757,-0.09094862254786026,0.024152216766658036,88937,4863,-0.09094862254786026,non_overlapping,observed,all_eligible
baseline_plus_historical_demand,20,2,software,acute_selloff,34,0.23529411764705882,0.7647058823529411,2.033333333333333,0.21369207213494454,-0.1986715665459602,0.08171249773757072,152481,8862,-0.1986715665459602,non_overlapping,observed,all_eligible
baseline_plus_historical_demand,20,2,software,correction,115,0.5826086956521739,0.41739130434782606,3.0,0.20838145343063177,-0.07236029111401786,0.1317877915476746,152481,8862,-0.07236029111401786,non_overlapping,observed,all_eligible
baseline_plus_historical_demand,20,2,software,range_bound,42,0.5476190476190477,0.4523809523809524,3.4634146341463414,0.15844143761802806,-0.05025325987708632,0.09427503516901023,152481,8862,-0.05025325987708632,non_overlapping,observed,all_eligible
baseline_plus_historical_demand,20,2,software,under_pressure,169,0.33136094674556216,0.6686390532544378,4.258992805755396,0.16904301845111436,-0.07567872826274888,0.07437999407689118,152481,8862,-0.07567872826274888,non_overlapping,observed,all_eligible
baseline_plus_historical_demand,20,2,software,uptrend,870,0.3310344827586207,0.6689655172413793,4.661490683229814,0.11095833753782693,-0.08689056601179118,0.02247900048278696,152481,8862,-0.08689056601179118,non_overlapping,observed,all_eligible
baseline_plus_historical_demand,20,3,other,acute_selloff,60,0.35,0.65,3.46,0.10098178486262285,-0.10016147789068941,0.007932194350867313,168110,8195,-0.10016147789068941,non_overlapping,observed,all_eligible
baseline_plus_historical_demand,20,3,other,correction,515,0.29514563106796116,0.7048543689320388,4.25,0.10256741379879886,-0.08845688825541469,0.0200279755986799,168110,8195,-0.08845688825541469,non_overlapping,observed,all_eligible
baseline_plus_historical_demand,20,3,other,range_bound,255,0.32941176470588235,0.6705882352941176,3.2628865979381443,0.08612802407022686,-0.07719519552424339,-0.006701139138584354,168110,8195,-0.07719519552424339,non_overlapping,observed,all_eligible
baseline_plus_historical_demand,20,3,other,under_pressure,179,0.2849162011173184,0.7150837988826816,5.595588235294118,0.08614495754940711,-0.07894313485495522,0.0074048146630700685,168110,8195,-0.07894313485495522,non_overlapping,observed,all_eligible
baseline_plus_historical_demand,20,3,other,uptrend,438,0.2374429223744292,0.7625570776255708,5.108208955223881,0.057722901845008626,-0.07920626980429174,-0.015162227051063354,168110,8195,-0.07920626980429174,non_overlapping,observed,all_eligible
baseline_plus_historical_demand,20,3,semiconductor,acute_selloff,32,0.1875,0.8125,2.2333333333333334,0.11031989316687599,-0.10819864255163214,-0.01645851647667509,88937,4863,-0.10819864255163214,non_overlapping,observed,all_eligible
baseline_plus_historical_demand,20,3,semiconductor,correction,260,0.25,0.75,3.5868544600938965,0.13911890720622622,-0.10443167287589852,0.03141838679947012,88937,4863,-0.10443167287589852,non_overlapping,observed,all_eligible
baseline_plus_historical_demand,20,3,semiconductor,range_bound,141,0.19858156028368795,0.8014184397163121,2.256880733944954,0.09721460141120747,-0.1082197865942151,-0.029798698115194564,88937,4863,-0.1082197865942151,non_overlapping,observed,all_eligible
baseline_plus_historical_demand,20,3,semiconductor,under_pressure,97,0.30927835051546393,0.6907216494845361,3.9342105263157894,0.11014628881004418,-0.0914690287087257,0.02216977656948036,88937,4863,-0.0914690287087257,non_overlapping,observed,all_eligible
baseline_plus_historical_demand,20,3,semiconductor,uptrend,263,0.20532319391634982,0.7946768060836502,5.27906976744186,0.08375045899207377,-0.09007115419063835,0.0005348425965249373,88937,4863,-0.09007115419063835,non_overlapping,observed,all_eligible
baseline_plus_historical_demand,20,3,software,acute_selloff,63,0.1746031746031746,0.8253968253968254,2.4615384615384617,0.11470714111045249,-0.14771591832042857,-0.049759527542687025,152481,8862,-0.14771591832042857,non_overlapping,observed,all_eligible
baseline_plus_historical_demand,20,3,software,correction,476,0.23739495798319327,0.7626050420168067,3.7,0.12133548614058644,-0.11877874019810221,0.005873097116480673,152481,8862,-0.11877874019810221,non_overlapping,observed,all_eligible
baseline_plus_historical_demand,20,3,software,range_bound,278,0.22302158273381295,0.7769784172661871,2.952153110047847,0.11923827193035341,-0.11763207024807325,-0.033831436242648436,152481,8862,-0.11763207024807325,non_overlapping,observed,all_eligible
baseline_plus_historical_demand,20,3,software,under_pressure,170,0.28823529411764703,0.711764705882353,4.2272727272727275,0.11218744396898694,-0.10793492366135846,-0.006805202624115749,152481,8862,-0.10793492366135846,non_overlapping,observed,all_eligible
baseline_plus_historical_demand,20,3,software,uptrend,467,0.2633832976445396,0.7366167023554604,4.226537216828479,0.09346711471856431,-0.09442348714582208,-0.012395321012852336,152481,8862,-0.09442348714582208,non_overlapping,observed,all_eligible
baseline_plus_historical_demand,20,4,other,acute_selloff,8,0.875,0.125,2.25,0.1377167325862622,-0.01786597302144667,0.051809579523870386,168110,8195,-0.01786597302144667,non_overlapping,observed,all_eligible
baseline_plus_historical_demand,20,4,other,correction,82,0.34146341463414637,0.6585365853658537,4.791044776119403,0.08977289039076522,-0.0498798342898226,0.02093300313045913,168110,8195,-0.0498798342898226,non_overlapping,observed,all_eligible
baseline_plus_historical_demand,20,4,other,range_bound,118,0.2627118644067797,0.7372881355932204,5.987804878048781,0.07478605628660093,-0.06870299945994525,0.013705082680453656,168110,8195,-0.06870299945994525,non_overlapping,observed,all_eligible
baseline_plus_historical_demand,20,4,other,under_pressure,392,0.28061224489795916,0.7193877551020408,4.613240418118467,0.07852244034346735,-0.07041629156162262,0.010079028318970845,168110,8195,-0.07041629156162262,non_overlapping,observed,all_eligible
baseline_plus_historical_demand,20,4,other,uptrend,979,0.3319713993871297,0.6680286006128703,5.0125173852573015,0.0914174157748672,-0.06529156309782466,0.020737401185611626,168110,8195,-0.06529156309782466,non_overlapping,observed,all_eligible
baseline_plus_historical_demand,20,4,semiconductor,acute_selloff,1,1.0,0.0,0.0,0.10158821934688134,-0.023419350787970306,0.02781423081750134,88937,4863,-0.023419350787970306,non_overlapping,observed,all_eligible
baseline_plus_historical_demand,20,4,semiconductor,correction,45,0.37777777777777777,0.6222222222222222,3.3658536585365852,0.1161719800651151,-0.07751366375631726,0.016426811146529042,88937,4863,-0.07751366375631726,non_overlapping,observed,all_eligible
baseline_plus_historical_demand,20,4,semiconductor,range_bound,63,0.3333333333333333,0.6666666666666666,4.613636363636363,0.12560384325163224,-0.09119675381805724,0.037740660719338175,88937,4863,-0.09119675381805724,non_overlapping,observed,all_eligible
baseline_plus_historical_demand,20,4,semiconductor,under_pressure,200,0.205,0.795,4.148648648648648,0.09076068248814691,-0.11233992596227418,-0.014002151853499093,88937,4863,-0.11233992596227418,non_overlapping,observed,all_eligible
baseline_plus_historical_demand,20,4,semiconductor,uptrend,525,0.30666666666666664,0.6933333333333334,3.761557177615572,0.12997446212911018,-0.09155218323665681,0.0153737102513624,88937,4863,-0.09155218323665681,non_overlapping,observed,all_eligible
baseline_plus_historical_demand,20,4,software,acute_selloff,5,1.0,0.0,5.2,0.12695971008094462,-0.030901888430040825,0.03795313438254462,152481,8862,-0.030901888430040825,non_overlapping,observed,all_eligible
baseline_plus_historical_demand,20,4,software,correction,99,0.37373737373737376,0.6262626262626263,4.093023255813954,0.11448466202175812,-0.05611599223597285,0.04643897598770526,152481,8862,-0.05611599223597285,non_overlapping,observed,all_eligible
baseline_plus_historical_demand,20,4,software,range_bound,115,0.2956521739130435,0.7043478260869566,5.191011235955056,0.11056835934260834,-0.07289205793455797,0.046091738304665134,152481,8862,-0.07289205793455797,non_overlapping,observed,all_eligible
baseline_plus_historical_demand,20,4,software,under_pressure,402,0.31343283582089554,0.6865671641791045,4.738170347003154,0.09621793147668554,-0.08300289760058055,0.01287470042116969,152481,8862,-0.08300289760058055,non_overlapping,observed,all_eligible
baseline_plus_historical_demand,20,4,software,uptrend,1010,0.30297029702970296,0.697029702970297,4.840425531914893,0.11451367808700369,-0.08149148792504256,0.019997605408832424,152481,8862,-0.08149148792504256,non_overlapping,observed,all_eligible
baseline_plus_historical_demand,20,5,other,acute_selloff,10,0.2,0.8,3.6,0.09282980560827432,-0.11172191230018387,-0.02208952161890393,168110,8195,-0.11172191230018387,non_overlapping,observed,all_eligible
baseline_plus_historical_demand,20,5,other,correction,143,0.3006993006993007,0.6993006993006993,4.064814814814815,0.11046218833223553,-0.10279600832136275,0.01841997936044142,168110,8195,-0.10279600832136275,non_overlapping,observed,all_eligible
baseline_plus_historical_demand,20,5,other,range_bound,53,0.4339622641509434,0.5660377358490566,3.869565217391304,0.12388979596589007,-0.05143225180276399,0.0581970155678127,168110,8195,-0.05143225180276399,non_overlapping,observed,all_eligible
baseline_plus_historical_demand,20,5,other,under_pressure,384,0.3307291666666667,0.6692708333333334,4.277397260273973,0.10793362152741602,-0.07968144453978364,0.01601874139472982,168110,8195,-0.07968144453978364,non_overlapping,observed,all_eligible
baseline_plus_historical_demand,20,5,other,uptrend,942,0.3036093418259023,0.6963906581740976,4.840059790732436,0.10029274591245856,-0.07262626905589784,0.025878523039097052,168110,8195,-0.07262626905589784,non_overlapping,observed,all_eligible
baseline_plus_historical_demand,20,5,semiconductor,acute_selloff,7,0.42857142857142855,0.5714285714285714,1.0,0.13398649952630518,-0.11987783031648938,0.055840052490933524,88937,4863,-0.11987783031648938,non_overlapping,observed,all_eligible
baseline_plus_historical_demand,20,5,semiconductor,correction,57,0.3333333333333333,0.6666666666666666,2.6122448979591835,0.18602858205123074,-0.1721479514310866,0.014780970282641387,88937,4863,-0.1721479514310866,non_overlapping,observed,all_eligible
baseline_plus_historical_demand,20,5,semiconductor,range_bound,35,0.6857142857142857,0.3142857142857143,1.9714285714285715,0.26832393459473813,-0.05063395552850293,0.14087588287002786,88937,4863,-0.05063395552850293,non_overlapping,observed,all_eligible
baseline_plus_historical_demand,20,5,semiconductor,under_pressure,236,0.3177966101694915,0.6822033898305084,3.422680412371134,0.20510801525302075,-0.11570277439053406,0.07042078443854585,88937,4863,-0.11570277439053406,non_overlapping,observed,all_eligible
baseline_plus_historical_demand,20,5,semiconductor,uptrend,483,0.3250517598343685,0.6749482401656315,3.6718346253229974,0.18224547383340461,-0.09503915920801861,0.06541606631625208,88937,4863,-0.09503915920801861,non_overlapping,observed,all_eligible
baseline_plus_historical_demand,20,5,software,acute_selloff,11,0.36363636363636365,0.6363636363636364,1.0,0.16889155762731245,-0.12296126265701211,0.07796088789821144,152481,8862,-0.12296126265701211,non_overlapping,observed,all_eligible
baseline_plus_historical_demand,20,5,software,correction,150,0.24,0.76,4.099173553719008,0.16087276762620029,-0.1132231803145499,0.07145548706518043,152481,8862,-0.1132231803145499,non_overlapping,observed,all_eligible
baseline_plus_historical_demand,20,5,software,range_bound,50,0.44,0.56,3.116279069767442,0.11381872401325664,-0.08786076674333235,0.008114518238671035,152481,8862,-0.08786076674333235,non_overlapping,observed,all_eligible
baseline_plus_historical_demand,20,5,software,under_pressure,391,0.26854219948849106,0.731457800511509,3.9068100358422937,0.11969229747598593,-0.11061899343312753,0.0027167607473898596,152481,8862,-0.11061899343312753,non_overlapping,observed,all_eligible
baseline_plus_historical_demand,20,5,software,uptrend,982,0.25865580448065173,0.7413441955193483,4.373198847262248,0.14531081448579775,-0.09858635206135745,0.023313629263404474,152481,8862,-0.09858635206135745,non_overlapping,observed,all_eligible
historical_demand_only,5,1,other,acute_selloff,31,0.6774193548387096,0.3225806451612903,1.3478260869565217,0.07580099076854792,-0.02749012169063334,0.0446054147609004,84731,28572,-0.02749012169063334,non_overlapping,observed,all_eligible
historical_demand_only,5,1,other,correction,395,0.6075949367088608,0.3924050632911392,1.6132596685082874,0.03976749433063403,-0.03457507204694566,0.003935360294831907,84731,28572,-0.03457507204694566,non_overlapping,observed,all_eligible
historical_demand_only,5,1,other,range_bound,340,0.6647058823529411,0.3352941176470588,1.7926829268292683,0.03719660028766354,-0.0262956732500633,0.01135637874336904,84731,28572,-0.0262956732500633,non_overlapping,observed,all_eligible
historical_demand_only,5,1,other,under_pressure,612,0.5016339869281046,0.49836601307189543,1.6418604651162791,0.03133082170675736,-0.03570153706553345,-0.003934229334626143,84731,28572,-0.03570153706553345,non_overlapping,observed,all_eligible
historical_demand_only,5,1,other,uptrend,1347,0.534521158129176,0.46547884187082406,1.8549019607843138,0.02825839943839703,-0.031208404460750832,-0.0029754605473958154,84731,28572,-0.031208404460750832,non_overlapping,observed,all_eligible
historical_demand_only,5,1,semiconductor,acute_selloff,13,0.6153846153846154,0.38461538461538464,0.9230769230769231,0.06689784589262512,-0.034851772348543746,0.015382177415295479,46622,16969,-0.034851772348543746,non_overlapping,observed,all_eligible
historical_demand_only,5,1,semiconductor,correction,164,0.5182926829268293,0.4817073170731707,1.3085106382978724,0.05357576158703275,-0.05321635010517276,0.0052720446454063,46622,16969,-0.05321635010517276,non_overlapping,observed,all_eligible
historical_demand_only,5,1,semiconductor,range_bound,183,0.644808743169399,0.3551912568306011,1.537190082644628,0.06283123926338792,-0.03147194704115606,0.032926110666588286,46622,16969,-0.03147194704115606,non_overlapping,observed,all_eligible
historical_demand_only,5,1,semiconductor,under_pressure,274,0.4416058394160584,0.5583941605839416,1.5,0.04395969378491331,-0.05277292186718188,-0.004911090361426001,46622,16969,-0.05277292186718188,non_overlapping,observed,all_eligible
historical_demand_only,5,1,semiconductor,uptrend,737,0.48575305291723203,0.514246947082768,1.5248447204968945,0.03803171515565306,-0.04267337991229467,-0.004695203168704755,46622,16969,-0.04267337991229467,non_overlapping,observed,all_eligible
historical_demand_only,5,1,software,acute_selloff,20,0.75,0.25,1.4,0.0614488916746451,-0.05289667120393089,0.014853837275375259,75958,30391,-0.05289667120393089,non_overlapping,observed,all_eligible
historical_demand_only,5,1,software,correction,248,0.46774193548387094,0.532258064516129,1.7096774193548387,0.04439727630870855,-0.04942569100583953,0.001316991115481792,75958,30391,-0.04942569100583953,non_overlapping,observed,all_eligible
historical_demand_only,5,1,software,range_bound,257,0.6575875486381323,0.3424124513618677,1.5664335664335665,0.046440718246566426,-0.03886491454235165,0.00791394912669313,75958,30391,-0.03886491454235165,non_overlapping,observed,all_eligible
historical_demand_only,5,1,software,under_pressure,448,0.5,0.5,1.5068493150684932,0.050956235195191324,-0.04434473769713746,0.0041528863311931456,75958,30391,-0.04434473769713746,non_overlapping,observed,all_eligible
historical_demand_only,5,1,software,uptrend,993,0.56797583081571,0.43202416918429004,1.7963386727688788,0.041566086301554554,-0.03673362812714954,0.004217986300680741,75958,30391,-0.03673362812714954,non_overlapping,observed,all_eligible
historical_demand_only,5,2,other,acute_selloff,93,0.4731182795698925,0.5268817204301075,1.3728813559322033,0.10148988954522732,-0.10029274185912099,-0.004696485605281189,84731,28572,-0.10029274185912099,non_overlapping,observed,all_eligible
historical_demand_only,5,2,other,correction,223,0.6412556053811659,0.35874439461883406,1.3006993006993006,0.0690439695288358,-0.05208155280362863,0.013508203127458466,84731,28572,-0.05208155280362863,non_overlapping,observed,all_eligible
historical_demand_only,5,2,other,range_bound,105,0.6952380952380952,0.3047619047619048,1.421875,0.07167161681349989,-0.040783288201036744,0.01676831378281233,84731,28572,-0.040783288201036744,non_overlapping,observed,all_eligible
historical_demand_only,5,2,other,under_pressure,521,0.525911708253359,0.4740882917466411,1.5714285714285714,0.04887312998311405,-0.041643931613425854,0.007352314386907084,84731,28572,-0.041643931613425854,non_overlapping,observed,all_eligible
historical_demand_only,5,2,other,uptrend,2016,0.5714285714285714,0.42857142857142855,1.651891891891892,0.048573503912711744,-0.03968942638667361,0.007464155704421818,84731,28572,-0.03968942638667361,non_overlapping,observed,all_eligible
historical_demand_only,5,2,semiconductor,acute_selloff,42,0.4523809523809524,0.5476190476190477,1.3,0.10367333773597838,-0.11200755204513306,0.016363896151280387,46622,16969,-0.11200755204513306,non_overlapping,observed,all_eligible
historical_demand_only,5,2,semiconductor,correction,119,0.5882352941176471,0.4117647058823529,1.2839506172839505,0.07052880072941206,-0.0590354903801024,0.015732331779725734,46622,16969,-0.0590354903801024,non_overlapping,observed,all_eligible
historical_demand_only,5,2,semiconductor,range_bound,69,0.7246376811594203,0.2753623188405797,1.108695652173913,0.0689611056112034,-0.03047538386704947,0.03111539610597319,46622,16969,-0.03047538386704947,non_overlapping,observed,all_eligible
historical_demand_only,5,2,semiconductor,under_pressure,242,0.5371900826446281,0.4628099173553719,1.381294964028777,0.04961170888594168,-0.048909241850361246,0.0005687854548575387,46622,16969,-0.048909241850361246,non_overlapping,observed,all_eligible
historical_demand_only,5,2,semiconductor,uptrend,1205,0.537759336099585,0.46224066390041496,1.4561128526645768,0.05225611427710422,-0.043054698917180736,0.00787250553316075,46622,16969,-0.043054698917180736,non_overlapping,observed,all_eligible
historical_demand_only,5,2,software,acute_selloff,91,0.5054945054945055,0.4945054945054945,1.0,0.08350121857179296,-0.0882725016129178,0.0029811917288725186,75958,30391,-0.0882725016129178,non_overlapping,observed,all_eligible
historical_demand_only,5,2,software,correction,203,0.6206896551724138,0.3793103448275862,1.1574803149606299,0.06690327026763665,-0.05875145781558223,0.012472613682558748,75958,30391,-0.05875145781558223,non_overlapping,observed,all_eligible
historical_demand_only,5,2,software,range_bound,90,0.8,0.2,1.564516129032258,0.07241103386563187,-0.03245797675891881,0.035693010599280206,75958,30391,-0.03245797675891881,non_overlapping,observed,all_eligible
historical_demand_only,5,2,software,under_pressure,338,0.5384615384615384,0.46153846153846156,1.5202312138728324,0.05780525021929291,-0.05177549357878527,0.010129253494912208,75958,30391,-0.05177549357878527,non_overlapping,observed,all_eligible
historical_demand_only,5,2,software,uptrend,1760,0.5431818181818182,0.45681818181818185,1.5111358574610245,0.062328197031368,-0.04467526301260748,0.01213421022867724,75958,30391,-0.04467526301260748,non_overlapping,observed,all_eligible
historical_demand_only,5,3,other,acute_selloff,105,0.4666666666666667,0.5333333333333333,1.6181818181818182,0.044305193461556,-0.05021778290783568,0.004301588000449501,84731,28572,-0.05021778290783568,non_overlapping,observed,all_eligible
historical_demand_only,5,3,other,correction,976,0.5020491803278688,0.4979508196721312,1.4201183431952662,0.047582566700410805,-0.04763598862138808,0.001768026949023635,84731,28572,-0.04763598862138808,non_overlapping,observed,all_eligible
historical_demand_only,5,3,other,range_bound,578,0.5259515570934256,0.4740484429065744,1.5526315789473684,0.04362062778861206,-0.03909833770940607,0.004732127566672499,84731,28572,-0.03909833770940607,non_overlapping,observed,all_eligible
historical_demand_only,5,3,other,under_pressure,370,0.5081081081081081,0.4918918918918919,1.4968944099378882,0.03800646087940213,-0.039938927531785386,-0.00277675731899694,84731,28572,-0.039938927531785386,non_overlapping,observed,all_eligible
historical_demand_only,5,3,other,uptrend,836,0.5394736842105263,0.4605263157894737,1.653958944281525,0.03529794016986741,-0.036383175252569816,-0.0016309899372977182,84731,28572,-0.036383175252569816,non_overlapping,observed,all_eligible
historical_demand_only,5,3,semiconductor,acute_selloff,51,0.2549019607843137,0.7450980392156863,1.696969696969697,0.052871039357102814,-0.06582730754257744,0.003250228868189343,46622,16969,-0.06582730754257744,non_overlapping,observed,all_eligible
historical_demand_only,5,3,semiconductor,correction,437,0.4302059496567506,0.5697940503432495,1.4545454545454546,0.056293535059457264,-0.05805748716052267,0.002274564159821454,46622,16969,-0.05805748716052267,non_overlapping,observed,all_eligible
historical_demand_only,5,3,semiconductor,range_bound,385,0.4987012987012987,0.5012987012987012,1.300411522633745,0.05600572873442703,-0.050170258322724745,0.0030010003436731787,46622,16969,-0.050170258322724745,non_overlapping,observed,all_eligible
historical_demand_only,5,3,semiconductor,under_pressure,215,0.4883720930232558,0.5116279069767442,1.188034188034188,0.04609355455419486,-0.04718080752671635,-0.003605583448969776,46622,16969,-0.04718080752671635,non_overlapping,observed,all_eligible
historical_demand_only,5,3,semiconductor,uptrend,509,0.45972495088408644,0.5402750491159135,1.5772357723577235,0.044796842437777144,-0.04719007573892684,-0.0021815759026606305,46622,16969,-0.04719007573892684,non_overlapping,observed,all_eligible
historical_demand_only,5,3,software,acute_selloff,97,0.422680412371134,0.5773195876288659,1.3571428571428572,0.07904047733420633,-0.06855726792027947,0.02827921604726708,75958,30391,-0.06855726792027947,non_overlapping,observed,all_eligible
historical_demand_only,5,3,software,correction,851,0.4418331374853114,0.5581668625146886,1.2233820459290188,0.0614270780997231,-0.06576282396861272,-0.006769535934739286,75958,30391,-0.06576282396861272,non_overlapping,observed,all_eligible
historical_demand_only,5,3,software,range_bound,680,0.5352941176470588,0.4647058823529412,1.310880829015544,0.058703511795607906,-0.053878552991757575,0.0011436806465224617,75958,30391,-0.053878552991757575,non_overlapping,observed,all_eligible
historical_demand_only,5,3,software,under_pressure,346,0.5375722543352601,0.4624277456647399,1.3036649214659686,0.050671131203660666,-0.04863688020077823,-0.003417790459884092,75958,30391,-0.04863688020077823,non_overlapping,observed,all_eligible
historical_demand_only,5,3,software,uptrend,932,0.5064377682403434,0.49356223175965663,1.3599033816425121,0.05253159208964539,-0.046226556625041146,0.0007458752944667576,75958,30391,-0.046226556625041146,non_overlapping,observed,all_eligible
historical_demand_only,5,4,other,acute_selloff,17,0.9411764705882353,0.058823529411764705,1.1538461538461537,0.039163881951504276,-0.023378969761511437,0.006824459451755393,84731,28572,-0.023378969761511437,non_overlapping,observed,all_eligible
historical_demand_only,5,4,other,correction,153,0.5751633986928104,0.42483660130718953,1.7391304347826086,0.04237929012794365,-0.03128843725661491,0.014473563236858989,84731,28572,-0.03128843725661491,non_overlapping,observed,all_eligible
historical_demand_only,5,4,other,range_bound,202,0.5544554455445545,0.44554455445544555,1.797872340425532,0.03816530497819162,-0.031864681975330336,0.0043293875474090795,84731,28572,-0.031864681975330336,non_overlapping,observed,all_eligible
historical_demand_only,5,4,other,under_pressure,755,0.49271523178807947,0.5072847682119205,1.583617747440273,0.036123591737861505,-0.03992872305406851,-0.006525158671310641,84731,28572,-0.03992872305406851,non_overlapping,observed,all_eligible
historical_demand_only,5,4,other,uptrend,1890,0.5444444444444444,0.45555555555555555,1.6187134502923977,0.03955191879467368,-0.03258698230741471,0.005877099151880863,84731,28572,-0.03258698230741471,non_overlapping,observed,all_eligible
historical_demand_only,5,4,semiconductor,correction,43,0.6046511627906976,0.3953488372093023,1.3703703703703705,0.06677789923145362,-0.06222072668328219,0.012878243005619246,46622,16969,-0.06222072668328219,non_overlapping,observed,all_eligible
historical_demand_only,5,4,semiconductor,range_bound,95,0.47368421052631576,0.5263157894736842,1.3617021276595744,0.05626150352332959,-0.052161840475180014,-0.00609998490320194,46622,16969,-0.052161840475180014,non_overlapping,observed,all_eligible
historical_demand_only,5,4,semiconductor,under_pressure,378,0.4708994708994709,0.5291005291005291,1.234375,0.04789572336682742,-0.05238168194486981,-0.009386177500838111,46622,16969,-0.05238168194486981,non_overlapping,observed,all_eligible
historical_demand_only,5,4,semiconductor,uptrend,1039,0.5110683349374399,0.48893166506256014,1.4087719298245613,0.05914522670013368,-0.04452284760969845,0.009176569176175908,46622,16969,-0.04452284760969845,non_overlapping,observed,all_eligible
historical_demand_only,5,4,software,acute_selloff,9,1.0,0.0,0.5,0.1109631623752027,-0.012902368644572356,0.07400312215196217,75958,30391,-0.012902368644572356,non_overlapping,observed,all_eligible
historical_demand_only,5,4,software,correction,156,0.6217948717948718,0.3782051282051282,1.6590909090909092,0.0548755905925355,-0.03642703478262161,0.022405680205173778,75958,30391,-0.03642703478262161,non_overlapping,observed,all_eligible
historical_demand_only,5,4,software,range_bound,234,0.5555555555555556,0.4444444444444444,1.6842105263157894,0.04547411525768452,-0.041982103777477936,0.003084599506715628,75958,30391,-0.041982103777477936,non_overlapping,observed,all_eligible
historical_demand_only,5,4,software,under_pressure,761,0.533508541392904,0.4664914586070959,1.3956043956043955,0.04492070886681554,-0.04592138351603431,-0.004415980422353859,75958,30391,-0.04592138351603431,non_overlapping,observed,all_eligible
historical_demand_only,5,4,software,uptrend,2088,0.5469348659003831,0.45306513409961685,1.4688090737240076,0.053288835185357195,-0.0411014471135272,0.008308758348565305,75958,30391,-0.0411014471135272,non_overlapping,observed,all_eligible
historical_demand_only,5,5,other,acute_selloff,19,0.5263157894736842,0.47368421052631576,1.6153846153846154,0.057090616809591745,-0.05538627835778243,0.034687740569283254,84731,28572,-0.05538627835778243,non_overlapping,observed,all_eligible
historical_demand_only,5,5,other,correction,268,0.5373134328358209,0.4626865671641791,1.6029411764705883,0.045330854255121365,-0.055909438749711944,-0.0036792807782438574,84731,28572,-0.055909438749711944,non_overlapping,observed,all_eligible
historical_demand_only,5,5,other,range_bound,117,0.6324786324786325,0.36752136752136755,1.875,0.045958808256070786,-0.03441205050675472,0.013202554129942923,84731,28572,-0.03441205050675472,non_overlapping,observed,all_eligible
historical_demand_only,5,5,other,under_pressure,966,0.5890269151138716,0.4109730848861284,1.479087452471483,0.04976888037319857,-0.03924654591170832,0.008374984912648016,84731,28572,-0.03924654591170832,non_overlapping,observed,all_eligible
historical_demand_only,5,5,other,uptrend,1930,0.5196891191709845,0.4803108808290155,1.5757931844888367,0.044177879550272955,-0.03976377618421653,0.0044167276836757086,84731,28572,-0.03976377618421653,non_overlapping,observed,all_eligible
historical_demand_only,5,5,semiconductor,acute_selloff,6,1.0,0.0,0.8333333333333334,0.1621498832766244,-0.041731845095379284,0.07665077917773322,46622,16969,-0.041731845095379284,non_overlapping,observed,all_eligible
historical_demand_only,5,5,semiconductor,correction,125,0.512,0.488,1.3823529411764706,0.06005731126669599,-0.0742444409631743,-0.004147271196987983,46622,16969,-0.0742444409631743,non_overlapping,observed,all_eligible
historical_demand_only,5,5,semiconductor,range_bound,81,0.7901234567901234,0.20987654320987653,1.2352941176470589,0.12582636672202627,-0.03765778163818481,0.08459823097481414,46622,16969,-0.03765778163818481,non_overlapping,observed,all_eligible
historical_demand_only,5,5,semiconductor,under_pressure,538,0.533457249070632,0.46654275092936803,1.0825958702064897,0.09236393658816643,-0.06811516334766536,0.022013275588761563,46622,16969,-0.06811516334766536,non_overlapping,observed,all_eligible
historical_demand_only,5,5,semiconductor,uptrend,1190,0.49831932773109244,0.5016806722689076,1.3693430656934307,0.07795893089166302,-0.06061707301220937,0.015380647584096694,46622,16969,-0.06061707301220937,non_overlapping,observed,all_eligible
historical_demand_only,5,5,software,acute_selloff,17,0.8235294117647058,0.17647058823529413,0.6666666666666666,0.11897972006819793,-0.06730533743604827,0.0568620951662317,75958,30391,-0.06730533743604827,non_overlapping,observed,all_eligible
historical_demand_only,5,5,software,correction,266,0.5150375939849624,0.4849624060150376,1.4055944055944056,0.06283473578504643,-0.06042877515807882,0.007686265202982173,75958,30391,-0.06042877515807882,non_overlapping,observed,all_eligible
historical_demand_only,5,5,software,range_bound,132,0.7424242424242424,0.25757575757575757,1.4819277108433735,0.07721412625520417,-0.03725871028331446,0.03860292344337823,75958,30391,-0.03725871028331446,non_overlapping,observed,all_eligible
historical_demand_only,5,5,software,under_pressure,852,0.5258215962441315,0.47417840375586856,1.2340425531914894,0.06508908963466299,-0.05420125847020834,0.007689408258892393,75958,30391,-0.05420125847020834,non_overlapping,observed,all_eligible
historical_demand_only,5,5,software,uptrend,2005,0.4837905236907731,0.516209476309227,1.3850931677018634,0.06366423066511369,-0.05475957554308751,0.003921981102260651,75958,30391,-0.05475957554308751,non_overlapping,observed,all_eligible
historical_demand_only,10,1,other,acute_selloff,19,0.631578947368421,0.3684210526315789,1.6875,0.07420150140708404,-0.03365219928076785,0.03771617172252242,84731,28572,-0.03365219928076785,non_overlapping,observed,all_eligible
historical_demand_only,10,1,other,correction,201,0.4577114427860697,0.5422885572139303,2.763157894736842,0.0566630499955843,-0.05475920511563382,-0.0034490324203888113,84731,28572,-0.05475920511563382,non_overlapping,observed,all_eligible
historical_demand_only,10,1,other,range_bound,175,0.5542857142857143,0.44571428571428573,2.9391304347826086,0.05444748927445757,-0.031534224631971315,0.020969362038999673,84731,28572,-0.031534224631971315,non_overlapping,observed,all_eligible
historical_demand_only,10,1,other,under_pressure,300,0.3933333333333333,0.6066666666666667,3.0324675324675323,0.04470092607346267,-0.04791986330782867,-0.004624688941523893,84731,28572,-0.04791986330782867,non_overlapping,observed,all_eligible
historical_demand_only,10,1,other,uptrend,685,0.3897810218978102,0.6102189781021898,3.220708446866485,0.04198932446681333,-0.046991988709133056,-0.0028736987939355,84731,28572,-0.046991988709133056,non_overlapping,observed,all_eligible
historical_demand_only,10,1,semiconductor,acute_selloff,7,0.42857142857142855,0.5714285714285714,1.1428571428571428,0.07793304515096014,-0.06754953501402168,0.0028598637136862948,46622,16969,-0.06754953501402168,non_overlapping,observed,all_eligible
historical_demand_only,10,1,semiconductor,correction,82,0.4268292682926829,0.573170731707317,2.0,0.07627547395603908,-0.06957837354869999,-0.0037364343118003224,46622,16969,-0.06957837354869999,non_overlapping,observed,all_eligible
historical_demand_only,10,1,semiconductor,range_bound,82,0.5853658536585366,0.4146341463414634,2.353846153846154,0.09338228381765841,-0.04309624824001041,0.04099295046059627,46622,16969,-0.04309624824001041,non_overlapping,observed,all_eligible
historical_demand_only,10,1,semiconductor,under_pressure,134,0.3582089552238806,0.6417910447761194,2.3855421686746987,0.06586145575982817,-0.07519672307275896,-0.004430362428622205,46622,16969,-0.07519672307275896,non_overlapping,observed,all_eligible
historical_demand_only,10,1,semiconductor,uptrend,393,0.35877862595419846,0.6412213740458015,2.991489361702128,0.06024113477433711,-0.0644966811349818,-0.0036782777717355043,46622,16969,-0.0644966811349818,non_overlapping,observed,all_eligible
historical_demand_only,10,1,software,acute_selloff,8,0.25,0.75,1.0,0.08741644945279808,-0.09617637188630644,0.013863263249708352,75958,30391,-0.09617637188630644,non_overlapping,observed,all_eligible
historical_demand_only,10,1,software,correction,118,0.3983050847457627,0.6016949152542372,2.5875,0.06292769504231983,-0.07593477370005856,-0.004233445700919876,75958,30391,-0.07593477370005856,non_overlapping,observed,all_eligible
historical_demand_only,10,1,software,range_bound,132,0.6363636363636364,0.36363636363636365,2.4742268041237114,0.07575006091348964,-0.05470700312591392,0.018391210343803876,75958,30391,-0.05470700312591392,non_overlapping,observed,all_eligible
historical_demand_only,10,1,software,under_pressure,239,0.401673640167364,0.5983263598326359,2.8125,0.05595912329217233,-0.06472815108216472,-0.0012636351735537522,75958,30391,-0.06472815108216472,non_overlapping,observed,all_eligible
historical_demand_only,10,1,software,uptrend,503,0.46322067594433397,0.536779324055666,3.0129032258064514,0.06538120613816147,-0.05228651186374372,0.007873823738009418,75958,30391,-0.05228651186374372,non_overlapping,observed,all_eligible
historical_demand_only,10,2,other,acute_selloff,46,0.32608695652173914,0.6739130434782609,1.7272727272727273,0.11226747834444788,-0.17417343857392406,-0.054474875272162875,84731,28572,-0.17417343857392406,non_overlapping,observed,all_eligible
historical_demand_only,10,2,other,correction,120,0.525,0.475,2.191011235955056,0.08538132365108712,-0.07807642215559359,0.010608816162317755,84731,28572,-0.07807642215559359,non_overlapping,observed,all_eligible
historical_demand_only,10,2,other,range_bound,48,0.6666666666666666,0.3333333333333333,2.1714285714285713,0.10645097883545167,-0.04227485443879195,0.04317218684409932,84731,28572,-0.04227485443879195,non_overlapping,observed,all_eligible
historical_demand_only,10,2,other,under_pressure,258,0.4496124031007752,0.5503875968992248,2.9826589595375723,0.0900215603344615,-0.049238193330856175,0.04198101023155019,84731,28572,-0.049238193330856175,non_overlapping,observed,all_eligible
historical_demand_only,10,2,other,uptrend,1024,0.443359375,0.556640625,2.9758842443729905,0.08578679503870204,-0.054934075322832905,0.020430917692600085,84731,28572,-0.054934075322832905,non_overlapping,observed,all_eligible
historical_demand_only,10,2,semiconductor,acute_selloff,17,0.11764705882352941,0.8823529411764706,1.3,0.1130074452127004,-0.21580762310180154,-0.06442449896279163,46622,16969,-0.21580762310180154,non_overlapping,observed,all_eligible
historical_demand_only,10,2,semiconductor,correction,64,0.46875,0.53125,2.1320754716981134,0.11257161045145975,-0.09153544337347766,0.027530785199346163,46622,16969,-0.09153544337347766,non_overlapping,observed,all_eligible
historical_demand_only,10,2,semiconductor,range_bound,39,0.5897435897435898,0.41025641025641024,2.3870967741935485,0.10445568473431649,-0.04417978434934181,0.027592754917985206,46622,16969,-0.04417978434934181,non_overlapping,observed,all_eligible
historical_demand_only,10,2,semiconductor,under_pressure,120,0.49166666666666664,0.5083333333333333,2.36046511627907,0.08435571550188074,-0.058063064788772094,0.029472937267614723,46622,16969,-0.058063064788772094,non_overlapping,observed,all_eligible
historical_demand_only,10,2,semiconductor,uptrend,609,0.4154351395730706,0.5845648604269293,2.525,0.07834793940061555,-0.06234026781151556,0.013166146074510913,46622,16969,-0.06234026781151556,non_overlapping,observed,all_eligible
historical_demand_only,10,2,software,acute_selloff,44,0.29545454545454547,0.7045454545454546,2.09375,0.11662655618289532,-0.16087420000418715,-0.01453521291835615,75958,30391,-0.16087420000418715,non_overlapping,observed,all_eligible
historical_demand_only,10,2,software,correction,97,0.5670103092783505,0.4329896907216495,2.2535211267605635,0.09997586660894531,-0.08025934792729851,0.025802449138089097,75958,30391,-0.08025934792729851,non_overlapping,observed,all_eligible
historical_demand_only,10,2,software,range_bound,52,0.7115384615384616,0.28846153846153844,2.7906976744186047,0.10411063166877026,-0.04061500388967873,0.03760489627279094,75958,30391,-0.04061500388967873,non_overlapping,observed,all_eligible
historical_demand_only,10,2,software,under_pressure,153,0.45751633986928103,0.5424836601307189,2.79,0.08669937694268152,-0.0660586091880607,0.022745095898736477,75958,30391,-0.0660586091880607,non_overlapping,observed,all_eligible
historical_demand_only,10,2,software,uptrend,909,0.4158415841584158,0.5841584158415841,2.6863406408094437,0.09589290332781163,-0.06459356778870796,0.020205028350910575,75958,30391,-0.06459356778870796,non_overlapping,observed,all_eligible
historical_demand_only,10,3,other,acute_selloff,66,0.3787878787878788,0.6212121212121212,2.9607843137254903,0.0716204922906836,-0.07260303475496183,0.011818761848310709,84731,28572,-0.07260303475496183,non_overlapping,observed,all_eligible
historical_demand_only,10,3,other,correction,465,0.3741935483870968,0.6258064516129033,2.58307210031348,0.06879332463935152,-0.06939099185140082,0.00192541710339438,84731,28572,-0.06939099185140082,non_overlapping,observed,all_eligible
historical_demand_only,10,3,other,range_bound,287,0.41114982578397213,0.5888501742160279,2.3440860215053765,0.06938332149657636,-0.05313550499695924,0.007582455650281135,84731,28572,-0.05313550499695924,non_overlapping,observed,all_eligible
historical_demand_only,10,3,other,under_pressure,198,0.398989898989899,0.601010101010101,2.7024793388429753,0.05355094387038819,-0.05761076650529532,-0.005421008127562034,84731,28572,-0.05761076650529532,non_overlapping,observed,all_eligible
historical_demand_only,10,3,other,uptrend,442,0.4072398190045249,0.5927601809954751,2.6733067729083664,0.052067018987184084,-0.05243809024133559,-0.007256645483035311,84731,28572,-0.05243809024133559,non_overlapping,observed,all_eligible
historical_demand_only,10,3,semiconductor,acute_selloff,21,0.14285714285714285,0.8571428571428571,2.8333333333333335,0.07360462667772333,-0.0697906896150801,0.01836909209820675,46622,16969,-0.0697906896150801,non_overlapping,observed,all_eligible
historical_demand_only,10,3,semiconductor,correction,226,0.3407079646017699,0.6592920353982301,2.1788079470198674,0.08989899067746517,-0.07845724608870432,0.0157697125458419,46622,16969,-0.07845724608870432,non_overlapping,observed,all_eligible
historical_demand_only,10,3,semiconductor,range_bound,193,0.37305699481865284,0.6269430051813472,1.7878787878787878,0.07944145221144316,-0.07001225439875206,-0.0002877832529012656,46622,16969,-0.07001225439875206,non_overlapping,observed,all_eligible
historical_demand_only,10,3,semiconductor,under_pressure,109,0.3211009174311927,0.6788990825688074,2.3424657534246576,0.0644253005450518,-0.07059099772242251,-0.005980330603291471,46622,16969,-0.07059099772242251,non_overlapping,observed,all_eligible
historical_demand_only,10,3,semiconductor,uptrend,261,0.38697318007662834,0.6130268199233716,2.392638036809816,0.06748864490609058,-0.05800871215643787,0.002680326872044182,46622,16969,-0.05800871215643787,non_overlapping,observed,all_eligible
historical_demand_only,10,3,software,acute_selloff,53,0.2830188679245283,0.7169811320754716,1.880952380952381,0.11271849006516976,-0.09539472238336422,0.012319727165930617,75958,30391,-0.09539472238336422,non_overlapping,observed,all_eligible
historical_demand_only,10,3,software,correction,427,0.30679156908665106,0.6932084309133489,2.440677966101695,0.08004312601765054,-0.09999726132972,-0.018397094067885953,75958,30391,-0.09999726132972,non_overlapping,observed,all_eligible
historical_demand_only,10,3,software,range_bound,332,0.4246987951807229,0.5753012048192772,1.9333333333333333,0.09817385993899057,-0.06944645645472429,0.006797063023544251,75958,30391,-0.06944645645472429,non_overlapping,observed,all_eligible
historical_demand_only,10,3,software,under_pressure,177,0.4011299435028249,0.5988700564971752,2.1315789473684212,0.07219939199951837,-0.07637102181157965,-0.00948658220666521,75958,30391,-0.07637102181157965,non_overlapping,observed,all_eligible
historical_demand_only,10,3,software,uptrend,484,0.3884297520661157,0.6115702479338843,2.3993174061433447,0.0735675523084158,-0.06695355357170016,-0.004266587560981917,75958,30391,-0.06695355357170016,non_overlapping,observed,all_eligible
historical_demand_only,10,4,other,acute_selloff,7,1.0,0.0,4.571428571428571,0.050474213603139716,-0.013960958720431555,0.04342909076781422,84731,28572,-0.013960958720431555,non_overlapping,observed,all_eligible
historical_demand_only,10,4,other,correction,79,0.5063291139240507,0.4936708860759494,3.5576923076923075,0.052924421251585245,-0.03826040611011983,0.02045538690109232,84731,28572,-0.03826040611011983,non_overlapping,observed,all_eligible
historical_demand_only,10,4,other,range_bound,100,0.36,0.64,3.245614035087719,0.05110696489896359,-0.04628689052537612,0.007916161089857456,84731,28572,-0.04628689052537612,non_overlapping,observed,all_eligible
historical_demand_only,10,4,other,under_pressure,367,0.34877384196185285,0.6512261580381471,3.15609756097561,0.04953351480129219,-0.058914871588728344,-0.011179087458606829,84731,28572,-0.058914871588728344,non_overlapping,observed,all_eligible
historical_demand_only,10,4,other,uptrend,976,0.42725409836065575,0.5727459016393442,2.8904347826086956,0.06363439276159269,-0.04567886108330395,0.014624297860182758,84731,28572,-0.04567886108330395,non_overlapping,observed,all_eligible
historical_demand_only,10,4,semiconductor,correction,25,0.56,0.44,3.3636363636363638,0.09270173153370574,-0.06582795603160223,0.036491627339881476,46622,16969,-0.06582795603160223,non_overlapping,observed,all_eligible
historical_demand_only,10,4,semiconductor,range_bound,55,0.4,0.6,2.5714285714285716,0.08803400122002081,-0.06985639789459568,0.01418992692839871,46622,16969,-0.06985639789459568,non_overlapping,observed,all_eligible
historical_demand_only,10,4,semiconductor,under_pressure,174,0.3563218390804598,0.6436781609195402,2.036363636363636,0.07168492081844416,-0.077246146211643,-0.006468504688123653,46622,16969,-0.077246146211643,non_overlapping,observed,all_eligible
historical_demand_only,10,4,semiconductor,uptrend,535,0.39065420560747666,0.6093457943925233,2.536986301369863,0.08752941897283877,-0.060815993031320924,0.016907203486679918,46622,16969,-0.060815993031320924,non_overlapping,observed,all_eligible
historical_demand_only,10,4,software,acute_selloff,3,1.0,0.0,1.6666666666666667,0.2588940989878768,-0.025306649267858194,0.23202869834838494,75958,30391,-0.025306649267858194,non_overlapping,observed,all_eligible
historical_demand_only,10,4,software,correction,76,0.5526315789473685,0.4473684210526316,2.8076923076923075,0.08476446382264705,-0.047705188996076585,0.040006740659629406,75958,30391,-0.047705188996076585,non_overlapping,observed,all_eligible
historical_demand_only,10,4,software,range_bound,129,0.4496124031007752,0.5503875968992248,2.5454545454545454,0.06839880184487693,-0.05366388699207941,0.009668319906882855,75958,30391,-0.05366388699207941,non_overlapping,observed,all_eligible
historical_demand_only,10,4,software,under_pressure,383,0.4046997389033943,0.5953002610966057,2.478448275862069,0.06487251294557662,-0.0727675403296606,-0.008114909210402465,75958,30391,-0.0727675403296606,non_overlapping,observed,all_eligible
historical_demand_only,10,4,software,uptrend,1058,0.42533081285444235,0.5746691871455577,2.725,0.08457435016475014,-0.057413793015864016,0.01834905685726524,75958,30391,-0.057413793015864016,non_overlapping,observed,all_eligible
historical_demand_only,10,5,other,acute_selloff,10,0.4,0.6,2.5,0.06295757128961017,-0.05590272936384483,0.026761520451725106,84731,28572,-0.05590272936384483,non_overlapping,observed,all_eligible
historical_demand_only,10,5,other,correction,131,0.48091603053435117,0.5190839694656488,2.5357142857142856,0.07590877498672821,-0.08160381600144859,0.014117169614759902,84731,28572,-0.08160381600144859,non_overlapping,observed,all_eligible
historical_demand_only,10,5,other,range_bound,60,0.4666666666666667,0.5333333333333333,3.4210526315789473,0.05889631036375767,-0.046289949796815416,0.011176305854767869,84731,28572,-0.046289949796815416,non_overlapping,observed,all_eligible
historical_demand_only,10,5,other,under_pressure,486,0.4444444444444444,0.5555555555555556,2.5759493670886076,0.06901167948932083,-0.05901348761753111,0.006475418657516947,84731,28572,-0.05901348761753111,non_overlapping,observed,all_eligible
historical_demand_only,10,5,other,uptrend,970,0.40103092783505156,0.5989690721649484,2.9614093959731544,0.07240357193031391,-0.05594058608226114,0.015334622999661382,84731,28572,-0.05594058608226114,non_overlapping,observed,all_eligible
historical_demand_only,10,5,semiconductor,acute_selloff,6,0.8333333333333334,0.16666666666666666,0.8333333333333334,0.1621498832766244,-0.05702212216931222,0.036690323505447396,46622,16969,-0.05702212216931222,non_overlapping,observed,all_eligible
historical_demand_only,10,5,semiconductor,correction,66,0.3787878787878788,0.6212121212121212,2.326530612244898,0.12131397540346711,-0.1073407919816989,0.033651344962542976,46622,16969,-0.1073407919816989,non_overlapping,observed,all_eligible
historical_demand_only,10,5,semiconductor,range_bound,32,0.78125,0.21875,1.8666666666666667,0.21476517493241767,-0.03748819404880396,0.13120941309462483,46622,16969,-0.03748819404880396,non_overlapping,observed,all_eligible
historical_demand_only,10,5,semiconductor,under_pressure,262,0.37786259541984735,0.6221374045801527,1.8210526315789475,0.1390744050421074,-0.08974963480369963,0.030597107180899315,46622,16969,-0.08974963480369963,non_overlapping,observed,all_eligible
historical_demand_only,10,5,semiconductor,uptrend,611,0.3649754500818331,0.6350245499181669,2.6145374449339207,0.12321239038203369,-0.08321524044360784,0.032245590912279715,46622,16969,-0.08321524044360784,non_overlapping,observed,all_eligible
historical_demand_only,10,5,software,acute_selloff,6,0.8333333333333334,0.16666666666666666,0.6,0.11346716348692847,-0.11260375436411273,0.026166328129510807,75958,30391,-0.11260375436411273,non_overlapping,observed,all_eligible
historical_demand_only,10,5,software,correction,132,0.3333333333333333,0.6666666666666666,2.857142857142857,0.09928825895926173,-0.08777595987269035,0.030307890265487816,75958,30391,-0.08777595987269035,non_overlapping,observed,all_eligible
historical_demand_only,10,5,software,range_bound,57,0.7543859649122807,0.24561403508771928,1.8936170212765957,0.1437963266797642,-0.038285698347171035,0.08026253358302303,75958,30391,-0.038285698347171035,non_overlapping,observed,all_eligible
historical_demand_only,10,5,software,under_pressure,421,0.42280285035629456,0.5771971496437055,2.240549828178694,0.09226386102306584,-0.0779289683252361,0.009803455475898884,75958,30391,-0.0779289683252361,non_overlapping,observed,all_eligible
historical_demand_only,10,5,software,uptrend,1019,0.36408243375858684,0.6359175662414132,2.4435736677115987,0.1041309534411495,-0.07301517747161101,0.0205185947214931,75958,30391,-0.07301517747161101,non_overlapping,observed,all_eligible
historical_demand_only,20,1,other,acute_selloff,6,0.3333333333333333,0.6666666666666666,1.8333333333333333,0.09979751260387182,-0.031782581596000635,0.04667702758430577,84731,28572,-0.031782581596000635,non_overlapping,observed,all_eligible
historical_demand_only,20,1,other,correction,112,0.3125,0.6875,3.6538461538461537,0.07831962135845658,-0.07922216749841192,0.005759005848657611,84731,28572,-0.07922216749841192,non_overlapping,observed,all_eligible
historical_demand_only,20,1,other,range_bound,91,0.46153846153846156,0.5384615384615384,5.769230769230769,0.0819187809708337,-0.04083703511326245,0.0315010858151633,84731,28572,-0.04083703511326245,non_overlapping,observed,all_eligible
historical_demand_only,20,1,other,under_pressure,144,0.2847222222222222,0.7152777777777778,5.955555555555556,0.06432086329787903,-0.0691027521077006,-0.0020055150382419554,84731,28572,-0.0691027521077006,non_overlapping,observed,all_eligible
historical_demand_only,20,1,other,uptrend,356,0.3146067415730337,0.6853932584269663,5.401639344262295,0.06402585190728773,-0.06273693567892435,-0.003159097961930218,84731,28572,-0.06273693567892435,non_overlapping,observed,all_eligible
historical_demand_only,20,1,semiconductor,acute_selloff,4,0.5,0.5,1.0,0.16765847367043146,-0.08773430605279042,0.05843054854776736,46622,16969,-0.08773430605279042,non_overlapping,observed,all_eligible
historical_demand_only,20,1,semiconductor,correction,42,0.23809523809523808,0.7619047619047619,3.272727272727273,0.10677564638679986,-0.11093991593330786,-0.00016011043097318472,46622,16969,-0.11093991593330786,non_overlapping,observed,all_eligible
historical_demand_only,20,1,semiconductor,range_bound,40,0.35,0.65,3.096774193548387,0.1403783341669365,-0.0743392360180244,0.05932668333301341,46622,16969,-0.0743392360180244,non_overlapping,observed,all_eligible
historical_demand_only,20,1,semiconductor,under_pressure,69,0.30434782608695654,0.6956521739130435,4.425925925925926,0.10708704030982279,-0.0931585347772603,0.018451696984752058,46622,16969,-0.0931585347772603,non_overlapping,observed,all_eligible
historical_demand_only,20,1,semiconductor,uptrend,207,0.23671497584541062,0.7632850241545893,4.388888888888889,0.08451210456603393,-0.08944364262573083,-0.011297893834798484,46622,16969,-0.08944364262573083,non_overlapping,observed,all_eligible
historical_demand_only,20,1,software,acute_selloff,3,0.3333333333333333,0.6666666666666666,3.3333333333333335,0.10029848493441491,-0.07367724805477616,0.0660348506071496,75958,30391,-0.07367724805477616,non_overlapping,observed,all_eligible
historical_demand_only,20,1,software,correction,57,0.42105263157894735,0.5789473684210527,4.645833333333333,0.10280534190408543,-0.08752194203872495,0.04027080274689834,75958,30391,-0.08752194203872495,non_overlapping,observed,all_eligible
historical_demand_only,20,1,software,range_bound,69,0.5362318840579711,0.463768115942029,3.574074074074074,0.09301357309993609,-0.07262885110158296,0.014180649972390049,75958,30391,-0.07262885110158296,non_overlapping,observed,all_eligible
historical_demand_only,20,1,software,under_pressure,115,0.3217391304347826,0.6782608695652174,4.895348837209302,0.09388621809684111,-0.08922387510259151,0.01844437377820435,75958,30391,-0.08922387510259151,non_overlapping,observed,all_eligible
historical_demand_only,20,1,software,uptrend,268,0.3805970149253731,0.6194029850746269,4.645631067961165,0.15746462006040485,-0.072425825856061,0.05281501334824229,75958,30391,-0.072425825856061,non_overlapping,observed,all_eligible
historical_demand_only,20,2,other,acute_selloff,22,0.22727272727272727,0.7727272727272727,1.6666666666666667,0.17850123002932217,-0.20410940089811233,0.012070576334698067,84731,28572,-0.20410940089811233,non_overlapping,observed,all_eligible
historical_demand_only,20,2,other,correction,62,0.46774193548387094,0.532258064516129,3.963636363636364,0.14710699915881095,-0.08972734537230974,0.06173500315252311,84731,28572,-0.08972734537230974,non_overlapping,observed,all_eligible
historical_demand_only,20,2,other,range_bound,22,0.45454545454545453,0.5454545454545454,4.5,0.1040559408650742,-0.07384069067856988,0.003993017920780878,84731,28572,-0.07384069067856988,non_overlapping,observed,all_eligible
historical_demand_only,20,2,other,under_pressure,120,0.375,0.625,4.957446808510638,0.15599389311182538,-0.06399136292774478,0.05816051636023914,84731,28572,-0.06399136292774478,non_overlapping,observed,all_eligible
historical_demand_only,20,2,other,uptrend,541,0.3419593345656192,0.6580406654343808,4.979434447300771,0.1345868786523044,-0.07862027089284138,0.02612318544186043,84731,28572,-0.07862027089284138,non_overlapping,observed,all_eligible
historical_demand_only,20,2,semiconductor,acute_selloff,10,0.1,0.9,7.0,0.17336558032994298,-0.25985167363211736,0.07246615021428829,46622,16969,-0.25985167363211736,non_overlapping,observed,all_eligible
historical_demand_only,20,2,semiconductor,correction,28,0.2857142857142857,0.7142857142857143,4.0,0.16013233198608381,-0.11224354617678735,0.08724191203241646,46622,16969,-0.11224354617678735,non_overlapping,observed,all_eligible
historical_demand_only,20,2,semiconductor,range_bound,21,0.42857142857142855,0.5714285714285714,4.157894736842105,0.17187068266911962,-0.05167241426247218,0.0829593115381765,46622,16969,-0.05167241426247218,non_overlapping,observed,all_eligible
historical_demand_only,20,2,semiconductor,under_pressure,48,0.375,0.625,3.75,0.12540172954823406,-0.0693119688688932,0.056223294132566465,46622,16969,-0.0693119688688932,non_overlapping,observed,all_eligible
historical_demand_only,20,2,semiconductor,uptrend,330,0.3212121212121212,0.6787878787878788,4.572549019607843,0.11875889684720048,-0.08632786315877827,0.031360404648795734,46622,16969,-0.08632786315877827,non_overlapping,observed,all_eligible
historical_demand_only,20,2,software,acute_selloff,19,0.2631578947368421,0.7368421052631579,1.75,0.20540030849195756,-0.2061501455953037,0.05735018849873351,75958,30391,-0.2061501455953037,non_overlapping,observed,all_eligible
historical_demand_only,20,2,software,correction,49,0.46938775510204084,0.5306122448979592,4.239130434782608,0.18603671494494925,-0.09420370952840748,0.09319327439559703,75958,30391,-0.09420370952840748,non_overlapping,observed,all_eligible
historical_demand_only,20,2,software,range_bound,26,0.6538461538461539,0.34615384615384615,3.1666666666666665,0.19196271463027348,-0.0465035053543939,0.13195219314829415,75958,30391,-0.0465035053543939,non_overlapping,observed,all_eligible
historical_demand_only,20,2,software,under_pressure,84,0.30952380952380953,0.6904761904761905,4.5,0.13968357663516348,-0.0943768495554323,0.02743974841906905,75958,30391,-0.0943768495554323,non_overlapping,observed,all_eligible
historical_demand_only,20,2,software,uptrend,469,0.31130063965884863,0.6886993603411514,4.369186046511628,0.14652976850870628,-0.09274416649397225,0.024536309335692924,75958,30391,-0.09274416649397225,non_overlapping,observed,all_eligible
historical_demand_only,20,3,other,acute_selloff,33,0.30303030303030304,0.696969696969697,2.888888888888889,0.10047370236056004,-0.08589214335681356,0.0023692909208867024,84731,28572,-0.08589214335681356,non_overlapping,observed,all_eligible
historical_demand_only,20,3,other,correction,236,0.3050847457627119,0.6949152542372882,3.8532608695652173,0.1052762156166261,-0.0964904804004167,0.011436346179065296,84731,28572,-0.0964904804004167,non_overlapping,observed,all_eligible
historical_demand_only,20,3,other,range_bound,138,0.2898550724637681,0.7101449275362319,3.730769230769231,0.08381100019647622,-0.07687100394457927,-0.011176094248772729,84731,28572,-0.07687100394457927,non_overlapping,observed,all_eligible
historical_demand_only,20,3,other,under_pressure,103,0.2912621359223301,0.7087378640776699,5.0,0.09789956467452349,-0.08182166164689895,0.0076899478483418654,84731,28572,-0.08182166164689895,non_overlapping,observed,all_eligible
historical_demand_only,20,3,other,uptrend,235,0.2297872340425532,0.7702127659574468,4.356687898089172,0.06322520475773598,-0.07749324293768446,-0.012360258687031209,84731,28572,-0.07749324293768446,non_overlapping,observed,all_eligible
historical_demand_only,20,3,semiconductor,acute_selloff,12,0.08333333333333333,0.9166666666666666,3.4166666666666665,0.12222854525717552,-0.08910020246524898,0.01846874807705907,46622,16969,-0.08910020246524898,non_overlapping,observed,all_eligible
historical_demand_only,20,3,semiconductor,correction,111,0.22522522522522523,0.7747747747747747,5.554347826086956,0.14328617219325998,-0.09855182927367705,0.0598186015889299,46622,16969,-0.09855182927367705,non_overlapping,observed,all_eligible
historical_demand_only,20,3,semiconductor,range_bound,96,0.3645833333333333,0.6354166666666666,2.2162162162162162,0.10299472570073114,-0.0905725016133857,-0.017455598947958357,46622,16969,-0.0905725016133857,non_overlapping,observed,all_eligible
historical_demand_only,20,3,semiconductor,under_pressure,61,0.2459016393442623,0.7540983606557377,4.326923076923077,0.11343373231944062,-0.09429109249842407,0.018271525417878652,46622,16969,-0.09429109249842407,non_overlapping,observed,all_eligible
historical_demand_only,20,3,semiconductor,uptrend,136,0.2426470588235294,0.7573529411764706,3.94392523364486,0.10811514722996782,-0.0855783767466787,0.015017284307474784,46622,16969,-0.0855783767466787,non_overlapping,observed,all_eligible
historical_demand_only,20,3,software,acute_selloff,32,0.1875,0.8125,2.6666666666666665,0.13580929819598514,-0.16309979334255031,-0.04418708785877161,75958,30391,-0.16309979334255031,non_overlapping,observed,all_eligible
historical_demand_only,20,3,software,correction,212,0.21226415094339623,0.7877358490566038,3.675,0.11373428365967136,-0.13489293464754637,-0.008756767100540642,75958,30391,-0.13489293464754637,non_overlapping,observed,all_eligible
historical_demand_only,20,3,software,range_bound,163,0.294478527607362,0.7055214723926381,2.725,0.1440747466496122,-0.11275459386156168,-0.01563041141576229,75958,30391,-0.11275459386156168,non_overlapping,observed,all_eligible
historical_demand_only,20,3,software,under_pressure,89,0.3595505617977528,0.6404494382022472,2.739130434782609,0.128105811017226,-0.09660289396360301,0.010310572642107572,75958,30391,-0.09660289396360301,non_overlapping,observed,all_eligible
historical_demand_only,20,3,software,uptrend,266,0.3082706766917293,0.6917293233082706,3.625,0.10910200846135612,-0.09473742288651807,-0.0024333056316294603,75958,30391,-0.09473742288651807,non_overlapping,observed,all_eligible
historical_demand_only,20,4,other,acute_selloff,6,0.8333333333333334,0.16666666666666666,5.0,0.09733872983060698,-0.016204742765739855,0.0524461642715471,84731,28572,-0.016204742765739855,non_overlapping,observed,all_eligible
historical_demand_only,20,4,other,correction,39,0.5384615384615384,0.46153846153846156,5.0588235294117645,0.07438005060575743,-0.04570865798547632,0.02438585321024714,84731,28572,-0.04570865798547632,non_overlapping,observed,all_eligible
historical_demand_only,20,4,other,range_bound,56,0.26785714285714285,0.7321428571428571,5.315789473684211,0.09056266495519516,-0.06062025169064473,0.028136392190110722,84731,28572,-0.06062025169064473,non_overlapping,observed,all_eligible
historical_demand_only,20,4,other,under_pressure,174,0.28735632183908044,0.7126436781609196,5.025862068965517,0.07258176473728366,-0.07238878016246589,0.000882867184773046,84731,28572,-0.07238878016246589,non_overlapping,observed,all_eligible
historical_demand_only,20,4,other,uptrend,513,0.32943469785575047,0.6705653021442495,4.770666666666667,0.09713011156335102,-0.06834480091473005,0.019472980676406366,84731,28572,-0.06834480091473005,non_overlapping,observed,all_eligible
historical_demand_only,20,4,semiconductor,correction,13,0.23076923076923078,0.7692307692307693,4.1,0.115839605810062,-0.14237148477078737,-0.03691698084627651,46622,16969,-0.14237148477078737,non_overlapping,observed,all_eligible
historical_demand_only,20,4,semiconductor,range_bound,26,0.34615384615384615,0.6538461538461539,4.285714285714286,0.17440282442290525,-0.0794699269411338,0.07739450490826427,46622,16969,-0.0794699269411338,non_overlapping,observed,all_eligible
historical_demand_only,20,4,semiconductor,under_pressure,84,0.27380952380952384,0.7261904761904762,3.606060606060606,0.11500879202721617,-0.10928304586554463,0.010062324023500966,46622,16969,-0.10928304586554463,non_overlapping,observed,all_eligible
historical_demand_only,20,4,semiconductor,uptrend,285,0.27017543859649124,0.7298245614035088,3.611607142857143,0.12468438008279153,-0.08886280207978232,0.016818971213177773,46622,16969,-0.08886280207978232,non_overlapping,observed,all_eligible
historical_demand_only,20,4,software,acute_selloff,2,0.5,0.5,0.0,0.5880722244596591,-0.12876224996643842,0.41359242851389455,75958,30391,-0.12876224996643842,non_overlapping,observed,all_eligible
historical_demand_only,20,4,software,correction,34,0.4117647058823529,0.5882352941176471,4.76,0.1142026081743522,-0.06163468763969144,0.03825854124386258,75958,30391,-0.06163468763969144,non_overlapping,observed,all_eligible
historical_demand_only,20,4,software,range_bound,58,0.3448275862068966,0.6551724137931034,4.375,0.11079973665675846,-0.07553880143963243,0.03956025835975987,75958,30391,-0.07553880143963243,non_overlapping,observed,all_eligible
historical_demand_only,20,4,software,under_pressure,184,0.27717391304347827,0.7228260869565217,4.871212121212121,0.09017654834690267,-0.09513082508098403,0.0032427635452874325,75958,30391,-0.09513082508098403,non_overlapping,observed,all_eligible
historical_demand_only,20,4,software,uptrend,568,0.34330985915492956,0.6566901408450704,4.357466063348416,0.13422845377925974,-0.0835939209803932,0.03106467544563769,75958,30391,-0.0835939209803932,non_overlapping,observed,all_eligible
historical_demand_only,20,5,other,acute_selloff,4,0.5,0.5,3.6666666666666665,0.20165516060039917,-0.08649566751614504,0.14127503636996644,84731,28572,-0.08649566751614504,non_overlapping,observed,all_eligible
historical_demand_only,20,5,other,correction,73,0.2465753424657534,0.7534246575342466,3.3541666666666665,0.09826211604833862,-0.12644328683109055,-0.002231789624686089,84731,28572,-0.12644328683109055,non_overlapping,observed,all_eligible
historical_demand_only,20,5,other,range_bound,24,0.3333333333333333,0.6666666666666666,6.2631578947368425,0.08800667396115969,-0.0517432825279325,0.020751637116234217,84731,28572,-0.0517432825279325,non_overlapping,observed,all_eligible
historical_demand_only,20,5,other,under_pressure,225,0.32,0.68,3.8941176470588235,0.10076258135138316,-0.08285017172824623,0.01122552417108964,84731,28572,-0.08285017172824623,non_overlapping,observed,all_eligible
historical_demand_only,20,5,other,uptrend,503,0.3379721669980119,0.6620278330019881,4.626943005181347,0.11723184956813076,-0.07489188888762459,0.037321401006638465,84731,28572,-0.07489188888762459,non_overlapping,observed,all_eligible
historical_demand_only,20,5,semiconductor,acute_selloff,2,0.5,0.5,2.5,0.12986407395252153,-0.16485258724428398,-0.029730199102942778,46622,16969,-0.16485258724428398,non_overlapping,observed,all_eligible
historical_demand_only,20,5,semiconductor,correction,33,0.2727272727272727,0.7272727272727273,3.4444444444444446,0.2837209783510448,-0.1583919264021448,0.1193703370497894,46622,16969,-0.1583919264021448,non_overlapping,observed,all_eligible
historical_demand_only,20,5,semiconductor,range_bound,18,0.7777777777777778,0.2222222222222222,3.8333333333333335,0.36353964417960316,-0.04762412162471564,0.29733084774543994,46622,16969,-0.04762412162471564,non_overlapping,observed,all_eligible
historical_demand_only,20,5,semiconductor,under_pressure,122,0.3114754098360656,0.6885245901639344,3.4095238095238094,0.20494073487041412,-0.10764134216255669,0.06997428515650869,46622,16969,-0.10764134216255669,non_overlapping,observed,all_eligible
historical_demand_only,20,5,semiconductor,uptrend,317,0.28391167192429023,0.7160883280757098,3.969924812030075,0.19611293465338045,-0.10822410659116997,0.0692868210935724,46622,16969,-0.10822410659116997,non_overlapping,observed,all_eligible
historical_demand_only,20,5,software,acute_selloff,3,1.0,0.0,0.6666666666666666,0.2717384518303556,-0.1031413900909985,0.15538587400680867,75958,30391,-0.1031413900909985,non_overlapping,observed,all_eligible
historical_demand_only,20,5,software,correction,70,0.2857142857142857,0.7142857142857143,3.5789473684210527,0.1638105496840358,-0.10278598048438374,0.07535938124411647,75958,30391,-0.10278598048438374,non_overlapping,observed,all_eligible
historical_demand_only,20,5,software,range_bound,25,0.56,0.44,1.7826086956521738,0.29633228702227965,-0.07072319839832628,0.14090493061409526,75958,30391,-0.07072319839832628,non_overlapping,observed,all_eligible
historical_demand_only,20,5,software,under_pressure,179,0.3016759776536313,0.6983240223463687,3.1875,0.13761176809148618,-0.10255020030971596,0.023460461358600533,75958,30391,-0.10255020030971596,non_overlapping,observed,all_eligible
historical_demand_only,20,5,software,uptrend,543,0.281767955801105,0.7182320441988951,3.8337662337662337,0.17533204762957358,-0.10489900380526818,0.040124711956943324,75958,30391,-0.10489900380526818,non_overlapping,observed,all_eligible
no_decay,5,1,other,acute_selloff,42,0.5952380952380952,0.40476190476190477,1.4,0.12106698174452328,-0.03765172265478426,0.07288951929487113,90273,28572,-0.03765172265478426,non_overlapping,observed,all_eligible
no_decay,5,1,other,correction,418,0.5956937799043063,0.4043062200956938,1.6256410256410256,0.039364752931607745,-0.03436518367872222,0.0038817604929611924,90273,28572,-0.03436518367872222,non_overlapping,observed,all_eligible
no_decay,5,1,other,range_bound,344,0.6453488372093024,0.3546511627906977,1.869047619047619,0.03569984599045394,-0.027804605735085215,0.01005522463080405,90273,28572,-0.027804605735085215,non_overlapping,observed,all_eligible
no_decay,5,1,other,under_pressure,657,0.4809741248097412,0.5190258751902588,1.7167381974248928,0.031109390927493954,-0.035999488212786555,-0.002531269026578805,90273,28572,-0.035999488212786555,non_overlapping,observed,all_eligible
no_decay,5,1,other,uptrend,1446,0.516597510373444,0.483402489626556,1.81640625,0.02747997928670724,-0.03157640848846381,-0.0036159482285669847,90273,28572,-0.03157640848846381,non_overlapping,observed,all_eligible
no_decay,5,1,semiconductor,acute_selloff,19,0.47368421052631576,0.5263157894736842,1.0,0.053353931318802415,-0.04195684138888207,-0.0076688472812563154,50294,16969,-0.04195684138888207,non_overlapping,observed,all_eligible
no_decay,5,1,semiconductor,correction,190,0.5157894736842106,0.4842105263157895,1.1047619047619048,0.054759460609555916,-0.051499522819190256,0.007270478182808251,50294,16969,-0.051499522819190256,non_overlapping,observed,all_eligible
no_decay,5,1,semiconductor,range_bound,199,0.6633165829145728,0.33668341708542715,1.5746268656716418,0.06419151541863753,-0.030943804806712664,0.032619406276609544,50294,16969,-0.030943804806712664,non_overlapping,observed,all_eligible
no_decay,5,1,semiconductor,under_pressure,298,0.4261744966442953,0.5738255033557047,1.5,0.04032159805947402,-0.05199205748338305,-0.006889757834800946,50294,16969,-0.05199205748338305,non_overlapping,observed,all_eligible
no_decay,5,1,semiconductor,uptrend,779,0.5160462130937099,0.4839537869062901,1.603448275862069,0.038811874863066795,-0.0415536593779446,-0.004338733612600321,50294,16969,-0.0415536593779446,non_overlapping,observed,all_eligible
no_decay,5,1,software,acute_selloff,21,0.6666666666666666,0.3333333333333333,1.0714285714285714,0.05781651366164618,-0.053951953417611526,0.014941270305882331,81550,30391,-0.053951953417611526,non_overlapping,observed,all_eligible
no_decay,5,1,software,correction,274,0.4781021897810219,0.5218978102189781,1.549618320610687,0.04308906822920457,-0.04976714548581328,0.0008067698949556809,81550,30391,-0.04976714548581328,non_overlapping,observed,all_eligible
no_decay,5,1,software,range_bound,257,0.6653696498054474,0.3346303501945525,1.6376811594202898,0.04626229775264539,-0.03888048833184158,0.01090084317037663,81550,30391,-0.03888048833184158,non_overlapping,observed,all_eligible
no_decay,5,1,software,under_pressure,484,0.5289256198347108,0.47107438016528924,1.5789473684210527,0.0475386579426733,-0.04210015750187249,0.005184753689982464,81550,30391,-0.04210015750187249,non_overlapping,observed,all_eligible
no_decay,5,1,software,uptrend,1024,0.5654296875,0.4345703125,1.796943231441048,0.03953993426160454,-0.039186697194977145,0.002006938393412012,81550,30391,-0.039186697194977145,non_overlapping,observed,all_eligible
no_decay,5,2,other,acute_selloff,102,0.39215686274509803,0.6078431372549019,1.125,0.0950242035571784,-0.11199232229435334,-0.011874669883175237,90273,28572,-0.11199232229435334,non_overlapping,observed,all_eligible
no_decay,5,2,other,correction,253,0.6126482213438735,0.38735177865612647,1.3581081081081081,0.06655690367506577,-0.05658528596043732,0.009600667809500873,90273,28572,-0.05658528596043732,non_overlapping,observed,all_eligible
no_decay,5,2,other,range_bound,122,0.680327868852459,0.319672131147541,1.3582089552238805,0.058991449029262275,-0.038807766028313886,0.017379074320908093,90273,28572,-0.038807766028313886,non_overlapping,observed,all_eligible
no_decay,5,2,other,under_pressure,544,0.5661764705882353,0.4338235294117647,1.5416666666666667,0.0450285019760141,-0.041664220634700634,0.005142731160018038,90273,28572,-0.041664220634700634,non_overlapping,observed,all_eligible
no_decay,5,2,other,uptrend,2121,0.5591702027345592,0.4408297972654408,1.5463157894736843,0.04834678923841731,-0.0394167508215966,0.006653679443969538,90273,28572,-0.0394167508215966,non_overlapping,observed,all_eligible
no_decay,5,2,semiconductor,acute_selloff,46,0.5,0.5,1.2702702702702702,0.12592751648717118,-0.09487908032428194,0.05361636571160617,50294,16969,-0.09487908032428194,non_overlapping,observed,all_eligible
no_decay,5,2,semiconductor,correction,145,0.5310344827586206,0.4689655172413793,1.5425531914893618,0.06831409217830933,-0.06406362346669858,0.008900589246126312,50294,16969,-0.06406362346669858,non_overlapping,observed,all_eligible
no_decay,5,2,semiconductor,range_bound,72,0.75,0.25,1.18,0.0723628610621165,-0.028631018115591402,0.03863623586416957,50294,16969,-0.028631018115591402,non_overlapping,observed,all_eligible
no_decay,5,2,semiconductor,under_pressure,274,0.5547445255474452,0.44525547445255476,1.147239263803681,0.05487787218469439,-0.047361515631537295,0.009550226741813642,50294,16969,-0.047361515631537295,non_overlapping,observed,all_eligible
no_decay,5,2,semiconductor,uptrend,1272,0.535377358490566,0.46462264150943394,1.4033742331288344,0.05090452049129945,-0.04352404677865478,0.0055962095773975495,50294,16969,-0.04352404677865478,non_overlapping,observed,all_eligible
no_decay,5,2,software,acute_selloff,98,0.5510204081632653,0.4489795918367347,1.0571428571428572,0.11144177002395998,-0.07716485227642965,0.02312448616591493,81550,30391,-0.07716485227642965,non_overlapping,observed,all_eligible
no_decay,5,2,software,correction,216,0.5833333333333334,0.4166666666666667,1.2097902097902098,0.07188959415446636,-0.06496429307545068,0.010722006396368191,81550,30391,-0.06496429307545068,non_overlapping,observed,all_eligible
no_decay,5,2,software,range_bound,94,0.7978723404255319,0.20212765957446807,1.53125,0.06546122224988642,-0.032382604270261406,0.030001100933163913,81550,30391,-0.032382604270261406,non_overlapping,observed,all_eligible
no_decay,5,2,software,under_pressure,395,0.5037974683544304,0.4962025316455696,1.5870646766169154,0.052707359695070004,-0.04915804513568016,0.00511908522064259,81550,30391,-0.04915804513568016,non_overlapping,observed,all_eligible
no_decay,5,2,software,uptrend,1855,0.5601078167115903,0.4398921832884097,1.492029755579171,0.06075785010796177,-0.04444871757752743,0.010873482034018663,81550,30391,-0.04444871757752743,non_overlapping,observed,all_eligible
no_decay,5,3,other,acute_selloff,126,0.47619047619047616,0.5238095238095238,1.5205479452054795,0.05048524745285225,-0.048766177160549574,0.009372400579832855,90273,28572,-0.048766177160549574,non_overlapping,observed,all_eligible
no_decay,5,3,other,correction,1040,0.5,0.5,1.405156537753223,0.049078754577905996,-0.04724374758180794,0.0024624571165956007,90273,28572,-0.04724374758180794,non_overlapping,observed,all_eligible
no_decay,5,3,other,range_bound,631,0.5245641838351822,0.4754358161648177,1.558139534883721,0.0448208219685727,-0.04028492147801381,0.0037270519084258782,90273,28572,-0.04028492147801381,non_overlapping,observed,all_eligible
no_decay,5,3,other,under_pressure,382,0.518324607329843,0.4816753926701571,1.4395604395604396,0.0383521465738635,-0.038416033443263255,-0.001798845885412085,90273,28572,-0.038416033443263255,non_overlapping,observed,all_eligible
no_decay,5,3,other,uptrend,885,0.5231638418079096,0.4768361581920904,1.6597633136094674,0.033649542686730254,-0.03801693968586906,-0.004642273378275187,90273,28572,-0.03801693968586906,non_overlapping,observed,all_eligible
no_decay,5,3,semiconductor,acute_selloff,56,0.25,0.75,2.09375,0.05038223806036378,-0.06601255704825218,0.013650282997174865,50294,16969,-0.06601255704825218,non_overlapping,observed,all_eligible
no_decay,5,3,semiconductor,correction,493,0.460446247464503,0.539553752535497,1.303886925795053,0.057548359768517694,-0.05623875777912686,0.0031879553251203886,50294,16969,-0.05623875777912686,non_overlapping,observed,all_eligible
no_decay,5,3,semiconductor,range_bound,411,0.48661800486618007,0.51338199513382,1.2745098039215685,0.056443458058032706,-0.04783049396276163,0.00574189037412789,50294,16969,-0.04783049396276163,non_overlapping,observed,all_eligible
no_decay,5,3,semiconductor,under_pressure,225,0.49333333333333335,0.5066666666666667,1.0924369747899159,0.04695662926199809,-0.0493101186046662,-0.004623660422493011,50294,16969,-0.0493101186046662,non_overlapping,observed,all_eligible
no_decay,5,3,semiconductor,uptrend,549,0.47176684881602915,0.5282331511839709,1.6346863468634687,0.04568084854068867,-0.046371885649586636,-0.00015061173991768394,50294,16969,-0.046371885649586636,non_overlapping,observed,all_eligible
no_decay,5,3,software,acute_selloff,113,0.45132743362831856,0.5486725663716814,1.2432432432432432,0.07387050775000681,-0.07073356622814454,0.01839487230915004,81550,30391,-0.07073356622814454,non_overlapping,observed,all_eligible
no_decay,5,3,software,correction,963,0.4392523364485981,0.5607476635514018,1.258490566037736,0.06097081773519079,-0.06572388426391587,-0.0069381005231265854,81550,30391,-0.06572388426391587,non_overlapping,observed,all_eligible
no_decay,5,3,software,range_bound,697,0.533715925394548,0.46628407460545196,1.306930693069307,0.06422394191306546,-0.05121770536310134,0.0063192533879113735,81550,30391,-0.05121770536310134,non_overlapping,observed,all_eligible
no_decay,5,3,software,under_pressure,373,0.5254691689008043,0.4745308310991957,1.1565656565656566,0.05015043839739586,-0.04791255915985067,-0.001690201472326308,81550,30391,-0.04791255915985067,non_overlapping,observed,all_eligible
no_decay,5,3,software,uptrend,1003,0.48953140578265203,0.5104685942173479,1.34624145785877,0.0491684404961975,-0.04858820265842038,-0.0024555613967998284,81550,30391,-0.04858820265842038,non_overlapping,observed,all_eligible
no_decay,5,4,other,acute_selloff,17,0.9411764705882353,0.058823529411764705,1.7142857142857142,0.07380625478551008,-0.0158252312831759,0.0439764867704609,90273,28572,-0.0158252312831759,non_overlapping,observed,all_eligible
no_decay,5,4,other,correction,165,0.593939393939394,0.40606060606060607,1.9012345679012346,0.04095606319852919,-0.030146384312409513,0.014921106047037943,90273,28572,-0.030146384312409513,non_overlapping,observed,all_eligible
no_decay,5,4,other,range_bound,209,0.6267942583732058,0.37320574162679426,1.8426966292134832,0.03366691448217305,-0.03259860353813149,0.0009370684976696083,90273,28572,-0.03259860353813149,non_overlapping,observed,all_eligible
no_decay,5,4,other,under_pressure,831,0.4897713598074609,0.5102286401925391,1.6956521739130435,0.036021066556703445,-0.037909617774188956,-0.0043997494184517556,90273,28572,-0.037909617774188956,non_overlapping,observed,all_eligible
no_decay,5,4,other,uptrend,2007,0.5321375186846039,0.4678624813153961,1.6444444444444444,0.04041569600795803,-0.03268753437173638,0.006334930241911112,90273,28572,-0.03268753437173638,non_overlapping,observed,all_eligible
no_decay,5,4,semiconductor,acute_selloff,5,0.8,0.2,1.0,0.08840918859668663,-0.03569358073551079,0.053822555094725354,50294,16969,-0.03569358073551079,non_overlapping,observed,all_eligible
no_decay,5,4,semiconductor,correction,63,0.6666666666666666,0.3333333333333333,1.2222222222222223,0.0707650310038058,-0.04966561826532454,0.024568120850455302,50294,16969,-0.04966561826532454,non_overlapping,observed,all_eligible
no_decay,5,4,semiconductor,range_bound,89,0.5056179775280899,0.4943820224719101,1.7083333333333333,0.06089298362859029,-0.053126255885041024,0.0017494879104677714,50294,16969,-0.053126255885041024,non_overlapping,observed,all_eligible
no_decay,5,4,semiconductor,under_pressure,455,0.4725274725274725,0.5274725274725275,1.3422222222222222,0.04550974249014802,-0.05035773439274442,-0.007475823446588474,50294,16969,-0.05035773439274442,non_overlapping,observed,all_eligible
no_decay,5,4,semiconductor,uptrend,1138,0.4903339191564148,0.5096660808435852,1.335593220338983,0.05524247126797386,-0.04553062782097484,0.006937755968539424,50294,16969,-0.04553062782097484,non_overlapping,observed,all_eligible
no_decay,5,4,software,acute_selloff,14,0.9285714285714286,0.07142857142857142,1.4444444444444444,0.06290988622058617,-0.01764242247824351,0.04001287332976048,81550,30391,-0.01764242247824351,non_overlapping,observed,all_eligible
no_decay,5,4,software,correction,174,0.6091954022988506,0.39080459770114945,1.5757575757575757,0.05968554495551053,-0.03585727112060278,0.02672212090527025,81550,30391,-0.03585727112060278,non_overlapping,observed,all_eligible
no_decay,5,4,software,range_bound,245,0.5836734693877551,0.4163265306122449,1.459016393442623,0.04648111080657189,-0.04076252175561111,0.0016405803570367474,81550,30391,-0.04076252175561111,non_overlapping,observed,all_eligible
no_decay,5,4,software,under_pressure,910,0.5153846153846153,0.4846153846153846,1.4441860465116279,0.04559994478938793,-0.04728495263723779,-0.003654473412417188,81550,30391,-0.04728495263723779,non_overlapping,observed,all_eligible
no_decay,5,4,software,uptrend,2176,0.5445772058823529,0.4554227941176471,1.41016333938294,0.05302206108309755,-0.04011964510577242,0.00921968049518658,81550,30391,-0.04011964510577242,non_overlapping,observed,all_eligible
no_decay,5,5,other,acute_selloff,24,0.625,0.375,0.8,0.07399860035717519,-0.04150271298832454,0.04283086016125084,90273,28572,-0.04150271298832454,non_overlapping,observed,all_eligible
no_decay,5,5,other,correction,287,0.5400696864111498,0.45993031358885017,1.3066666666666666,0.04732360297608279,-0.0563221459231999,-0.00493872098218893,90273,28572,-0.0563221459231999,non_overlapping,observed,all_eligible
no_decay,5,5,other,range_bound,131,0.6335877862595419,0.366412213740458,1.7647058823529411,0.045255192511020816,-0.028577537525828835,0.016470138771120177,90273,28572,-0.028577537525828835,non_overlapping,observed,all_eligible
no_decay,5,5,other,under_pressure,1002,0.593812375249501,0.406187624750499,1.3536121673003803,0.048385013694160234,-0.03944155024406437,0.0070851857456986035,90273,28572,-0.03944155024406437,non_overlapping,observed,all_eligible
no_decay,5,5,other,uptrend,2062,0.5063045586808923,0.49369544131910764,1.66235167206041,0.04132673012865719,-0.03969930766894652,0.0017620612788893117,90273,28572,-0.03969930766894652,non_overlapping,observed,all_eligible
no_decay,5,5,semiconductor,acute_selloff,9,0.6666666666666666,0.3333333333333333,1.1111111111111112,0.13287800307597228,-0.07688142567836537,0.06644435916757015,50294,16969,-0.07688142567836537,non_overlapping,observed,all_eligible
no_decay,5,5,semiconductor,correction,130,0.49230769230769234,0.5076923076923077,1.1428571428571428,0.06479833404870168,-0.0799550989120223,-0.008361084300944718,50294,16969,-0.0799550989120223,non_overlapping,observed,all_eligible
no_decay,5,5,semiconductor,range_bound,90,0.7888888888888889,0.2111111111111111,1.0294117647058822,0.11232381445741275,-0.04410029957007739,0.07519810929095781,50294,16969,-0.04410029957007739,non_overlapping,observed,all_eligible
no_decay,5,5,semiconductor,under_pressure,565,0.5646017699115045,0.4353982300884956,1.113821138211382,0.0914143554552865,-0.06414321944846636,0.02442805330994542,50294,16969,-0.06414321944846636,non_overlapping,observed,all_eligible
no_decay,5,5,semiconductor,uptrend,1257,0.4781225139220366,0.5218774860779634,1.37434554973822,0.07826387420324152,-0.060874132085361236,0.01420650395221481,50294,16969,-0.060874132085361236,non_overlapping,observed,all_eligible
no_decay,5,5,software,acute_selloff,16,0.8125,0.1875,0.5333333333333333,0.1389752149957066,-0.04786990061088735,0.07856233523338965,81550,30391,-0.04786990061088735,non_overlapping,observed,all_eligible
no_decay,5,5,software,correction,305,0.5016393442622951,0.49836065573770494,1.3060109289617485,0.06775196467190303,-0.06413808065554326,0.0064013099305328825,81550,30391,-0.06413808065554326,non_overlapping,observed,all_eligible
no_decay,5,5,software,range_bound,150,0.7666666666666667,0.23333333333333334,1.4285714285714286,0.08813080534774907,-0.03705157431567804,0.04700814200217862,81550,30391,-0.03705157431567804,non_overlapping,observed,all_eligible
no_decay,5,5,software,under_pressure,891,0.5117845117845118,0.4882154882154882,1.2210743801652892,0.06404110051647985,-0.05422490394444403,0.006560436156347687,81550,30391,-0.05422490394444403,non_overlapping,observed,all_eligible
no_decay,5,5,software,uptrend,2165,0.4771362586605081,0.5228637413394919,1.4595910418695228,0.06216252777116869,-0.05374467445744264,0.003385724072781583,81550,30391,-0.05374467445744264,non_overlapping,observed,all_eligible
no_decay,10,1,other,acute_selloff,23,0.5652173913043478,0.43478260869565216,2.125,0.17617615397244482,-0.04557724165312007,0.12126884267941183,90273,28572,-0.04557724165312007,non_overlapping,observed,all_eligible
no_decay,10,1,other,correction,211,0.4786729857819905,0.5213270142180095,3.0078740157480315,0.05995922247908135,-0.05092720045119458,0.008189328653648017,90273,28572,-0.05092720045119458,non_overlapping,observed,all_eligible
no_decay,10,1,other,range_bound,178,0.5842696629213483,0.4157303370786517,3.225,0.05087449135051698,-0.03255926633408662,0.019145457978567836,90273,28572,-0.03255926633408662,non_overlapping,observed,all_eligible
no_decay,10,1,other,under_pressure,329,0.3708206686930091,0.6291793313069909,3.0535714285714284,0.040813074613897694,-0.0503061361513945,-0.007725767584874789,90273,28572,-0.0503061361513945,non_overlapping,observed,all_eligible
no_decay,10,1,other,uptrend,733,0.3656207366984993,0.6343792633015006,3.267175572519084,0.04319710459852121,-0.04796423832145282,-0.003585236304499392,90273,28572,-0.04796423832145282,non_overlapping,observed,all_eligible
no_decay,10,1,semiconductor,acute_selloff,12,0.4166666666666667,0.5833333333333334,0.875,0.06729975216078116,-0.07046090494395947,-0.012259859386858326,50294,16969,-0.07046090494395947,non_overlapping,observed,all_eligible
no_decay,10,1,semiconductor,correction,90,0.36666666666666664,0.6333333333333333,2.265625,0.07687754011024964,-0.08032293542237988,-0.0019571343634462246,50294,16969,-0.08032293542237988,non_overlapping,observed,all_eligible
no_decay,10,1,semiconductor,range_bound,94,0.5851063829787234,0.4148936170212766,2.5128205128205128,0.09538145720155858,-0.037272891432852985,0.051607262878710404,50294,16969,-0.037272891432852985,non_overlapping,observed,all_eligible
no_decay,10,1,semiconductor,under_pressure,156,0.3076923076923077,0.6923076923076923,2.619047619047619,0.05991385479613598,-0.06948677628415248,8.893595961599787e-05,50294,16969,-0.06948677628415248,non_overlapping,observed,all_eligible
no_decay,10,1,semiconductor,uptrend,400,0.37,0.63,2.795744680851064,0.06046511847067492,-0.0655760241981689,-0.00532528399778933,50294,16969,-0.0655760241981689,non_overlapping,observed,all_eligible
no_decay,10,1,software,acute_selloff,8,0.375,0.625,0.5,0.07704457318577365,-0.0867503503854123,0.013131848392448062,81550,30391,-0.0867503503854123,non_overlapping,observed,all_eligible
no_decay,10,1,software,correction,140,0.4,0.6,2.8541666666666665,0.06143815342764967,-0.07414524506715063,-0.003398064111018736,81550,30391,-0.07414524506715063,non_overlapping,observed,all_eligible
no_decay,10,1,software,range_bound,123,0.5609756097560976,0.43902439024390244,2.9318181818181817,0.07475687301066986,-0.052794798648127986,0.024993955067915952,81550,30391,-0.052794798648127986,non_overlapping,observed,all_eligible
no_decay,10,1,software,under_pressure,236,0.4152542372881356,0.5847457627118644,2.7058823529411766,0.05893260993920667,-0.06034189617298286,0.0021684695133488297,81550,30391,-0.06034189617298286,non_overlapping,observed,all_eligible
no_decay,10,1,software,uptrend,539,0.44155844155844154,0.5584415584415584,2.8246153846153845,0.060420755132988044,-0.056186032665001114,0.004433260710841749,81550,30391,-0.056186032665001114,non_overlapping,observed,all_eligible
no_decay,10,2,other,acute_selloff,48,0.2916666666666667,0.7083333333333334,1.542857142857143,0.14341614247643777,-0.16429371902507853,-0.03456969747623737,90273,28572,-0.16429371902507853,non_overlapping,observed,all_eligible
no_decay,10,2,other,correction,115,0.48695652173913045,0.5130434782608696,2.3125,0.0920647610049714,-0.07900012633586079,0.02619254928841839,90273,28572,-0.07900012633586079,non_overlapping,observed,all_eligible
no_decay,10,2,other,range_bound,63,0.5396825396825397,0.4603174603174603,2.372093023255814,0.0962225253675044,-0.048841083712929084,0.035769394546414236,90273,28572,-0.048841083712929084,non_overlapping,observed,all_eligible
no_decay,10,2,other,under_pressure,277,0.4657039711191336,0.5342960288808665,2.9782608695652173,0.07302140203789376,-0.055955223464204396,0.019839638715172515,90273,28572,-0.055955223464204396,non_overlapping,observed,all_eligible
no_decay,10,2,other,uptrend,1086,0.4134438305709024,0.5865561694290976,3.0356037151702786,0.0801486510943957,-0.056664248462741214,0.011225601432000142,90273,28572,-0.056664248462741214,non_overlapping,observed,all_eligible
no_decay,10,2,semiconductor,acute_selloff,23,0.43478260869565216,0.5652173913043478,1.2941176470588236,0.16574476433035557,-0.13080172543848678,0.03466667945816397,50294,16969,-0.13080172543848678,non_overlapping,observed,all_eligible
no_decay,10,2,semiconductor,correction,76,0.5263157894736842,0.47368421052631576,2.2580645161290325,0.10344547314723876,-0.08261013686414555,0.027443754564882395,50294,16969,-0.08261013686414555,non_overlapping,observed,all_eligible
no_decay,10,2,semiconductor,range_bound,34,0.6470588235294118,0.35294117647058826,1.9259259259259258,0.11774193368259392,-0.03680587618112594,0.05582763009043399,50294,16969,-0.03680587618112594,non_overlapping,observed,all_eligible
no_decay,10,2,semiconductor,under_pressure,132,0.49242424242424243,0.5075757575757576,2.284313725490196,0.0965219119872601,-0.06162287017999612,0.04299754294415394,50294,16969,-0.06162287017999612,non_overlapping,observed,all_eligible
no_decay,10,2,semiconductor,uptrend,653,0.4241960183767228,0.5758039816232772,2.4783653846153846,0.07651188062462086,-0.06079066234871151,0.011919613512544298,50294,16969,-0.06079066234871151,non_overlapping,observed,all_eligible
no_decay,10,2,software,acute_selloff,55,0.36363636363636365,0.6363636363636364,1.816326530612245,0.1443074266912424,-0.13557618338621896,0.012431566267411336,81550,30391,-0.13557618338621896,non_overlapping,observed,all_eligible
no_decay,10,2,software,correction,98,0.5408163265306123,0.45918367346938777,2.3684210526315788,0.11440677422579802,-0.08326912397117787,0.032781195090768656,81550,30391,-0.08326912397117787,non_overlapping,observed,all_eligible
no_decay,10,2,software,range_bound,53,0.7358490566037735,0.2641509433962264,2.7555555555555555,0.09862525374576807,-0.0367969508131014,0.0513872422284891,81550,30391,-0.0367969508131014,non_overlapping,observed,all_eligible
no_decay,10,2,software,under_pressure,202,0.41089108910891087,0.5891089108910891,2.7142857142857144,0.07761175062900687,-0.06184929407277789,0.01141850853521904,81550,30391,-0.06184929407277789,non_overlapping,observed,all_eligible
no_decay,10,2,software,uptrend,944,0.4332627118644068,0.5667372881355932,2.6486928104575163,0.09615616901253614,-0.06267092941613574,0.021591436697465265,81550,30391,-0.06267092941613574,non_overlapping,observed,all_eligible
no_decay,10,3,other,acute_selloff,69,0.391304347826087,0.6086956521739131,2.8545454545454545,0.07312720787047239,-0.06494647337049746,0.01846216706478186,90273,28572,-0.06494647337049746,non_overlapping,observed,all_eligible
no_decay,10,3,other,correction,526,0.39923954372623577,0.6007604562737643,2.756164383561644,0.06999750671926841,-0.06727192668137014,0.0053419415136098936,90273,28572,-0.06727192668137014,non_overlapping,observed,all_eligible
no_decay,10,3,other,range_bound,318,0.4056603773584906,0.5943396226415094,2.7055837563451774,0.06240890000236181,-0.053781981291337176,-0.00039828376427374106,90273,28572,-0.053781981291337176,non_overlapping,observed,all_eligible
no_decay,10,3,other,under_pressure,179,0.40782122905027934,0.5921787709497207,2.7768595041322315,0.05604916196022303,-0.060618814983862374,-0.005987980522337998,90273,28572,-0.060618814983862374,non_overlapping,observed,all_eligible
no_decay,10,3,other,uptrend,459,0.3877995642701525,0.6122004357298475,3.0653061224489795,0.049816040342526464,-0.05452320845758527,-0.006824257014306777,90273,28572,-0.05452320845758527,non_overlapping,observed,all_eligible
no_decay,10,3,semiconductor,acute_selloff,25,0.12,0.88,3.65,0.06753416188043074,-0.08078890994902649,0.006927594997637874,50294,16969,-0.08078890994902649,non_overlapping,observed,all_eligible
no_decay,10,3,semiconductor,correction,252,0.35714285714285715,0.6428571428571429,2.272727272727273,0.08478073741443587,-0.07847828021118078,0.010846012527253422,50294,16969,-0.07847828021118078,non_overlapping,observed,all_eligible
no_decay,10,3,semiconductor,range_bound,211,0.41706161137440756,0.5829383886255924,1.864516129032258,0.08309976293320134,-0.06994057284334329,-0.001779953192689043,50294,16969,-0.06994057284334329,non_overlapping,observed,all_eligible
no_decay,10,3,semiconductor,under_pressure,109,0.3394495412844037,0.6605504587155964,2.4027777777777777,0.062315191325681946,-0.08093729252288565,-0.01663119897817514,50294,16969,-0.08093729252288565,non_overlapping,observed,all_eligible
no_decay,10,3,semiconductor,uptrend,285,0.3263157894736842,0.6736842105263158,2.6514285714285712,0.06772174768812574,-0.06153072390310059,0.002762688698405663,50294,16969,-0.06153072390310059,non_overlapping,observed,all_eligible
no_decay,10,3,software,acute_selloff,54,0.4074074074074074,0.5925925925925926,1.5853658536585367,0.13787157234756858,-0.09083422504970552,0.03748562431070743,81550,30391,-0.09083422504970552,non_overlapping,observed,all_eligible
no_decay,10,3,software,correction,488,0.3463114754098361,0.6536885245901639,2.4138972809667676,0.0837670950963293,-0.09524328204440821,-0.009411994102821026,81550,30391,-0.09524328204440821,non_overlapping,observed,all_eligible
no_decay,10,3,software,range_bound,355,0.4084507042253521,0.5915492957746479,2.1538461538461537,0.0981418290722315,-0.0717921625230193,0.005635937793908682,81550,30391,-0.0717921625230193,non_overlapping,observed,all_eligible
no_decay,10,3,software,under_pressure,187,0.4385026737967914,0.5614973262032086,2.111111111111111,0.07760974331974431,-0.07146509071592504,-0.0030901076978455087,81550,30391,-0.07146509071592504,non_overlapping,observed,all_eligible
no_decay,10,3,software,uptrend,515,0.37475728155339805,0.625242718446602,2.5324675324675323,0.07436013413371116,-0.06510061224742489,-0.0038955551319060384,81550,30391,-0.06510061224742489,non_overlapping,observed,all_eligible
no_decay,10,4,other,acute_selloff,8,1.0,0.0,2.0,0.06242942282212671,-0.014381683089112585,0.056278308840570834,90273,28572,-0.014381683089112585,non_overlapping,observed,all_eligible
no_decay,10,4,other,correction,85,0.5294117647058824,0.47058823529411764,2.8421052631578947,0.066128616311432,-0.04135938495658923,0.03071880548977942,90273,28572,-0.04135938495658923,non_overlapping,observed,all_eligible
no_decay,10,4,other,range_bound,107,0.4766355140186916,0.5233644859813084,3.066666666666667,0.049043514559785735,-0.04532710918325229,0.004893002127108588,90273,28572,-0.04532710918325229,non_overlapping,observed,all_eligible
no_decay,10,4,other,under_pressure,406,0.35714285714285715,0.6428571428571429,2.7847533632286994,0.055110636649166926,-0.05732188390946617,-0.010766702505833874,90273,28572,-0.05732188390946617,non_overlapping,observed,all_eligible
no_decay,10,4,other,uptrend,1029,0.4110787172011662,0.5889212827988338,2.901315789473684,0.0619911165122818,-0.0461637088258075,0.013958339368832303,90273,28572,-0.0461637088258075,non_overlapping,observed,all_eligible
no_decay,10,4,semiconductor,acute_selloff,4,0.75,0.25,2.25,0.14135313701732571,-0.02514151500014672,0.1294508894942052,50294,16969,-0.02514151500014672,non_overlapping,observed,all_eligible
no_decay,10,4,semiconductor,correction,31,0.5483870967741935,0.45161290322580644,1.9,0.1632030357586531,-0.06470273780373607,0.07584180828258723,50294,16969,-0.06470273780373607,non_overlapping,observed,all_eligible
no_decay,10,4,semiconductor,range_bound,48,0.3125,0.6875,2.8181818181818183,0.08434559914088315,-0.07381923641310428,0.008071572052672227,50294,16969,-0.07381923641310428,non_overlapping,observed,all_eligible
no_decay,10,4,semiconductor,under_pressure,217,0.33640552995391704,0.663594470046083,2.3909774436090228,0.06312719974453518,-0.07885114554139468,-0.01577431576118903,50294,16969,-0.07885114554139468,non_overlapping,observed,all_eligible
no_decay,10,4,semiconductor,uptrend,590,0.3813559322033898,0.6186440677966102,2.5024875621890548,0.08407569425709904,-0.06296232951314855,0.014478015800102603,50294,16969,-0.06296232951314855,non_overlapping,observed,all_eligible
no_decay,10,4,software,acute_selloff,7,1.0,0.0,2.7142857142857144,0.08019505814494678,-0.012459418723504343,0.07282466442999211,81550,30391,-0.012459418723504343,non_overlapping,observed,all_eligible
no_decay,10,4,software,correction,85,0.5764705882352941,0.4235294117647059,2.542372881355932,0.07879372470325116,-0.04574220220245922,0.03358217208633643,81550,30391,-0.04574220220245922,non_overlapping,observed,all_eligible
no_decay,10,4,software,range_bound,129,0.5038759689922481,0.49612403100775193,2.3125,0.08130031546500492,-0.05879475702057149,0.016271455234143594,81550,30391,-0.05879475702057149,non_overlapping,observed,all_eligible
no_decay,10,4,software,under_pressure,437,0.37986270022883295,0.620137299771167,2.5730769230769233,0.06805166489286119,-0.0758512563273939,-0.007264938694381266,81550,30391,-0.0758512563273939,non_overlapping,observed,all_eligible
no_decay,10,4,software,uptrend,1123,0.4300979519145147,0.5699020480854853,2.673254281949934,0.08394669864211808,-0.05480178520848623,0.019520360920500544,81550,30391,-0.05480178520848623,non_overlapping,observed,all_eligible
no_decay,10,5,other,acute_selloff,12,0.4166666666666667,0.5833333333333334,2.5714285714285716,0.07676526323451803,-0.07656836722651111,0.014165230185682165,90273,28572,-0.07656836722651111,non_overlapping,observed,all_eligible
no_decay,10,5,other,correction,146,0.4383561643835616,0.5616438356164384,2.762376237623762,0.07671295704748256,-0.08074935371214897,0.011293402511166936,90273,28572,-0.08074935371214897,non_overlapping,observed,all_eligible
no_decay,10,5,other,range_bound,63,0.5873015873015873,0.4126984126984127,2.6666666666666665,0.05930704534665493,-0.032633596565378134,0.012369703658819859,90273,28572,-0.032633596565378134,non_overlapping,observed,all_eligible
no_decay,10,5,other,under_pressure,507,0.4457593688362919,0.5542406311637081,2.5343283582089553,0.07155461184418041,-0.0583963015439639,0.00983086077866178,90273,28572,-0.0583963015439639,non_overlapping,observed,all_eligible
no_decay,10,5,other,uptrend,1028,0.3764591439688716,0.6235408560311284,3.0990712074303404,0.06965080930355515,-0.05550501337779507,0.013745596622658503,90273,28572,-0.05550501337779507,non_overlapping,observed,all_eligible
no_decay,10,5,semiconductor,acute_selloff,6,0.5,0.5,1.1666666666666667,0.14109203808704351,-0.09480052177189306,-0.017312974729941144,50294,16969,-0.09480052177189306,non_overlapping,observed,all_eligible
no_decay,10,5,semiconductor,correction,66,0.42424242424242425,0.5757575757575758,2.5714285714285716,0.10345004381478297,-0.11327322449591304,0.014537510715662241,50294,16969,-0.11327322449591304,non_overlapping,observed,all_eligible
no_decay,10,5,semiconductor,range_bound,39,0.8461538461538461,0.15384615384615385,1.6756756756756757,0.16197664670369738,-0.04084685479444692,0.08775576568242309,50294,16969,-0.04084685479444692,non_overlapping,observed,all_eligible
no_decay,10,5,semiconductor,under_pressure,266,0.3684210526315789,0.631578947368421,2.0729166666666665,0.12369998297797197,-0.09637581074421074,0.015779712828233337,50294,16969,-0.09637581074421074,non_overlapping,observed,all_eligible
no_decay,10,5,semiconductor,uptrend,653,0.35987748851454826,0.6401225114854517,2.3524752475247523,0.13158644331804276,-0.07913065118967644,0.042349564536473344,50294,16969,-0.07913065118967644,non_overlapping,observed,all_eligible
no_decay,10,5,software,acute_selloff,2,1.0,0.0,1.0,0.16524900948493204,-0.07044519149957978,0.07094768708299737,81550,30391,-0.07044519149957978,non_overlapping,observed,all_eligible
no_decay,10,5,software,correction,161,0.3167701863354037,0.6832298136645962,2.2241379310344827,0.10608720080325659,-0.09036846027249358,0.03009316399256079,81550,30391,-0.09036846027249358,non_overlapping,observed,all_eligible
no_decay,10,5,software,range_bound,68,0.7647058823529411,0.23529411764705882,1.9285714285714286,0.12342141380624833,-0.038600687662497225,0.06018105742585429,81550,30391,-0.038600687662497225,non_overlapping,observed,all_eligible
no_decay,10,5,software,under_pressure,436,0.3967889908256881,0.6032110091743119,2.164383561643836,0.09080502019368132,-0.07541189795828719,0.005506890375864327,81550,30391,-0.07541189795828719,non_overlapping,observed,all_eligible
no_decay,10,5,software,uptrend,1096,0.36222627737226276,0.6377737226277372,2.5096870342771984,0.09929209288145607,-0.07385099776118845,0.017320997222082777,81550,30391,-0.07385099776118845,non_overlapping,observed,all_eligible
no_decay,20,1,other,acute_selloff,12,0.4166666666666667,0.5833333333333334,2.272727272727273,0.3322097680565237,-0.04113429284121773,0.25497424648452466,90273,28572,-0.04113429284121773,non_overlapping,observed,all_eligible
no_decay,20,1,other,correction,107,0.3364485981308411,0.6635514018691588,4.472972972972973,0.07083501280558158,-0.07514007743682234,-8.233447580076909e-05,90273,28572,-0.07514007743682234,non_overlapping,observed,all_eligible
no_decay,20,1,other,range_bound,98,0.41836734693877553,0.5816326530612245,5.728395061728395,0.07802133425279169,-0.045307796362147455,0.028394493421168128,90273,28572,-0.045307796362147455,non_overlapping,observed,all_eligible
no_decay,20,1,other,under_pressure,144,0.2708333333333333,0.7291666666666666,5.648936170212766,0.06430628490343382,-0.07216936573357256,-0.002471795968900906,90273,28572,-0.07216936573357256,non_overlapping,observed,all_eligible
no_decay,20,1,other,uptrend,389,0.26735218508997427,0.7326478149100257,5.3632958801498125,0.06258770940214589,-0.06744475768874258,-0.008375338223662918,90273,28572,-0.06744475768874258,non_overlapping,observed,all_eligible
no_decay,20,1,semiconductor,acute_selloff,9,0.4444444444444444,0.5555555555555556,0.8571428571428571,0.10648391937321953,-0.062061453355929226,0.042699875333976865,50294,16969,-0.062061453355929226,non_overlapping,observed,all_eligible
no_decay,20,1,semiconductor,correction,46,0.2826086956521739,0.717391304347826,4.076923076923077,0.12042534303409033,-0.1032379891775579,0.014412548671288822,50294,16969,-0.1032379891775579,non_overlapping,observed,all_eligible
no_decay,20,1,semiconductor,range_bound,43,0.5348837209302325,0.46511627906976744,2.8421052631578947,0.1456296246859915,-0.04832380139996066,0.07510291993072901,50294,16969,-0.04832380139996066,non_overlapping,observed,all_eligible
no_decay,20,1,semiconductor,under_pressure,74,0.28378378378378377,0.7162162162162162,5.2075471698113205,0.10985742398188658,-0.08869358070607183,0.022586225685158196,50294,16969,-0.08869358070607183,non_overlapping,observed,all_eligible
no_decay,20,1,semiconductor,uptrend,215,0.2372093023255814,0.7627906976744186,4.751633986928105,0.08216541082082206,-0.09202109085520314,-0.015659894368502892,50294,16969,-0.09202109085520314,non_overlapping,observed,all_eligible
no_decay,20,1,software,acute_selloff,3,0.3333333333333333,0.6666666666666666,7.0,0.10125061963030535,-0.057977875657636124,0.07813924073989442,81550,30391,-0.057977875657636124,non_overlapping,observed,all_eligible
no_decay,20,1,software,correction,72,0.3055555555555556,0.6944444444444444,4.87719298245614,0.088013322627488,-0.09443019712376743,0.021995901620049257,81550,30391,-0.09443019712376743,non_overlapping,observed,all_eligible
no_decay,20,1,software,range_bound,60,0.45,0.55,4.723404255319149,0.08970117652255646,-0.06646814558203767,0.02986442596850974,81550,30391,-0.06646814558203767,non_overlapping,observed,all_eligible
no_decay,20,1,software,under_pressure,109,0.3394495412844037,0.6605504587155964,4.988636363636363,0.09482353906735388,-0.07153223862263186,0.030713749248495563,81550,30391,-0.07153223862263186,non_overlapping,observed,all_eligible
no_decay,20,1,software,uptrend,296,0.3547297297297297,0.6452702702702703,4.484581497797357,0.15861242524705874,-0.0784102799107338,0.0466441087352645,81550,30391,-0.0784102799107338,non_overlapping,observed,all_eligible
no_decay,20,2,other,acute_selloff,26,0.23076923076923078,0.7692307692307693,2.772727272727273,0.2156401799508591,-0.21077472928321586,0.043109803980248225,90273,28572,-0.21077472928321586,non_overlapping,observed,all_eligible
no_decay,20,2,other,correction,59,0.4067796610169492,0.5932203389830508,4.64,0.12954167249948043,-0.07869866138907271,0.06518888937359976,90273,28572,-0.07869866138907271,non_overlapping,observed,all_eligible
no_decay,20,2,other,range_bound,27,0.48148148148148145,0.5185185185185185,3.72,0.1398224147351334,-0.07008399332964416,0.05234781031088782,90273,28572,-0.07008399332964416,non_overlapping,observed,all_eligible
no_decay,20,2,other,under_pressure,122,0.3114754098360656,0.6885245901639344,5.064516129032258,0.0973871428372189,-0.07971268291653084,0.0189610646830969,90273,28572,-0.07971268291653084,non_overlapping,observed,all_eligible
no_decay,20,2,other,uptrend,579,0.3022452504317789,0.697754749568221,5.173076923076923,0.12626792227863337,-0.0819234534287013,0.031889367643234044,90273,28572,-0.0819234534287013,non_overlapping,observed,all_eligible
no_decay,20,2,semiconductor,acute_selloff,9,0.5555555555555556,0.4444444444444444,3.375,0.3345985064966654,-0.16825272163002664,0.2088616434626559,50294,16969,-0.16825272163002664,non_overlapping,observed,all_eligible
no_decay,20,2,semiconductor,correction,37,0.4864864864864865,0.5135135135135135,2.5588235294117645,0.13551452415632786,-0.0891966094095309,0.07797687251282354,50294,16969,-0.0891966094095309,non_overlapping,observed,all_eligible
no_decay,20,2,semiconductor,range_bound,20,0.6,0.4,2.5555555555555554,0.15083812805373728,-0.047337264997367276,0.0824408509934732,50294,16969,-0.047337264997367276,non_overlapping,observed,all_eligible
no_decay,20,2,semiconductor,under_pressure,62,0.3548387096774194,0.6451612903225806,4.226415094339623,0.15731556467403535,-0.08209389384139947,0.08213201458933753,50294,16969,-0.08209389384139947,non_overlapping,observed,all_eligible
no_decay,20,2,semiconductor,uptrend,342,0.30994152046783624,0.6900584795321637,5.345864661654136,0.11865536536336471,-0.08409516920182461,0.033130899881119856,50294,16969,-0.08409516920182461,non_overlapping,observed,all_eligible
no_decay,20,2,software,acute_selloff,25,0.32,0.68,2.0833333333333335,0.19373950844879165,-0.17309610363810493,0.07260806849466413,81550,30391,-0.17309610363810493,non_overlapping,observed,all_eligible
no_decay,20,2,software,correction,55,0.5818181818181818,0.41818181818181815,3.52,0.19816329317635908,-0.0864137684299113,0.11254391126800448,81550,30391,-0.0864137684299113,non_overlapping,observed,all_eligible
no_decay,20,2,software,range_bound,24,0.7083333333333334,0.2916666666666667,4.318181818181818,0.19516992978781067,-0.047602056946574454,0.1376349705756054,81550,30391,-0.047602056946574454,non_overlapping,observed,all_eligible
no_decay,20,2,software,under_pressure,94,0.24468085106382978,0.7553191489361702,4.830985915492958,0.09741547657977884,-0.0985950541453772,0.0008444446418881617,81550,30391,-0.0985950541453772,non_overlapping,observed,all_eligible
no_decay,20,2,software,uptrend,496,0.3346774193548387,0.6653225806451613,4.610526315789474,0.1541300977284662,-0.08730468686922309,0.03634274176011071,81550,30391,-0.08730468686922309,non_overlapping,observed,all_eligible
no_decay,20,3,other,acute_selloff,42,0.2619047619047619,0.7380952380952381,4.131578947368421,0.11070661151008525,-0.0820810569136188,0.019066254172377263,90273,28572,-0.0820810569136188,non_overlapping,observed,all_eligible
no_decay,20,3,other,correction,257,0.28793774319066145,0.7120622568093385,3.971014492753623,0.10935265671444543,-0.09145280574152637,0.019195583354852722,90273,28572,-0.09145280574152637,non_overlapping,observed,all_eligible
no_decay,20,3,other,range_bound,161,0.2981366459627329,0.7018633540372671,4.136363636363637,0.06961969254426223,-0.08195438485968773,-0.02747366472409427,90273,28572,-0.08195438485968773,non_overlapping,observed,all_eligible
no_decay,20,3,other,under_pressure,86,0.2558139534883721,0.7441860465116279,3.4838709677419355,0.09648601780701326,-0.08276596266074501,0.00022446165415454975,90273,28572,-0.08276596266074501,non_overlapping,observed,all_eligible
no_decay,20,3,other,uptrend,253,0.2608695652173913,0.7391304347826086,5.09375,0.060897976151226656,-0.08179521745572566,-0.020864066254294027,90273,28572,-0.08179521745572566,non_overlapping,observed,all_eligible
no_decay,20,3,semiconductor,acute_selloff,16,0.0625,0.9375,3.5,0.09169768508590978,-0.11475354994625778,0.0070931382839294,50294,16969,-0.11475354994625778,non_overlapping,observed,all_eligible
no_decay,20,3,semiconductor,correction,124,0.25806451612903225,0.7419354838709677,4.295918367346939,0.14193990299612577,-0.09795778839599407,0.044789767122358055,50294,16969,-0.09795778839599407,non_overlapping,observed,all_eligible
no_decay,20,3,semiconductor,range_bound,102,0.28431372549019607,0.7156862745098039,1.925,0.10643763307740255,-0.11006764342214674,-0.04753029722769814,50294,16969,-0.11006764342214674,non_overlapping,observed,all_eligible
no_decay,20,3,semiconductor,under_pressure,56,0.32142857142857145,0.6785714285714286,4.340909090909091,0.11678860192696318,-0.09118403277466212,0.036226632559019624,50294,16969,-0.09118403277466212,non_overlapping,observed,all_eligible
no_decay,20,3,semiconductor,uptrend,155,0.1870967741935484,0.8129032258064516,4.758620689655173,0.10759191572934902,-0.08830764818659227,0.012566255748653651,50294,16969,-0.08830764818659227,non_overlapping,observed,all_eligible
no_decay,20,3,software,acute_selloff,30,0.23333333333333334,0.7666666666666667,2.5652173913043477,0.15315471907725414,-0.13610705426963007,-0.008010975847393183,81550,30391,-0.13610705426963007,non_overlapping,observed,all_eligible
no_decay,20,3,software,correction,234,0.2564102564102564,0.7435897435897436,3.296511627906977,0.11973696194729683,-0.135414511722874,-0.0028176362078737942,81550,30391,-0.135414511722874,non_overlapping,observed,all_eligible
no_decay,20,3,software,range_bound,184,0.2608695652173913,0.7391304347826086,2.962121212121212,0.11290343730962037,-0.11717759485587982,-0.049259113845219187,81550,30391,-0.11717759485587982,non_overlapping,observed,all_eligible
no_decay,20,3,software,under_pressure,101,0.33663366336633666,0.6633663366336634,2.831168831168831,0.13943336238965304,-0.10623355662759065,0.015336680030115553,81550,30391,-0.10623355662759065,non_overlapping,observed,all_eligible
no_decay,20,3,software,uptrend,272,0.2867647058823529,0.7132352941176471,3.7150837988826817,0.1103379350347487,-0.09465016424639355,-0.0019570344679277537,81550,30391,-0.09465016424639355,non_overlapping,observed,all_eligible
no_decay,20,4,other,acute_selloff,4,1.0,0.0,4.75,0.09463733901049631,-0.010126254625470288,0.06351597318449675,90273,28572,-0.010126254625470288,non_overlapping,observed,all_eligible
no_decay,20,4,other,correction,42,0.35714285714285715,0.6428571428571429,4.09375,0.10668450610464666,-0.0623527316982652,0.039451739993427756,90273,28572,-0.0623527316982652,non_overlapping,observed,all_eligible
no_decay,20,4,other,range_bound,53,0.3018867924528302,0.6981132075471698,4.896551724137931,0.06408809752540728,-0.06795383801659097,-0.0010274619236203227,90273,28572,-0.06795383801659097,non_overlapping,observed,all_eligible
no_decay,20,4,other,under_pressure,197,0.3096446700507614,0.6903553299492385,4.971223021582734,0.06954077356001882,-0.06847882538653295,0.006580906761750073,90273,28572,-0.06847882538653295,non_overlapping,observed,all_eligible
no_decay,20,4,other,uptrend,537,0.3054003724394786,0.6945996275605214,4.8441558441558445,0.09492782509304275,-0.06873455605991921,0.017487892688844,90273,28572,-0.06873455605991921,non_overlapping,observed,all_eligible
no_decay,20,4,semiconductor,acute_selloff,2,0.5,0.5,3.5,0.14317662542576692,-0.04710313976636388,0.04734641626424241,50294,16969,-0.04710313976636388,non_overlapping,observed,all_eligible
no_decay,20,4,semiconductor,correction,17,0.35294117647058826,0.6470588235294118,1.3125,0.20763278618956635,-0.11307727596206392,0.023400718587030935,50294,16969,-0.11307727596206392,non_overlapping,observed,all_eligible
no_decay,20,4,semiconductor,range_bound,26,0.38461538461538464,0.6153846153846154,4.0476190476190474,0.13833841543541162,-0.0707316633346989,0.08474367590168087,50294,16969,-0.0707316633346989,non_overlapping,observed,all_eligible
no_decay,20,4,semiconductor,under_pressure,103,0.2815533980582524,0.7184466019417476,3.8309859154929575,0.10033265033228687,-0.11068669120607631,-0.006751819749084501,50294,16969,-0.11068669120607631,non_overlapping,observed,all_eligible
no_decay,20,4,semiconductor,uptrend,311,0.2604501607717042,0.7395498392282959,4.168067226890757,0.12277572153012337,-0.08959583278228271,0.013678538743220425,50294,16969,-0.08959583278228271,non_overlapping,observed,all_eligible
no_decay,20,4,software,acute_selloff,4,1.0,0.0,2.75,0.15612565801534395,-0.024857052209733388,0.09337546507455685,81550,30391,-0.024857052209733388,non_overlapping,observed,all_eligible
no_decay,20,4,software,correction,39,0.48717948717948717,0.5128205128205128,2.6666666666666665,0.13514129363181943,-0.051989472233061496,0.046430533602614114,81550,30391,-0.051989472233061496,non_overlapping,observed,all_eligible
no_decay,20,4,software,range_bound,69,0.37681159420289856,0.6231884057971014,4.854166666666667,0.11378961340373832,-0.07886897724587434,0.04429779642579455,81550,30391,-0.07886897724587434,non_overlapping,observed,all_eligible
no_decay,20,4,software,under_pressure,203,0.32019704433497537,0.6798029556650246,4.568627450980392,0.1083770406520571,-0.092293802100259,0.00994004679658441,81550,30391,-0.092293802100259,non_overlapping,observed,all_eligible
no_decay,20,4,software,uptrend,597,0.32160804020100503,0.678391959798995,4.087719298245614,0.12439968083358827,-0.08160698568848616,0.02756996912143615,81550,30391,-0.08160698568848616,non_overlapping,observed,all_eligible
no_decay,20,5,other,acute_selloff,6,0.16666666666666666,0.8333333333333334,5.0,0.18716668115300958,-0.11177299346414982,0.07169648869541713,90273,28572,-0.11177299346414982,non_overlapping,observed,all_eligible
no_decay,20,5,other,correction,76,0.25,0.75,4.254237288135593,0.09342811800313063,-0.12373025895737672,-0.006655436895691334,90273,28572,-0.12373025895737672,non_overlapping,observed,all_eligible
no_decay,20,5,other,range_bound,28,0.4642857142857143,0.5357142857142857,5.88,0.08782479299287803,-0.037787115893998365,0.04193415594334376,90273,28572,-0.037787115893998365,non_overlapping,observed,all_eligible
no_decay,20,5,other,under_pressure,233,0.3218884120171674,0.6781115879828327,3.8,0.11132836969205336,-0.07765415168084831,0.020084034425738525,90273,28572,-0.07765415168084831,non_overlapping,observed,all_eligible
no_decay,20,5,other,uptrend,537,0.2886405959031657,0.7113594040968343,4.7860576923076925,0.10128042514927031,-0.07595509900636431,0.022330232825570267,90273,28572,-0.07595509900636431,non_overlapping,observed,all_eligible
no_decay,20,5,semiconductor,acute_selloff,4,0.5,0.5,1.5,0.16177217607555833,-0.1518999083675857,0.008765713467855624,50294,16969,-0.1518999083675857,non_overlapping,observed,all_eligible
no_decay,20,5,semiconductor,correction,30,0.36666666666666664,0.6333333333333333,2.782608695652174,0.18594024060659695,-0.1582799493321288,0.04121419111643867,50294,16969,-0.1582799493321288,non_overlapping,observed,all_eligible
no_decay,20,5,semiconductor,range_bound,21,0.7619047619047619,0.23809523809523808,2.1904761904761907,0.2867089740190605,-0.0438309596936562,0.20259239920589203,50294,16969,-0.0438309596936562,non_overlapping,observed,all_eligible
no_decay,20,5,semiconductor,under_pressure,128,0.2421875,0.7578125,3.2149532710280373,0.1882543624985702,-0.1177318781409082,0.05017408682050827,50294,16969,-0.1177318781409082,non_overlapping,observed,all_eligible
no_decay,20,5,semiconductor,uptrend,335,0.3283582089552239,0.6716417910447762,3.2101694915254235,0.21480390825332743,-0.10004845358982385,0.08810595145887135,50294,16969,-0.10004845358982385,non_overlapping,observed,all_eligible
no_decay,20,5,software,acute_selloff,1,1.0,0.0,1.0,0.503841997838876,-0.09689038299915964,0.3069996398127024,81550,30391,-0.09689038299915964,non_overlapping,observed,all_eligible
no_decay,20,5,software,correction,76,0.23684210526315788,0.7631578947368421,4.098360655737705,0.17652427592125713,-0.11705405795671119,0.08378467553750953,81550,30391,-0.11705405795671119,non_overlapping,observed,all_eligible
no_decay,20,5,software,range_bound,35,0.5428571428571428,0.45714285714285713,3.4,0.18068910768649,-0.07154465128975127,0.05474936553917547,81550,30391,-0.07154465128975127,non_overlapping,observed,all_eligible
no_decay,20,5,software,under_pressure,201,0.2835820895522388,0.7164179104477612,3.0,0.1381884485777567,-0.11340037017033164,0.009814309603253434,81550,30391,-0.11340037017033164,non_overlapping,observed,all_eligible
no_decay,20,5,software,uptrend,569,0.2671353251318102,0.7328646748681898,3.674019607843137,0.17053826077906417,-0.1011181602242091,0.03704637270630286,81550,30391,-0.1011181602242091,non_overlapping,observed,all_eligible
no_environment,5,1,other,acute_selloff,35,0.7428571428571429,0.2571428571428571,1.0,0.1404400969057872,-0.034622248182713845,0.07958400198869864,76195,28572,-0.034622248182713845,non_overlapping,observed,all_eligible
no_environment,5,1,other,correction,343,0.597667638483965,0.40233236151603496,1.7289156626506024,0.03921912321550298,-0.036055275367744576,0.003937105567481532,76195,28572,-0.036055275367744576,non_overlapping,observed,all_eligible
no_environment,5,1,other,range_bound,278,0.6654676258992805,0.3345323741007194,1.7596899224806202,0.035554715845911564,-0.028787919767486955,0.009555292535627589,76195,28572,-0.028787919767486955,non_overlapping,observed,all_eligible
no_environment,5,1,other,under_pressure,560,0.5160714285714286,0.48392857142857143,1.6865671641791045,0.029733859471215547,-0.035528055629710224,-0.0048493913864765415,76195,28572,-0.035528055629710224,non_overlapping,observed,all_eligible
no_environment,5,1,other,uptrend,1244,0.5442122186495176,0.4557877813504823,1.7377777777777779,0.02777051772026859,-0.03161464285979064,-0.003658718214200443,76195,28572,-0.03161464285979064,non_overlapping,observed,all_eligible
no_environment,5,1,semiconductor,acute_selloff,9,0.8888888888888888,0.1111111111111111,0.8333333333333334,0.05186572485839901,-0.040408920084229596,0.010038255925991712,42544,16969,-0.040408920084229596,non_overlapping,observed,all_eligible
no_environment,5,1,semiconductor,correction,148,0.5202702702702703,0.4797297297297297,1.1772151898734178,0.05154742023615287,-0.05215406018649793,0.001541057910690374,42544,16969,-0.05215406018649793,non_overlapping,observed,all_eligible
no_environment,5,1,semiconductor,range_bound,160,0.65625,0.34375,1.6,0.06282963649079802,-0.03195279633999252,0.028132818882815974,42544,16969,-0.03195279633999252,non_overlapping,observed,all_eligible
no_environment,5,1,semiconductor,under_pressure,253,0.4426877470355731,0.5573122529644269,1.2,0.04410229219460234,-0.054603461433047715,-0.0055286859120825226,42544,16969,-0.054603461433047715,non_overlapping,observed,all_eligible
no_environment,5,1,semiconductor,uptrend,692,0.47832369942196534,0.5216763005780347,1.5586206896551724,0.03843417365908364,-0.0440239240862071,-0.005282491977033833,42544,16969,-0.0440239240862071,non_overlapping,observed,all_eligible
no_environment,5,1,software,acute_selloff,21,0.6190476190476191,0.38095238095238093,1.1538461538461537,0.09979854465388885,-0.07253915267327493,0.0531591068161721,69003,30391,-0.07253915267327493,non_overlapping,observed,all_eligible
no_environment,5,1,software,correction,222,0.4774774774774775,0.5225225225225225,1.3846153846153846,0.04566975263186037,-0.04977449557419353,0.0007490009735133752,69003,30391,-0.04977449557419353,non_overlapping,observed,all_eligible
no_environment,5,1,software,range_bound,203,0.6305418719211823,0.3694581280788177,1.6956521739130435,0.04474897412833232,-0.04340662915624663,0.007802999173779973,69003,30391,-0.04340662915624663,non_overlapping,observed,all_eligible
no_environment,5,1,software,under_pressure,400,0.5675,0.4325,1.564102564102564,0.044499646755786396,-0.04373977480864337,0.004668323898531026,69003,30391,-0.04373977480864337,non_overlapping,observed,all_eligible
no_environment,5,1,software,uptrend,923,0.5666305525460456,0.4333694474539545,1.7405541561712847,0.041291526579048186,-0.03745573147534135,0.0031729911313768604,69003,30391,-0.03745573147534135,non_overlapping,observed,all_eligible
no_environment,5,2,other,acute_selloff,85,0.49411764705882355,0.5058823529411764,1.0,0.11238626862162947,-0.09911337408857944,0.0009954525193346033,76195,28572,-0.09911337408857944,non_overlapping,observed,all_eligible
no_environment,5,2,other,correction,196,0.576530612244898,0.42346938775510207,1.43801652892562,0.06930887633929173,-0.06397070749951837,0.0059784482871482825,76195,28572,-0.06397070749951837,non_overlapping,observed,all_eligible
no_environment,5,2,other,range_bound,88,0.7613636363636364,0.23863636363636365,1.4363636363636363,0.0772135399819727,-0.03855805949658154,0.02652247704175035,76195,28572,-0.03855805949658154,non_overlapping,observed,all_eligible
no_environment,5,2,other,under_pressure,469,0.5628997867803838,0.43710021321961623,1.599078341013825,0.04353791976857596,-0.039595084975247004,0.005138677828225611,76195,28572,-0.039595084975247004,non_overlapping,observed,all_eligible
no_environment,5,2,other,uptrend,1838,0.5783460282916213,0.42165397170837865,1.5136138613861385,0.05553251290609924,-0.03902680234090257,0.013714619621728673,76195,28572,-0.03902680234090257,non_overlapping,observed,all_eligible
no_environment,5,2,semiconductor,acute_selloff,33,0.5454545454545454,0.45454545454545453,0.7142857142857143,0.1167827309342229,-0.08933081462972398,0.04071750509797532,42544,16969,-0.08933081462972398,non_overlapping,observed,all_eligible
no_environment,5,2,semiconductor,correction,122,0.5409836065573771,0.45901639344262296,1.3132530120481927,0.06556084277799173,-0.06427946051766276,0.012569319615612666,42544,16969,-0.06427946051766276,non_overlapping,observed,all_eligible
no_environment,5,2,semiconductor,range_bound,48,0.8125,0.1875,0.9666666666666667,0.07836804508435699,-0.040159317840565374,0.037396423436231084,42544,16969,-0.040159317840565374,non_overlapping,observed,all_eligible
no_environment,5,2,semiconductor,under_pressure,234,0.5598290598290598,0.44017094017094016,1.2481751824817517,0.050662029998990256,-0.05059354377275038,0.0011585353583713639,42544,16969,-0.05059354377275038,non_overlapping,observed,all_eligible
no_environment,5,2,semiconductor,uptrend,1104,0.552536231884058,0.447463768115942,1.5088339222614842,0.04968594305493645,-0.044321254546627165,0.006027041941935912,42544,16969,-0.044321254546627165,non_overlapping,observed,all_eligible
no_environment,5,2,software,acute_selloff,86,0.5,0.5,1.1346153846153846,0.07833995978472469,-0.09636445114065711,-0.004506822267329955,69003,30391,-0.09636445114065711,non_overlapping,observed,all_eligible
no_environment,5,2,software,correction,173,0.653179190751445,0.3468208092485549,1.2264150943396226,0.07150417028843369,-0.0583656914838014,0.018475463428975807,69003,30391,-0.0583656914838014,non_overlapping,observed,all_eligible
no_environment,5,2,software,range_bound,79,0.8481012658227848,0.1518987341772152,1.1153846153846154,0.07957845048015155,-0.0303780930144295,0.033408750743728455,69003,30391,-0.0303780930144295,non_overlapping,observed,all_eligible
no_environment,5,2,software,under_pressure,310,0.4870967741935484,0.5129032258064516,1.4605263157894737,0.047126690586077546,-0.05099612915496086,0.0035068861941976895,69003,30391,-0.05099612915496086,non_overlapping,observed,all_eligible
no_environment,5,2,software,uptrend,1595,0.554858934169279,0.445141065830721,1.535897435897436,0.059650163197628746,-0.04631037667447722,0.010335883436356384,69003,30391,-0.04631037667447722,non_overlapping,observed,all_eligible
no_environment,5,3,other,acute_selloff,108,0.5277777777777778,0.4722222222222222,1.463768115942029,0.053457046102574395,-0.0455617166593091,0.013013381003576208,76195,28572,-0.0455617166593091,non_overlapping,observed,all_eligible
no_environment,5,3,other,correction,798,0.5225563909774437,0.4774436090225564,1.3642857142857143,0.050427274511969274,-0.04643819166773676,0.003974510826780059,76195,28572,-0.04643819166773676,non_overlapping,observed,all_eligible
no_environment,5,3,other,range_bound,533,0.5647279549718575,0.4352720450281426,1.6748251748251748,0.0467169921796225,-0.03670354077163355,0.008906611372949408,76195,28572,-0.03670354077163355,non_overlapping,observed,all_eligible
no_environment,5,3,other,under_pressure,334,0.5299401197604791,0.47005988023952094,1.3694267515923566,0.04036482900151858,-0.03981771050862071,-0.001674267563007248,76195,28572,-0.03981771050862071,non_overlapping,observed,all_eligible
no_environment,5,3,other,uptrend,764,0.5497382198952879,0.450261780104712,1.6807817589576548,0.03579364403440193,-0.0365866702855275,-0.0015286251294369779,76195,28572,-0.0365866702855275,non_overlapping,observed,all_eligible
no_environment,5,3,semiconductor,acute_selloff,38,0.2631578947368421,0.7368421052631579,2.08,0.060952822476991894,-0.06986519320677227,0.018218134523150003,42544,16969,-0.06986519320677227,non_overlapping,observed,all_eligible
no_environment,5,3,semiconductor,correction,395,0.43544303797468353,0.5645569620253165,1.4490740740740742,0.05698641613059628,-0.05771214786675713,0.0023768314503248957,42544,16969,-0.05771214786675713,non_overlapping,observed,all_eligible
no_environment,5,3,semiconductor,range_bound,344,0.49127906976744184,0.5087209302325582,1.4,0.05594966358263752,-0.05058585958511803,0.004038686482560912,42544,16969,-0.05058585958511803,non_overlapping,observed,all_eligible
no_environment,5,3,semiconductor,under_pressure,186,0.5645161290322581,0.43548387096774194,1.1714285714285715,0.04927537948071379,-0.04994935722166044,-0.001019285854275997,42544,16969,-0.04994935722166044,non_overlapping,observed,all_eligible
no_environment,5,3,semiconductor,uptrend,479,0.48434237995824636,0.5156576200417536,1.382882882882883,0.04492419836074917,-0.04673446633909269,-0.0028119878013973306,42544,16969,-0.04673446633909269,non_overlapping,observed,all_eligible
no_environment,5,3,software,acute_selloff,82,0.3902439024390244,0.6097560975609756,1.4727272727272727,0.06566025176345151,-0.08149364578376736,0.005337834897853461,69003,30391,-0.08149364578376736,non_overlapping,observed,all_eligible
no_environment,5,3,software,correction,741,0.46558704453441296,0.5344129554655871,1.2832929782082325,0.06119644568349224,-0.06832067416550322,-0.009929063251621382,69003,30391,-0.06832067416550322,non_overlapping,observed,all_eligible
no_environment,5,3,software,range_bound,611,0.5384615384615384,0.46153846153846156,1.2100591715976332,0.060367974726975665,-0.05387256040292353,0.0018683306349022745,69003,30391,-0.05387256040292353,non_overlapping,observed,all_eligible
no_environment,5,3,software,under_pressure,322,0.5527950310559007,0.4472049689440994,0.9945945945945946,0.05624143669313719,-0.04698604046015043,0.0021472883105982193,69003,30391,-0.04698604046015043,non_overlapping,observed,all_eligible
no_environment,5,3,software,uptrend,847,0.5076741440377804,0.4923258559622196,1.4769647696476964,0.05062123407831827,-0.048065268448124886,0.00011439608146464024,69003,30391,-0.048065268448124886,non_overlapping,observed,all_eligible
no_environment,5,4,other,acute_selloff,13,0.9230769230769231,0.07692307692307693,1.8,0.0459777116736531,-0.008873052853231811,0.029348388360476742,76195,28572,-0.008873052853231811,non_overlapping,observed,all_eligible
no_environment,5,4,other,correction,135,0.5777777777777777,0.4222222222222222,1.6491228070175439,0.03425176469774454,-0.03156682131540466,0.007887849549417875,76195,28572,-0.03156682131540466,non_overlapping,observed,all_eligible
no_environment,5,4,other,range_bound,171,0.5964912280701754,0.40350877192982454,1.6027397260273972,0.036134960577917145,-0.029186470284343628,0.004824938770014431,76195,28572,-0.029186470284343628,non_overlapping,observed,all_eligible
no_environment,5,4,other,under_pressure,692,0.48554913294797686,0.5144508670520231,1.6134751773049645,0.03413227711282763,-0.0409622920288795,-0.008898696297151207,76195,28572,-0.0409622920288795,non_overlapping,observed,all_eligible
no_environment,5,4,other,uptrend,1718,0.5477299185098953,0.4522700814901048,1.6529255319148937,0.04047893024379944,-0.03293199342810251,0.006629215533285898,76195,28572,-0.03293199342810251,non_overlapping,observed,all_eligible
no_environment,5,4,semiconductor,correction,46,0.45652173913043476,0.5434782608695652,1.3,0.06211868642624557,-0.06323678373887942,0.011244924794020924,42544,16969,-0.06323678373887942,non_overlapping,observed,all_eligible
no_environment,5,4,semiconductor,range_bound,79,0.4936708860759494,0.5063291139240507,1.5227272727272727,0.06041535700763801,-0.053936287183813644,-0.0007844184296808463,42544,16969,-0.053936287183813644,non_overlapping,observed,all_eligible
no_environment,5,4,semiconductor,under_pressure,357,0.4733893557422969,0.5266106442577031,1.300578034682081,0.048375126724989795,-0.05220165546535321,-0.007628968240358608,42544,16969,-0.05220165546535321,non_overlapping,observed,all_eligible
no_environment,5,4,semiconductor,uptrend,957,0.5078369905956113,0.49216300940438873,1.3293885601577908,0.05602491305603619,-0.04470327912291533,0.007796714558015244,42544,16969,-0.04470327912291533,non_overlapping,observed,all_eligible
no_environment,5,4,software,acute_selloff,8,0.875,0.125,1.8,0.06641128107643149,-0.022153573004307744,0.03749335997197514,69003,30391,-0.022153573004307744,non_overlapping,observed,all_eligible
no_environment,5,4,software,correction,141,0.6453900709219859,0.3546099290780142,1.5384615384615385,0.059803450642569936,-0.04177241265173909,0.024147084595528473,69003,30391,-0.04177241265173909,non_overlapping,observed,all_eligible
no_environment,5,4,software,range_bound,221,0.5972850678733032,0.40271493212669685,1.57,0.045557267909741926,-0.03657827556235455,0.005269629876412009,69003,30391,-0.03657827556235455,non_overlapping,observed,all_eligible
no_environment,5,4,software,under_pressure,700,0.53,0.47,1.4359756097560976,0.04722113821756151,-0.04525546183006946,-0.0016255037449559775,69003,30391,-0.04525546183006946,non_overlapping,observed,all_eligible
no_environment,5,4,software,uptrend,1904,0.5504201680672269,0.4495798319327731,1.426919032597266,0.05217486884570512,-0.04217230632177717,0.0056159488945904225,69003,30391,-0.04217230632177717,non_overlapping,observed,all_eligible
no_environment,5,5,other,acute_selloff,17,0.5882352941176471,0.4117647058823529,1.1,0.07718128260669661,-0.04270848761141398,0.039326076574954995,76195,28572,-0.04270848761141398,non_overlapping,observed,all_eligible
no_environment,5,5,other,correction,221,0.5656108597285068,0.4343891402714932,1.5565217391304347,0.04828510363511103,-0.05648706844190188,-0.005447984878142026,76195,28572,-0.05648706844190188,non_overlapping,observed,all_eligible
no_environment,5,5,other,range_bound,119,0.6470588235294118,0.35294117647058826,1.3174603174603174,0.050774263260396836,-0.03125812907979192,0.01592992321693711,76195,28572,-0.03125812907979192,non_overlapping,observed,all_eligible
no_environment,5,5,other,under_pressure,849,0.5724381625441696,0.4275618374558304,1.4369158878504673,0.04819273435447267,-0.04015134817306439,0.007223769942077575,76195,28572,-0.04015134817306439,non_overlapping,observed,all_eligible
no_environment,5,5,other,uptrend,1743,0.5324153757888698,0.46758462421113023,1.6563706563706564,0.04462019812955345,-0.0399010586797844,0.004755230664840406,76195,28572,-0.0399010586797844,non_overlapping,observed,all_eligible
no_environment,5,5,semiconductor,acute_selloff,5,0.6,0.4,0.8,0.12353218800050017,-0.10376812015695167,0.00844156603298567,42544,16969,-0.10376812015695167,non_overlapping,observed,all_eligible
no_environment,5,5,semiconductor,correction,113,0.5132743362831859,0.48672566371681414,1.542857142857143,0.0665358884492483,-0.0719196929261897,0.001736647387601853,42544,16969,-0.0719196929261897,non_overlapping,observed,all_eligible
no_environment,5,5,semiconductor,range_bound,61,0.7868852459016393,0.21311475409836064,1.0833333333333333,0.12038935277668394,-0.035700085436703055,0.07209263718019358,42544,16969,-0.035700085436703055,non_overlapping,observed,all_eligible
no_environment,5,5,semiconductor,under_pressure,471,0.5732484076433121,0.4267515923566879,1.1730769230769231,0.08890970272945069,-0.06586521127235685,0.02004205879402136,42544,16969,-0.06586521127235685,non_overlapping,observed,all_eligible
no_environment,5,5,semiconductor,uptrend,1091,0.5142071494042163,0.4857928505957837,1.3056426332288402,0.07723294298794547,-0.06199917124156485,0.012134169494399206,42544,16969,-0.06199917124156485,non_overlapping,observed,all_eligible
no_environment,5,5,software,acute_selloff,15,0.8666666666666667,0.13333333333333333,0.9230769230769231,0.11624693464828027,-0.05597726839377613,0.05573778958622338,69003,30391,-0.05597726839377613,non_overlapping,observed,all_eligible
no_environment,5,5,software,correction,237,0.5063291139240507,0.4936708860759494,1.8031496062992125,0.05961156678793816,-0.06235082374862231,0.005343147565402711,69003,30391,-0.06235082374862231,non_overlapping,observed,all_eligible
no_environment,5,5,software,range_bound,127,0.7559055118110236,0.2440944881889764,1.4698795180722892,0.08259428204641474,-0.03400254454332988,0.044540722992240295,69003,30391,-0.03400254454332988,non_overlapping,observed,all_eligible
no_environment,5,5,software,under_pressure,768,0.53515625,0.46484375,1.1508120649651972,0.06854858159476278,-0.05580306297734392,0.009967785958535896,69003,30391,-0.05580306297734392,non_overlapping,observed,all_eligible
no_environment,5,5,software,uptrend,1853,0.47706422018348627,0.5229357798165137,1.4349775784753362,0.060589422547076256,-0.05370746893424407,0.0025332231742641316,69003,30391,-0.05370746893424407,non_overlapping,observed,all_eligible
no_environment,10,1,other,acute_selloff,18,0.7222222222222222,0.2777777777777778,1.8125,0.1148160194473734,-0.03592689037985783,0.04988384563561541,76195,28572,-0.03592689037985783,non_overlapping,observed,all_eligible
no_environment,10,1,other,correction,170,0.5235294117647059,0.4764705882352941,2.8584070796460175,0.0622253724343945,-0.04799335798680329,0.012257951581914742,76195,28572,-0.04799335798680329,non_overlapping,observed,all_eligible
no_environment,10,1,other,range_bound,132,0.5757575757575758,0.42424242424242425,3.5822784810126582,0.048507666724003674,-0.03668518289589427,0.01193373364510239,76195,28572,-0.03668518289589427,non_overlapping,observed,all_eligible
no_environment,10,1,other,under_pressure,284,0.35563380281690143,0.6443661971830986,3.2183098591549295,0.04207384408256236,-0.05273931676221836,-0.007791666967384287,76195,28572,-0.05273931676221836,non_overlapping,observed,all_eligible
no_environment,10,1,other,uptrend,644,0.40683229813664595,0.593167701863354,3.138328530259366,0.043123316410946584,-0.04515333380153234,-0.0017786093369322026,76195,28572,-0.04515333380153234,non_overlapping,observed,all_eligible
no_environment,10,1,semiconductor,acute_selloff,7,0.8571428571428571,0.14285714285714285,3.5714285714285716,0.07400345520316962,-0.045318460283417315,0.036171577746223274,42544,16969,-0.045318460283417315,non_overlapping,observed,all_eligible
no_environment,10,1,semiconductor,correction,69,0.36231884057971014,0.6376811594202898,3.0,0.07591027983459685,-0.07893281204025236,0.005009617282810803,42544,16969,-0.07893281204025236,non_overlapping,observed,all_eligible
no_environment,10,1,semiconductor,range_bound,77,0.5974025974025974,0.4025974025974026,2.257575757575758,0.09418919205010831,-0.03789749756455663,0.04636619721681634,42544,16969,-0.03789749756455663,non_overlapping,observed,all_eligible
no_environment,10,1,semiconductor,under_pressure,129,0.35658914728682173,0.6434108527131783,2.3866666666666667,0.06723935608039029,-0.0747912384046641,-0.0041266221447892075,42544,16969,-0.0747912384046641,non_overlapping,observed,all_eligible
no_environment,10,1,semiconductor,uptrend,357,0.36134453781512604,0.6386554621848739,2.6834170854271355,0.05935068566118094,-0.0645647079245823,-0.0066923540304740636,42544,16969,-0.0645647079245823,non_overlapping,observed,all_eligible
no_environment,10,1,software,acute_selloff,10,0.1,0.9,0.75,0.06573938022840667,-0.08714842532524322,-0.008511013473561868,69003,30391,-0.08714842532524322,non_overlapping,observed,all_eligible
no_environment,10,1,software,correction,106,0.3490566037735849,0.6509433962264151,2.5285714285714285,0.0563470290509598,-0.07519152576137181,-0.00795198956150624,69003,30391,-0.07519152576137181,non_overlapping,observed,all_eligible
no_environment,10,1,software,range_bound,93,0.5483870967741935,0.45161290322580644,2.3015873015873014,0.0700152794349947,-0.04841817945618879,0.019150197747319006,69003,30391,-0.04841817945618879,non_overlapping,observed,all_eligible
no_environment,10,1,software,under_pressure,208,0.5,0.5,2.7364341085271318,0.06275554682276198,-0.06572116955787885,0.0035758238751949266,69003,30391,-0.06572116955787885,non_overlapping,observed,all_eligible
no_environment,10,1,software,uptrend,482,0.41286307053941906,0.5871369294605809,3.011406844106464,0.05962897858022264,-0.05650344484761472,0.0023349334871864513,69003,30391,-0.05650344484761472,non_overlapping,observed,all_eligible
no_environment,10,2,other,acute_selloff,44,0.3181818181818182,0.6818181818181818,1.8,0.15933770651118564,-0.1367874893307598,4.261757206950777e-05,76195,28572,-0.1367874893307598,non_overlapping,observed,all_eligible
no_environment,10,2,other,correction,87,0.5057471264367817,0.4942528735632184,1.8888888888888888,0.09952044112835379,-0.09113701882365893,-0.0014445956825706347,76195,28572,-0.09113701882365893,non_overlapping,observed,all_eligible
no_environment,10,2,other,range_bound,45,0.6888888888888889,0.3111111111111111,2.9210526315789473,0.12721827254827658,-0.05488518106991099,0.05643843453571095,76195,28572,-0.05488518106991099,non_overlapping,observed,all_eligible
no_environment,10,2,other,under_pressure,235,0.4765957446808511,0.5234042553191489,3.225806451612903,0.07234339530119874,-0.05018372457100753,0.024193680836346862,76195,28572,-0.05018372457100753,non_overlapping,observed,all_eligible
no_environment,10,2,other,uptrend,947,0.4477296726504752,0.5522703273495249,3.0229276895943564,0.08671996515942787,-0.05454237536446392,0.014556425139596119,76195,28572,-0.05454237536446392,non_overlapping,observed,all_eligible
no_environment,10,2,semiconductor,acute_selloff,16,0.3125,0.6875,1.6363636363636365,0.13740710707304118,-0.15621921210342038,0.003268345218269901,42544,16969,-0.15621921210342038,non_overlapping,observed,all_eligible
no_environment,10,2,semiconductor,correction,68,0.4264705882352941,0.5735294117647058,2.3157894736842106,0.10638476726141087,-0.09457118590555791,0.020094253719166445,42544,16969,-0.09457118590555791,non_overlapping,observed,all_eligible
no_environment,10,2,semiconductor,range_bound,23,0.7391304347826086,0.2608695652173913,2.3125,0.10177378013611238,-0.05001483415595848,0.03361406831557229,42544,16969,-0.05001483415595848,non_overlapping,observed,all_eligible
no_environment,10,2,semiconductor,under_pressure,104,0.5,0.5,2.4210526315789473,0.08476152246325763,-0.06175259779320581,0.030696411371191022,42544,16969,-0.06175259779320581,non_overlapping,observed,all_eligible
no_environment,10,2,semiconductor,uptrend,572,0.4143356643356643,0.5856643356643356,2.7119565217391304,0.07398175849158392,-0.063777905556233,0.009681727552848265,42544,16969,-0.063777905556233,non_overlapping,observed,all_eligible
no_environment,10,2,software,acute_selloff,40,0.25,0.75,1.84,0.09928089078738199,-0.16648240722168078,-0.03735633474592524,69003,30391,-0.16648240722168078,non_overlapping,observed,all_eligible
no_environment,10,2,software,correction,87,0.5977011494252874,0.40229885057471265,2.142857142857143,0.125643605375643,-0.08220804224690814,0.03517280430899726,69003,30391,-0.08220804224690814,non_overlapping,observed,all_eligible
no_environment,10,2,software,range_bound,37,0.7027027027027027,0.2972972972972973,2.2413793103448274,0.10456420298875906,-0.03985194004383852,0.045701137611070676,69003,30391,-0.03985194004383852,non_overlapping,observed,all_eligible
no_environment,10,2,software,under_pressure,155,0.41935483870967744,0.5806451612903226,2.610526315789474,0.07283144823143972,-0.07201447232455886,0.002833118169214229,69003,30391,-0.07201447232455886,non_overlapping,observed,all_eligible
no_environment,10,2,software,uptrend,822,0.4343065693430657,0.5656934306569343,2.8752327746741155,0.09716308314888528,-0.06299449945657189,0.022506044849973456,69003,30391,-0.06299449945657189,non_overlapping,observed,all_eligible
no_environment,10,3,other,acute_selloff,52,0.36538461538461536,0.6346153846153846,2.1627906976744184,0.0709832397927425,-0.06755319536860804,0.009374966603548121,76195,28572,-0.06755319536860804,non_overlapping,observed,all_eligible
no_environment,10,3,other,correction,401,0.41895261845386533,0.5810473815461347,2.511111111111111,0.07231949632856087,-0.06766062233326484,0.010148579875070427,76195,28572,-0.06766062233326484,non_overlapping,observed,all_eligible
no_environment,10,3,other,range_bound,264,0.4128787878787879,0.5871212121212122,2.76,0.06471234384928236,-0.05572873107245034,0.0023496316281020665,76195,28572,-0.05572873107245034,non_overlapping,observed,all_eligible
no_environment,10,3,other,under_pressure,173,0.3988439306358382,0.6011560693641619,2.5462962962962963,0.056724760733314554,-0.06784175802403881,-0.009274171533095035,76195,28572,-0.06784175802403881,non_overlapping,observed,all_eligible
no_environment,10,3,other,uptrend,398,0.4045226130653266,0.5954773869346733,2.8177777777777777,0.050587567961009,-0.05422406695434181,-0.007095233345461974,76195,28572,-0.05422406695434181,non_overlapping,observed,all_eligible
no_environment,10,3,semiconductor,acute_selloff,22,0.2727272727272727,0.7272727272727273,2.8,0.09511819070558838,-0.08163750536235627,0.027352709151144235,42544,16969,-0.08163750536235627,non_overlapping,observed,all_eligible
no_environment,10,3,semiconductor,correction,189,0.3492063492063492,0.6507936507936508,2.56390977443609,0.0855331481272028,-0.07983962746828185,0.009984040395435956,42544,16969,-0.07983962746828185,non_overlapping,observed,all_eligible
no_environment,10,3,semiconductor,range_bound,182,0.36813186813186816,0.6318681318681318,2.188976377952756,0.08048010715087008,-0.07152758555253261,0.0002976983278836483,42544,16969,-0.07152758555253261,non_overlapping,observed,all_eligible
no_environment,10,3,semiconductor,under_pressure,82,0.4024390243902439,0.5975609756097561,2.0816326530612246,0.06635404852726327,-0.07172402342381005,-0.004202253275099298,42544,16969,-0.07172402342381005,non_overlapping,observed,all_eligible
no_environment,10,3,semiconductor,uptrend,259,0.3436293436293436,0.6563706563706564,2.848101265822785,0.06396453950448601,-0.0641994624157005,0.00026286060752759525,42544,16969,-0.0641994624157005,non_overlapping,observed,all_eligible
no_environment,10,3,software,acute_selloff,45,0.28888888888888886,0.7111111111111111,2.0833333333333335,0.10351846350686567,-0.12021509069327195,0.0009053879676181875,69003,30391,-0.12021509069327195,non_overlapping,observed,all_eligible
no_environment,10,3,software,correction,369,0.33875338753387535,0.6612466124661247,2.3715415019762847,0.08708175595534623,-0.10120055290955136,-0.006341867596521707,69003,30391,-0.10120055290955136,non_overlapping,observed,all_eligible
no_environment,10,3,software,range_bound,308,0.41233766233766234,0.5876623376623377,1.9903381642512077,0.09379755047952247,-0.07917268831537591,0.001196234808639453,69003,30391,-0.07917268831537591,non_overlapping,observed,all_eligible
no_environment,10,3,software,under_pressure,164,0.4573170731707317,0.5426829268292683,1.6422018348623852,0.07947468355600201,-0.07154131610080998,-0.004585685280556451,69003,30391,-0.07154131610080998,non_overlapping,observed,all_eligible
no_environment,10,3,software,uptrend,438,0.4041095890410959,0.5958904109589042,2.7509881422924902,0.0734964338121549,-0.0700409533295671,-0.006804090963155323,69003,30391,-0.0700409533295671,non_overlapping,observed,all_eligible
no_environment,10,4,other,acute_selloff,6,1.0,0.0,1.5,0.08200857674963628,-0.00800656323972504,0.07098192193568531,76195,28572,-0.00800656323972504,non_overlapping,observed,all_eligible
no_environment,10,4,other,correction,66,0.5757575757575758,0.42424242424242425,4.1020408163265305,0.05746785731504179,-0.036523427823669095,0.02975218927035539,76195,28572,-0.036523427823669095,non_overlapping,observed,all_eligible
no_environment,10,4,other,range_bound,80,0.4375,0.5625,2.8333333333333335,0.05881777447201995,-0.04474568226577623,0.013664215278863847,76195,28572,-0.04474568226577623,non_overlapping,observed,all_eligible
no_environment,10,4,other,under_pressure,352,0.3522727272727273,0.6477272727272727,2.917098445595855,0.05752617281224,-0.057010647630042974,-0.006743248816779823,76195,28572,-0.057010647630042974,non_overlapping,observed,all_eligible
no_environment,10,4,other,uptrend,884,0.44004524886877827,0.5599547511312217,2.9232209737827715,0.062074240070086766,-0.04448495406151721,0.0156932767215502,76195,28572,-0.04448495406151721,non_overlapping,observed,all_eligible
no_environment,10,4,semiconductor,correction,21,0.42857142857142855,0.5714285714285714,2.0,0.10569464415611607,-0.11823439140376116,0.001479917468698535,42544,16969,-0.11823439140376116,non_overlapping,observed,all_eligible
no_environment,10,4,semiconductor,range_bound,39,0.48717948717948717,0.5128205128205128,2.25,0.10002048109956735,-0.07323369680890085,0.020585312344157426,42544,16969,-0.07323369680890085,non_overlapping,observed,all_eligible
no_environment,10,4,semiconductor,under_pressure,170,0.3058823529411765,0.6941176470588235,2.4711538461538463,0.06452562478281595,-0.0801971233607632,-0.011289588141851242,42544,16969,-0.0801971233607632,non_overlapping,observed,all_eligible
no_environment,10,4,semiconductor,uptrend,503,0.3817097415506958,0.6182902584493042,2.4171597633136095,0.08627208839608144,-0.06168730472253528,0.01647532456109037,42544,16969,-0.06168730472253528,non_overlapping,observed,all_eligible
no_environment,10,4,software,correction,67,0.5522388059701493,0.44776119402985076,2.588235294117647,0.09158724378407734,-0.05339489309092037,0.047261086631355156,69003,30391,-0.05339489309092037,non_overlapping,observed,all_eligible
no_environment,10,4,software,range_bound,120,0.475,0.525,3.0933333333333333,0.06911428786384385,-0.055812013151239265,0.013204550200444257,69003,30391,-0.055812013151239265,non_overlapping,observed,all_eligible
no_environment,10,4,software,under_pressure,344,0.3953488372093023,0.6046511627906976,2.474654377880184,0.0670695173546255,-0.06845292121297249,-0.003952808978316386,69003,30391,-0.06845292121297249,non_overlapping,observed,all_eligible
no_environment,10,4,software,uptrend,978,0.4325153374233129,0.5674846625766872,2.7167721518987342,0.07810934757446827,-0.05893372110747305,0.013461750458414228,69003,30391,-0.05893372110747305,non_overlapping,observed,all_eligible
no_environment,10,5,other,acute_selloff,9,0.4444444444444444,0.5555555555555556,3.857142857142857,0.09129718899270256,-0.06836412869293441,0.029256583049010132,76195,28572,-0.06836412869293441,non_overlapping,observed,all_eligible
no_environment,10,5,other,correction,111,0.46846846846846846,0.5315315315315315,3.0256410256410255,0.07064157937510344,-0.07822436438782975,0.005682818749425671,76195,28572,-0.07822436438782975,non_overlapping,observed,all_eligible
no_environment,10,5,other,range_bound,59,0.3898305084745763,0.6101694915254238,2.72972972972973,0.07026153954340938,-0.050495890597152523,0.008693083124841842,76195,28572,-0.050495890597152523,non_overlapping,observed,all_eligible
no_environment,10,5,other,under_pressure,411,0.43552311435523117,0.5644768856447688,2.710526315789474,0.06767264536294709,-0.06316338433571253,0.0004013709767372369,76195,28572,-0.06316338433571253,non_overlapping,observed,all_eligible
no_environment,10,5,other,uptrend,894,0.40380313199105144,0.5961968680089486,2.939890710382514,0.0759509947590638,-0.0537584712185578,0.019399284734602337,76195,28572,-0.0537584712185578,non_overlapping,observed,all_eligible
no_environment,10,5,semiconductor,acute_selloff,4,0.75,0.25,0.75,0.13009538693972644,-0.10505875577387883,-0.021285433827472555,42544,16969,-0.10505875577387883,non_overlapping,observed,all_eligible
no_environment,10,5,semiconductor,correction,59,0.4067796610169492,0.5932203389830508,3.14,0.10646142908093385,-0.10525289006912603,0.032501643678176435,42544,16969,-0.10525289006912603,non_overlapping,observed,all_eligible
no_environment,10,5,semiconductor,range_bound,28,0.6428571428571429,0.35714285714285715,1.52,0.2385077723763877,-0.039079039714847656,0.14667699978646498,42544,16969,-0.039079039714847656,non_overlapping,observed,all_eligible
no_environment,10,5,semiconductor,under_pressure,224,0.39285714285714285,0.6071428571428571,2.1158536585365852,0.12509376553272125,-0.09164740566320374,0.02069522141987005,42544,16969,-0.09164740566320374,non_overlapping,observed,all_eligible
no_environment,10,5,semiconductor,uptrend,563,0.38188277087033745,0.6181172291296625,2.349633251833741,0.11890107192345159,-0.08669210759350428,0.028125157612870384,42544,16969,-0.08669210759350428,non_overlapping,observed,all_eligible
no_environment,10,5,software,acute_selloff,9,0.8888888888888888,0.1111111111111111,1.0,0.09589650425608268,-0.07614469467032409,0.010462513596305222,69003,30391,-0.07614469467032409,non_overlapping,observed,all_eligible
no_environment,10,5,software,correction,114,0.3684210526315789,0.631578947368421,2.926829268292683,0.1016927928921677,-0.09169798442072585,0.03765662715817044,69003,30391,-0.09169798442072585,non_overlapping,observed,all_eligible
no_environment,10,5,software,range_bound,70,0.7,0.3,1.6140350877192982,0.13406399985157635,-0.041979095910791804,0.06444158597339561,69003,30391,-0.041979095910791804,non_overlapping,observed,all_eligible
no_environment,10,5,software,under_pressure,366,0.43169398907103823,0.5683060109289617,2.0578512396694215,0.09885261124288759,-0.07266273408299719,0.012447718275064336,69003,30391,-0.07266273408299719,non_overlapping,observed,all_eligible
no_environment,10,5,software,uptrend,948,0.3575949367088608,0.6424050632911392,2.6040955631399316,0.1003059142411169,-0.07753895276975259,0.013551721434326997,69003,30391,-0.07753895276975259,non_overlapping,observed,all_eligible
no_environment,20,1,other,acute_selloff,7,0.5714285714285714,0.42857142857142855,3.6666666666666665,0.07941160738001798,-0.042684359754812516,0.04834203080300792,76195,28572,-0.042684359754812516,non_overlapping,observed,all_eligible
no_environment,20,1,other,correction,97,0.3402061855670103,0.6597938144329897,4.142857142857143,0.08062272329118124,-0.08017801921910317,-0.0035769726698752016,76195,28572,-0.08017801921910317,non_overlapping,observed,all_eligible
no_environment,20,1,other,range_bound,63,0.4444444444444444,0.5555555555555556,5.020833333333333,0.07346555285095345,-0.056820813038512635,0.020889769279144984,76195,28572,-0.056820813038512635,non_overlapping,observed,all_eligible
no_environment,20,1,other,under_pressure,149,0.2550335570469799,0.7449664429530202,5.195876288659794,0.06117384252607472,-0.07079512907299579,-0.005570493373155226,76195,28572,-0.07079512907299579,non_overlapping,observed,all_eligible
no_environment,20,1,other,uptrend,324,0.31790123456790126,0.6820987654320988,4.909502262443439,0.06370235608769184,-0.06285331256280155,-0.005059708796309949,76195,28572,-0.06285331256280155,non_overlapping,observed,all_eligible
no_environment,20,1,semiconductor,acute_selloff,3,1.0,0.0,5.333333333333333,0.13545083867847726,-0.04070602374556335,0.11490466662073051,42544,16969,-0.04070602374556335,non_overlapping,observed,all_eligible
no_environment,20,1,semiconductor,correction,42,0.3333333333333333,0.6666666666666666,4.885714285714286,0.12796985870838412,-0.08944029097378181,0.027119212402893035,42544,16969,-0.08944029097378181,non_overlapping,observed,all_eligible
no_environment,20,1,semiconductor,range_bound,30,0.5666666666666667,0.43333333333333335,2.5555555555555554,0.1532745413163294,-0.05009826935670579,0.09131220309663947,42544,16969,-0.05009826935670579,non_overlapping,observed,all_eligible
no_environment,20,1,semiconductor,under_pressure,64,0.328125,0.671875,5.08,0.1168744369852231,-0.08945125677125045,0.03525697160467775,42544,16969,-0.08945125677125045,non_overlapping,observed,all_eligible
no_environment,20,1,semiconductor,uptrend,190,0.22105263157894736,0.7789473684210526,4.65625,0.08671493771476077,-0.090879770894872,-0.009652766476577106,42544,16969,-0.090879770894872,non_overlapping,observed,all_eligible
no_environment,20,1,software,acute_selloff,3,0.3333333333333333,0.6666666666666666,0.5,0.14104517255262725,-0.03889844978180131,0.09662009058069727,69003,30391,-0.03889844978180131,non_overlapping,observed,all_eligible
no_environment,20,1,software,correction,48,0.2708333333333333,0.7291666666666666,4.378378378378378,0.08252046436141469,-0.09292831387261673,0.015423812059175382,69003,30391,-0.09292831387261673,non_overlapping,observed,all_eligible
no_environment,20,1,software,range_bound,48,0.5,0.5,4.512820512820513,0.08527803274773456,-0.06541870852047418,0.023349797411601692,69003,30391,-0.06541870852047418,non_overlapping,observed,all_eligible
no_environment,20,1,software,under_pressure,111,0.35135135135135137,0.6486486486486487,4.809523809523809,0.10159266194179017,-0.09394917908271258,0.01935264625347218,69003,30391,-0.09394917908271258,non_overlapping,observed,all_eligible
no_environment,20,1,software,uptrend,251,0.3386454183266932,0.6613545816733067,4.718390804597701,0.1469791458108841,-0.07847798424019248,0.04041462547140265,69003,30391,-0.07847798424019248,non_overlapping,observed,all_eligible
no_environment,20,2,other,acute_selloff,23,0.30434782608695654,0.6956521739130435,3.0,0.19658440788743303,-0.13487174078801398,0.07898762257176582,76195,28572,-0.13487174078801398,non_overlapping,observed,all_eligible
no_environment,20,2,other,correction,41,0.43902439024390244,0.5609756097560976,3.2058823529411766,0.15901981966280024,-0.11583849804914144,0.05140809102656815,76195,28572,-0.11583849804914144,non_overlapping,observed,all_eligible
no_environment,20,2,other,range_bound,23,0.4782608695652174,0.5217391304347826,3.2,0.17260413138474284,-0.06903273226609052,0.09392623175342028,76195,28572,-0.06903273226609052,non_overlapping,observed,all_eligible
no_environment,20,2,other,under_pressure,111,0.34234234234234234,0.6576576576576577,5.044943820224719,0.11722783168171455,-0.06723227358922326,0.03703942193200545,76195,28572,-0.06723227358922326,non_overlapping,observed,all_eligible
no_environment,20,2,other,uptrend,501,0.3333333333333333,0.6666666666666666,5.048433048433049,0.13247620431667598,-0.07953722362258284,0.020430131600019785,76195,28572,-0.07953722362258284,non_overlapping,observed,all_eligible
no_environment,20,2,semiconductor,acute_selloff,5,0.4,0.6,7.4,0.2204131103620492,-0.1382910484891272,0.16085663395588487,42544,16969,-0.1382910484891272,non_overlapping,observed,all_eligible
no_environment,20,2,semiconductor,correction,33,0.45454545454545453,0.5454545454545454,3.4516129032258065,0.17889470144202613,-0.09863047525760331,0.09851160118921627,42544,16969,-0.09863047525760331,non_overlapping,observed,all_eligible
no_environment,20,2,semiconductor,range_bound,12,0.4166666666666667,0.5833333333333334,5.0,0.13025910115256575,-0.09614219415583829,-0.015279891782005941,42544,16969,-0.09614219415583829,non_overlapping,observed,all_eligible
no_environment,20,2,semiconductor,under_pressure,49,0.32653061224489793,0.673469387755102,3.361111111111111,0.10666706524870488,-0.09389323036594033,0.016507909630839677,42544,16969,-0.09389323036594033,non_overlapping,observed,all_eligible
no_environment,20,2,semiconductor,uptrend,302,0.32781456953642385,0.6721854304635762,4.435897435897436,0.11291420464375486,-0.08490125474683695,0.02886937267182204,42544,16969,-0.08490125474683695,non_overlapping,observed,all_eligible
no_environment,20,2,software,acute_selloff,18,0.3888888888888889,0.6111111111111112,3.6,0.1750092982757512,-0.18924721704078357,0.05804642150013617,69003,30391,-0.18924721704078357,non_overlapping,observed,all_eligible
no_environment,20,2,software,correction,39,0.6923076923076923,0.3076923076923077,3.5945945945945947,0.26411177866703067,-0.07283905851552001,0.18094699918150944,69003,30391,-0.07283905851552001,non_overlapping,observed,all_eligible
no_environment,20,2,software,range_bound,16,0.625,0.375,4.0,0.15651818838627085,-0.06704640559114533,0.06956641136155847,69003,30391,-0.06704640559114533,non_overlapping,observed,all_eligible
no_environment,20,2,software,under_pressure,86,0.3372093023255814,0.6627906976744186,4.015384615384615,0.1031302728128602,-0.09019118412864349,0.006979781050432627,69003,30391,-0.09019118412864349,non_overlapping,observed,all_eligible
no_environment,20,2,software,uptrend,432,0.2986111111111111,0.7013888888888888,4.62987012987013,0.15231848580738494,-0.09343756805553863,0.02556936397460827,69003,30391,-0.09343756805553863,non_overlapping,observed,all_eligible
no_environment,20,3,other,acute_selloff,23,0.17391304347826086,0.8260869565217391,2.9523809523809526,0.08479016830892615,-0.07047036239993354,0.01455080370636057,76195,28572,-0.07047036239993354,non_overlapping,observed,all_eligible
no_environment,20,3,other,correction,200,0.32,0.68,4.1069182389937104,0.11648300981254532,-0.09367222914978843,0.02725517031840638,76195,28572,-0.09367222914978843,non_overlapping,observed,all_eligible
no_environment,20,3,other,range_bound,138,0.2753623188405797,0.7246376811594203,3.673076923076923,0.08979943565449472,-0.07388026790800532,-0.004504979572843076,76195,28572,-0.07388026790800532,non_overlapping,observed,all_eligible
no_environment,20,3,other,under_pressure,94,0.2765957446808511,0.723404255319149,4.457142857142857,0.09754526082228293,-0.08515575516485772,0.00965950225673263,76195,28572,-0.08515575516485772,non_overlapping,observed,all_eligible
no_environment,20,3,other,uptrend,209,0.2727272727272727,0.7272727272727273,4.083916083916084,0.06397928896183895,-0.07725758193544217,-0.013314812945842065,76195,28572,-0.07725758193544217,non_overlapping,observed,all_eligible
no_environment,20,3,semiconductor,acute_selloff,10,0.4,0.6,3.5,0.18177372220026972,-0.07261754860327692,0.04219073439611565,42544,16969,-0.07261754860327692,non_overlapping,observed,all_eligible
no_environment,20,3,semiconductor,correction,92,0.30434782608695654,0.6956521739130435,5.013333333333334,0.15064838359573052,-0.10215800765885186,0.044550746391483605,42544,16969,-0.10215800765885186,non_overlapping,observed,all_eligible
no_environment,20,3,semiconductor,range_bound,90,0.25555555555555554,0.7444444444444445,3.0,0.0998332632880937,-0.09897341711964777,-0.025527788808614144,42544,16969,-0.09897341711964777,non_overlapping,observed,all_eligible
no_environment,20,3,semiconductor,under_pressure,47,0.2978723404255319,0.7021276595744681,4.371428571428571,0.10439883446632749,-0.09718005121583333,0.015129549060104344,42544,16969,-0.09718005121583333,non_overlapping,observed,all_eligible
no_environment,20,3,semiconductor,uptrend,140,0.20714285714285716,0.7928571428571428,4.278846153846154,0.09718561081231124,-0.08707560425877894,0.00415203396816,42544,16969,-0.08707560425877894,non_overlapping,observed,all_eligible
no_environment,20,3,software,acute_selloff,18,0.16666666666666666,0.8333333333333334,3.6875,0.21694495186871302,-0.13104345395473826,0.0276158749561135,69003,30391,-0.13104345395473826,non_overlapping,observed,all_eligible
no_environment,20,3,software,correction,192,0.2604166666666667,0.7395833333333334,3.452054794520548,0.12360692336303976,-0.1336188247336465,0.002541869089534182,69003,30391,-0.1336188247336465,non_overlapping,observed,all_eligible
no_environment,20,3,software,range_bound,152,0.2631578947368421,0.7368421052631579,2.747826086956522,0.12106300216042984,-0.11633349359885965,-0.02889306423509425,69003,30391,-0.11633349359885965,non_overlapping,observed,all_eligible
no_environment,20,3,software,under_pressure,86,0.36046511627906974,0.6395348837209303,2.8923076923076922,0.11546393471071316,-0.0958213900934163,1.4941262154691594e-05,69003,30391,-0.0958213900934163,non_overlapping,observed,all_eligible
no_environment,20,3,software,uptrend,235,0.33617021276595743,0.6638297872340425,4.055555555555555,0.11974755688935368,-0.09477405652970301,0.0025066383653846304,69003,30391,-0.09477405652970301,non_overlapping,observed,all_eligible
no_environment,20,4,other,acute_selloff,2,1.0,0.0,1.5,0.11067260809194601,-0.005127500299419718,0.09318521697329185,76195,28572,-0.005127500299419718,non_overlapping,observed,all_eligible
no_environment,20,4,other,correction,38,0.47368421052631576,0.5263157894736842,4.9375,0.08481217903291075,-0.048026758524363715,0.03326713573303286,76195,28572,-0.048026758524363715,non_overlapping,observed,all_eligible
no_environment,20,4,other,range_bound,40,0.275,0.725,4.2,0.07392722991640234,-0.05459409758097441,0.01571224341887368,76195,28572,-0.05459409758097441,non_overlapping,observed,all_eligible
no_environment,20,4,other,under_pressure,175,0.2914285714285714,0.7085714285714285,5.0508474576271185,0.0944676228483685,-0.07075731065096061,0.014890831573257404,76195,28572,-0.07075731065096061,non_overlapping,observed,all_eligible
no_environment,20,4,other,uptrend,460,0.3217391304347826,0.6782608695652174,4.512121212121212,0.0956062866568597,-0.07110803284204761,0.017096171863941228,76195,28572,-0.07110803284204761,non_overlapping,observed,all_eligible
no_environment,20,4,semiconductor,correction,9,0.4444444444444444,0.5555555555555556,1.1111111111111112,0.2392351134105018,-0.07533564259711063,0.07624164809541054,42544,16969,-0.07533564259711063,non_overlapping,observed,all_eligible
no_environment,20,4,semiconductor,range_bound,19,0.42105263157894735,0.5789473684210527,1.6428571428571428,0.1511621462542668,-0.09320811031191373,0.06324642447897458,42544,16969,-0.09320811031191373,non_overlapping,observed,all_eligible
no_environment,20,4,semiconductor,under_pressure,78,0.21794871794871795,0.782051282051282,4.867924528301887,0.08528179365215972,-0.10496562232581166,-0.00027793201551326797,42544,16969,-0.10496562232581166,non_overlapping,observed,all_eligible
no_environment,20,4,semiconductor,uptrend,272,0.2867647058823529,0.7132352941176471,3.6788990825688073,0.13296311144334272,-0.08883200968404859,0.020354641217733886,42544,16969,-0.08883200968404859,non_overlapping,observed,all_eligible
no_environment,20,4,software,correction,31,0.3870967741935484,0.6129032258064516,4.346153846153846,0.0920508755593084,-0.07734935994326082,0.008376863474877165,69003,30391,-0.07734935994326082,non_overlapping,observed,all_eligible
no_environment,20,4,software,range_bound,55,0.4727272727272727,0.5272727272727272,4.5,0.12092865562934929,-0.06251809138524891,0.05362100119255633,69003,30391,-0.06251809138524891,non_overlapping,observed,all_eligible
no_environment,20,4,software,under_pressure,172,0.29069767441860467,0.7093023255813954,4.142857142857143,0.10514112104310751,-0.09035603574821184,0.017764789899286895,69003,30391,-0.09035603574821184,non_overlapping,observed,all_eligible
no_environment,20,4,software,uptrend,522,0.3505747126436782,0.6494252873563219,4.402010050251256,0.12681090154289765,-0.08465384627774816,0.028795000058359974,69003,30391,-0.08465384627774816,non_overlapping,observed,all_eligible
no_environment,20,5,other,acute_selloff,5,0.4,0.6,2.5,0.14264411725871362,-0.16327159807949718,0.004297629850129048,76195,28572,-0.16327159807949718,non_overlapping,observed,all_eligible
no_environment,20,5,other,correction,56,0.2857142857142857,0.7142857142857143,4.604166666666667,0.11377267610072632,-0.10054069904489586,0.04632129056681718,76195,28572,-0.10054069904489586,non_overlapping,observed,all_eligible
no_environment,20,5,other,range_bound,28,0.39285714285714285,0.6071428571428571,5.45,0.12979110195191415,-0.058852712673369036,0.0491215216630095,76195,28572,-0.058852712673369036,non_overlapping,observed,all_eligible
no_environment,20,5,other,under_pressure,194,0.31443298969072164,0.6855670103092784,4.006944444444445,0.10336319313036085,-0.09108266590425065,0.011022091568084305,76195,28572,-0.09108266590425065,non_overlapping,observed,all_eligible
no_environment,20,5,other,uptrend,463,0.3304535637149028,0.6695464362850972,4.836858006042296,0.12071739009635134,-0.07397314168759651,0.04343140096090663,76195,28572,-0.07397314168759651,non_overlapping,observed,all_eligible
no_environment,20,5,semiconductor,acute_selloff,2,0.5,0.5,1.0,0.1520177992378875,-0.12525498271239338,0.030803600879933946,42544,16969,-0.12525498271239338,non_overlapping,observed,all_eligible
no_environment,20,5,semiconductor,correction,25,0.12,0.88,2.8095238095238093,0.2661747924565421,-0.17349270396380784,0.07656333476401121,42544,16969,-0.17349270396380784,non_overlapping,observed,all_eligible
no_environment,20,5,semiconductor,range_bound,13,0.6153846153846154,0.38461538461538464,3.0,0.5363337762410902,-0.057888328730307435,0.36302715219275444,42544,16969,-0.057888328730307435,non_overlapping,observed,all_eligible
no_environment,20,5,semiconductor,under_pressure,106,0.330188679245283,0.6698113207547169,3.4302325581395348,0.18044010039671854,-0.11499499260940035,0.04614693605087056,42544,16969,-0.11499499260940035,non_overlapping,observed,all_eligible
no_environment,20,5,semiconductor,uptrend,297,0.2828282828282828,0.7171717171717171,3.807377049180328,0.1836032088269788,-0.11309804771460409,0.05770268804672156,42544,16969,-0.11309804771460409,non_overlapping,observed,all_eligible
no_environment,20,5,software,acute_selloff,5,0.8,0.2,1.25,0.1502799604724369,-0.11639246251944835,0.055288016947705486,69003,30391,-0.11639246251944835,non_overlapping,observed,all_eligible
no_environment,20,5,software,correction,57,0.3684210526315789,0.631578947368421,4.510204081632653,0.15746732600505292,-0.11396251894449283,0.07053021368722674,69003,30391,-0.11396251894449283,non_overlapping,observed,all_eligible
no_environment,20,5,software,range_bound,38,0.5526315789473685,0.4473684210526316,2.0294117647058822,0.2512277599365713,-0.07220539684782278,0.12631796681741814,69003,30391,-0.07220539684782278,non_overlapping,observed,all_eligible
no_environment,20,5,software,under_pressure,175,0.32571428571428573,0.6742857142857143,3.8142857142857145,0.14479591921300553,-0.1018215271494218,0.02097222990098531,69003,30391,-0.1018215271494218,non_overlapping,observed,all_eligible
no_environment,20,5,software,uptrend,486,0.2736625514403292,0.7263374485596708,3.8994252873563218,0.17597438169618673,-0.10760308335582325,0.04028778167381535,69003,30391,-0.10760308335582325,non_overlapping,observed,all_eligible
no_retests,5,1,other,acute_selloff,28,0.6071428571428571,0.39285714285714285,1.5714285714285714,0.04306523794551174,-0.03871029767695162,0.009227196715499196,73487,28572,-0.03871029767695162,non_overlapping,observed,all_eligible
no_retests,5,1,other,correction,363,0.5922865013774105,0.40771349862258954,1.5670731707317074,0.03527217937177256,-0.03602284725556996,-0.0010248880570475078,73487,28572,-0.03602284725556996,non_overlapping,observed,all_eligible
no_retests,5,1,other,range_bound,296,0.6351351351351351,0.36486486486486486,1.8345323741007193,0.033923117226702576,-0.028697689222407317,0.008532393099722136,73487,28572,-0.028697689222407317,non_overlapping,observed,all_eligible
no_retests,5,1,other,under_pressure,515,0.5359223300970873,0.4640776699029126,1.4974358974358974,0.03447363915026916,-0.03471732403900509,-0.00023765986098955643,73487,28572,-0.03471732403900509,non_overlapping,observed,all_eligible
no_retests,5,1,other,uptrend,1185,0.5350210970464135,0.4649789029535865,1.7534246575342465,0.02839986562836095,-0.03184023391372972,-0.0036960301335603857,73487,28572,-0.03184023391372972,non_overlapping,observed,all_eligible
no_retests,5,1,semiconductor,acute_selloff,13,0.6153846153846154,0.38461538461538464,0.5,0.0572533862165918,-0.04644548554955481,0.011973618019042415,40225,16969,-0.04644548554955481,non_overlapping,observed,all_eligible
no_retests,5,1,semiconductor,correction,131,0.5114503816793893,0.48854961832061067,1.4545454545454546,0.057414006742041765,-0.049562574111769335,0.011287647840363828,40225,16969,-0.049562574111769335,non_overlapping,observed,all_eligible
no_retests,5,1,semiconductor,range_bound,160,0.69375,0.30625,1.5398230088495575,0.06551316185666287,-0.029100267556798044,0.031158198362971023,40225,16969,-0.029100267556798044,non_overlapping,observed,all_eligible
no_retests,5,1,semiconductor,under_pressure,230,0.4391304347826087,0.5608695652173913,1.361904761904762,0.04252685853444393,-0.05327271182254344,-0.004936425830563083,40225,16969,-0.05327271182254344,non_overlapping,observed,all_eligible
no_retests,5,1,semiconductor,uptrend,661,0.47806354009077157,0.5219364599092284,1.5774647887323943,0.03789684637994934,-0.043711789242434226,-0.0064701778688077095,40225,16969,-0.043711789242434226,non_overlapping,observed,all_eligible
no_retests,5,1,software,acute_selloff,21,0.6666666666666666,0.3333333333333333,0.7647058823529411,0.08649323685279221,-0.04704591337968637,0.04146080591407925,65214,30391,-0.04704591337968637,non_overlapping,observed,all_eligible
no_retests,5,1,software,correction,214,0.5,0.5,1.791304347826087,0.04635677220239086,-0.049886702614188615,0.0024330956261482306,65214,30391,-0.049886702614188615,non_overlapping,observed,all_eligible
no_retests,5,1,software,range_bound,217,0.6728110599078341,0.3271889400921659,1.5042735042735043,0.04419564676880595,-0.03805693489643269,0.00723958208972243,65214,30391,-0.03805693489643269,non_overlapping,observed,all_eligible
no_retests,5,1,software,under_pressure,399,0.5238095238095238,0.47619047619047616,1.3265306122448979,0.05062145904423973,-0.04119226868955829,0.0085782573943563,65214,30391,-0.04119226868955829,non_overlapping,observed,all_eligible
no_retests,5,1,software,uptrend,885,0.5864406779661017,0.4135593220338983,1.8005249343832022,0.04071772856864684,-0.04027315528566364,1.5027049209958305e-06,65214,30391,-0.04027315528566364,non_overlapping,observed,all_eligible
no_retests,5,2,other,acute_selloff,74,0.47297297297297297,0.527027027027027,1.186046511627907,0.09596076817462748,-0.11030536221961121,-0.013018058160269687,73487,28572,-0.11030536221961121,non_overlapping,observed,all_eligible
no_retests,5,2,other,correction,184,0.5543478260869565,0.44565217391304346,1.355140186915888,0.05899445908864338,-0.062478275574419484,0.002410847843769887,73487,28572,-0.062478275574419484,non_overlapping,observed,all_eligible
no_retests,5,2,other,range_bound,89,0.6292134831460674,0.3707865168539326,1.3673469387755102,0.067057719219312,-0.03327662044054436,0.030430758153189838,73487,28572,-0.03327662044054436,non_overlapping,observed,all_eligible
no_retests,5,2,other,under_pressure,469,0.5735607675906184,0.42643923240938164,1.4695652173913043,0.0576139181249265,-0.041006024755777616,0.009851141393609713,73487,28572,-0.041006024755777616,non_overlapping,observed,all_eligible
no_retests,5,2,other,uptrend,1769,0.5652911249293386,0.4347088750706614,1.518057285180573,0.05005374650646379,-0.03869160415660937,0.008180125864640786,73487,28572,-0.03869160415660937,non_overlapping,observed,all_eligible
no_retests,5,2,semiconductor,acute_selloff,30,0.4666666666666667,0.5333333333333333,1.2777777777777777,0.10477044295563893,-0.09525386136352093,0.015113355873093873,40225,16969,-0.09525386136352093,non_overlapping,observed,all_eligible
no_retests,5,2,semiconductor,correction,101,0.6336633663366337,0.36633663366336633,1.452054794520548,0.0709444786058787,-0.05390709489856642,0.022595442571392194,40225,16969,-0.05390709489856642,non_overlapping,observed,all_eligible
no_retests,5,2,semiconductor,range_bound,51,0.7647058823529411,0.23529411764705882,1.0285714285714285,0.06664223288048639,-0.03369508938949233,0.0307541196008597,40225,16969,-0.03369508938949233,non_overlapping,observed,all_eligible
no_retests,5,2,semiconductor,under_pressure,227,0.5066079295154186,0.4933920704845815,1.4251968503937007,0.05045380352523029,-0.051279524835329285,0.0014464105229959577,40225,16969,-0.051279524835329285,non_overlapping,observed,all_eligible
no_retests,5,2,semiconductor,uptrend,1069,0.5275958840037418,0.4724041159962582,1.4943396226415093,0.05020077350030696,-0.046004509540407836,0.005007178524249902,40225,16969,-0.046004509540407836,non_overlapping,observed,all_eligible
no_retests,5,2,software,acute_selloff,76,0.5263157894736842,0.47368421052631576,1.1296296296296295,0.09818170708482847,-0.08071476992850024,0.01748627151053699,65214,30391,-0.08071476992850024,non_overlapping,observed,all_eligible
no_retests,5,2,software,correction,162,0.6296296296296297,0.37037037037037035,1.2380952380952381,0.06860344342131348,-0.06519438295007067,0.012273498983203396,65214,30391,-0.06519438295007067,non_overlapping,observed,all_eligible
no_retests,5,2,software,range_bound,80,0.7875,0.2125,1.2142857142857142,0.05154560312338534,-0.038943475348102344,0.012979579547961483,65214,30391,-0.038943475348102344,non_overlapping,observed,all_eligible
no_retests,5,2,software,under_pressure,283,0.4840989399293286,0.5159010600706714,1.537313432835821,0.05424659659699839,-0.05203589802408518,0.007172545630471415,65214,30391,-0.05203589802408518,non_overlapping,observed,all_eligible
no_retests,5,2,software,uptrend,1543,0.5521710952689566,0.4478289047310434,1.5380577427821522,0.064327108042739,-0.04633829584563193,0.011938455013776817,65214,30391,-0.04633829584563193,non_overlapping,observed,all_eligible
no_retests,5,3,other,acute_selloff,96,0.6458333333333334,0.3541666666666667,1.6140350877192982,0.059208078509798596,-0.038440459796641124,0.02626178577940073,73487,28572,-0.038440459796641124,non_overlapping,observed,all_eligible
no_retests,5,3,other,correction,825,0.4896969696969697,0.5103030303030303,1.5095693779904307,0.046684545654038956,-0.049017187241621255,-0.00035503201302487813,73487,28572,-0.049017187241621255,non_overlapping,observed,all_eligible
no_retests,5,3,other,range_bound,517,0.5531914893617021,0.44680851063829785,1.6481481481481481,0.044683957717831055,-0.03831935292651233,0.0061259726758499545,73487,28572,-0.03831935292651233,non_overlapping,observed,all_eligible
no_retests,5,3,other,under_pressure,323,0.56656346749226,0.43343653250773995,1.2384105960264902,0.040905519234439885,-0.037077328474292265,-0.00013044265869722934,73487,28572,-0.037077328474292265,non_overlapping,observed,all_eligible
no_retests,5,3,other,uptrend,713,0.5511921458625526,0.4488078541374474,1.5756457564575646,0.0344483173400472,-0.035159564226806946,-0.001949974540997358,73487,28572,-0.035159564226806946,non_overlapping,observed,all_eligible
no_retests,5,3,semiconductor,acute_selloff,33,0.3939393939393939,0.6060606060606061,1.6111111111111112,0.04865729677500985,-0.059811380023058656,0.011240719401055085,40225,16969,-0.059811380023058656,non_overlapping,observed,all_eligible
no_retests,5,3,semiconductor,correction,344,0.4331395348837209,0.5668604651162791,1.2688172043010753,0.05292364525755204,-0.061959846572324666,-0.0063515430282145326,40225,16969,-0.061959846572324666,non_overlapping,observed,all_eligible
no_retests,5,3,semiconductor,range_bound,333,0.5435435435435435,0.45645645645645644,1.294392523364486,0.056796325519908056,-0.043985305476573575,0.00846805487777735,40225,16969,-0.043985305476573575,non_overlapping,observed,all_eligible
no_retests,5,3,semiconductor,under_pressure,172,0.5174418604651163,0.48255813953488375,1.1397849462365592,0.05042945500249323,-0.048231676836213995,-0.001108892503887769,40225,16969,-0.048231676836213995,non_overlapping,observed,all_eligible
no_retests,5,3,semiconductor,uptrend,463,0.49892008639308855,0.5010799136069114,1.5560344827586208,0.0445066643019412,-0.04541080203228783,0.00038411567467690205,40225,16969,-0.04541080203228783,non_overlapping,observed,all_eligible
no_retests,5,3,software,acute_selloff,80,0.4875,0.5125,1.2222222222222223,0.07569680905902852,-0.06825770018135686,0.024206205007806993,65214,30391,-0.06825770018135686,non_overlapping,observed,all_eligible
no_retests,5,3,software,correction,702,0.4544159544159544,0.5455840455840456,1.1040609137055837,0.061147750122717864,-0.06620391015282835,-0.009788605824843104,65214,30391,-0.06620391015282835,non_overlapping,observed,all_eligible
no_retests,5,3,software,range_bound,564,0.549645390070922,0.450354609929078,1.2125,0.060612829816161375,-0.05106100502892201,0.002464996381357909,65214,30391,-0.05106100502892201,non_overlapping,observed,all_eligible
no_retests,5,3,software,under_pressure,293,0.5563139931740614,0.44368600682593856,1.2035928143712575,0.053346365792955396,-0.047931742633819684,0.0023232975599583442,65214,30391,-0.047931742633819684,non_overlapping,observed,all_eligible
no_retests,5,3,software,uptrend,824,0.5194174757281553,0.48058252427184467,1.563157894736842,0.05003524877661214,-0.04680652990470052,0.0005634305034602578,65214,30391,-0.04680652990470052,non_overlapping,observed,all_eligible
no_retests,5,4,other,acute_selloff,9,0.6666666666666666,0.3333333333333333,1.0,0.04172889900614093,-0.018056209331516106,0.022264873491704744,73487,28572,-0.018056209331516106,non_overlapping,observed,all_eligible
no_retests,5,4,other,correction,145,0.5586206896551724,0.4413793103448276,1.9,0.038383153153615214,-0.03760529426383696,0.009753973061059802,73487,28572,-0.03760529426383696,non_overlapping,observed,all_eligible
no_retests,5,4,other,range_bound,167,0.6227544910179641,0.3772455089820359,1.7790697674418605,0.03754049593390669,-0.029196122968938552,0.0056612410002056125,73487,28572,-0.029196122968938552,non_overlapping,observed,all_eligible
no_retests,5,4,other,under_pressure,629,0.5182829888712241,0.48171701112877585,1.6692015209125475,0.03577279588434566,-0.037604635167686334,-0.0040694906779388034,73487,28572,-0.037604635167686334,non_overlapping,observed,all_eligible
no_retests,5,4,other,uptrend,1636,0.5446210268948656,0.4553789731051345,1.6897905759162304,0.04188299641576735,-0.03260522398953356,0.007762304224109656,73487,28572,-0.03260522398953356,non_overlapping,observed,all_eligible
no_retests,5,4,semiconductor,acute_selloff,1,1.0,0.0,0.0,0.08965517241379306,-0.02758620689655178,0.040000000000000036,40225,16969,-0.02758620689655178,non_overlapping,observed,all_eligible
no_retests,5,4,semiconductor,correction,30,0.4666666666666667,0.5333333333333333,1.5909090909090908,0.06454451138557507,-0.054104147419562224,0.027077062202390218,40225,16969,-0.054104147419562224,non_overlapping,observed,all_eligible
no_retests,5,4,semiconductor,range_bound,72,0.4583333333333333,0.5416666666666666,1.564102564102564,0.05534907731234447,-0.052869069421017635,-0.006455533144954629,40225,16969,-0.052869069421017635,non_overlapping,observed,all_eligible
no_retests,5,4,semiconductor,under_pressure,322,0.4751552795031056,0.5248447204968945,1.1851851851851851,0.046769618188588234,-0.054867986214609296,-0.011180043034533549,40225,16969,-0.054867986214609296,non_overlapping,observed,all_eligible
no_retests,5,4,semiconductor,uptrend,918,0.5021786492374728,0.49782135076252726,1.3866943866943866,0.05373113322595551,-0.04674290288666168,0.005392574013092702,40225,16969,-0.04674290288666168,non_overlapping,observed,all_eligible
no_retests,5,4,software,acute_selloff,8,0.875,0.125,0.6666666666666666,0.11823801343232943,-0.03228107372033233,0.07288137386343188,65214,30391,-0.03228107372033233,non_overlapping,observed,all_eligible
no_retests,5,4,software,correction,129,0.6356589147286822,0.3643410852713178,1.5,0.05842828075337925,-0.03603442869338915,0.02747978343077204,65214,30391,-0.03603442869338915,non_overlapping,observed,all_eligible
no_retests,5,4,software,range_bound,194,0.6134020618556701,0.3865979381443299,1.6634615384615385,0.05075855918145194,-0.03676623337373361,0.013123138194611623,65214,30391,-0.03676623337373361,non_overlapping,observed,all_eligible
no_retests,5,4,software,under_pressure,650,0.5553846153846154,0.44461538461538463,1.4371069182389937,0.047840723917163264,-0.045003626427516624,-0.0010146630565112443,65214,30391,-0.045003626427516624,non_overlapping,observed,all_eligible
no_retests,5,4,software,uptrend,1826,0.547645125958379,0.452354874041621,1.4284128745837958,0.05250719064555812,-0.04233692613277242,0.00631767052974463,65214,30391,-0.04233692613277242,non_overlapping,observed,all_eligible
no_retests,5,5,other,acute_selloff,14,0.42857142857142855,0.5714285714285714,0.5714285714285714,0.058794066802823855,-0.055834121449429605,0.022787706384225337,73487,28572,-0.055834121449429605,non_overlapping,observed,all_eligible
no_retests,5,5,other,correction,222,0.5900900900900901,0.4099099099099099,1.3839285714285714,0.04206744708207044,-0.05260801703042738,-0.00749010547433221,73487,28572,-0.05260801703042738,non_overlapping,observed,all_eligible
no_retests,5,5,other,range_bound,121,0.6776859504132231,0.32231404958677684,1.5945945945945945,0.05575143638075758,-0.032338694418813735,0.01782169873883024,73487,28572,-0.032338694418813735,non_overlapping,observed,all_eligible
no_retests,5,5,other,under_pressure,825,0.5709090909090909,0.4290909090909091,1.4076576576576576,0.048768793274150055,-0.040551127139527035,0.00474023759989334,73487,28572,-0.040551127139527035,non_overlapping,observed,all_eligible
no_retests,5,5,other,uptrend,1690,0.5153846153846153,0.4846153846153846,1.5911528150134049,0.04464957771766464,-0.040135478774238065,0.004971975424299844,73487,28572,-0.040135478774238065,non_overlapping,observed,all_eligible
no_retests,5,5,semiconductor,acute_selloff,6,0.5,0.5,1.0,0.09753664312069514,-0.1082631577120697,0.004301857299296737,40225,16969,-0.1082631577120697,non_overlapping,observed,all_eligible
no_retests,5,5,semiconductor,correction,109,0.44954128440366975,0.5504587155963303,1.3478260869565217,0.061596239865869276,-0.07743529898430702,-0.014660550189293345,40225,16969,-0.07743529898430702,non_overlapping,observed,all_eligible
no_retests,5,5,semiconductor,range_bound,69,0.6956521739130435,0.30434782608695654,1.32,0.09816713761165988,-0.049469897063520625,0.055065390184981446,40225,16969,-0.049469897063520625,non_overlapping,observed,all_eligible
no_retests,5,5,semiconductor,under_pressure,412,0.5436893203883495,0.4563106796116505,1.0260223048327137,0.09976088000174817,-0.06777105874127169,0.0240624353280826,40225,16969,-0.06777105874127169,non_overlapping,observed,all_eligible
no_retests,5,5,semiconductor,uptrend,1080,0.49074074074074076,0.5092592592592593,1.259375,0.08048913720133372,-0.06026678856147785,0.015291949805589658,40225,16969,-0.06026678856147785,non_overlapping,observed,all_eligible
no_retests,5,5,software,acute_selloff,19,0.7368421052631579,0.2631578947368421,1.0,0.10594446639897599,-0.053455356230511716,0.04765112546334591,65214,30391,-0.053455356230511716,non_overlapping,observed,all_eligible
no_retests,5,5,software,correction,210,0.5238095238095238,0.47619047619047616,1.4833333333333334,0.05523801876552564,-0.06374563488023165,-0.0060034690620415785,65214,30391,-0.06374563488023165,non_overlapping,observed,all_eligible
no_retests,5,5,software,range_bound,114,0.8157894736842105,0.18421052631578946,1.4,0.08176517219468425,-0.034052250720338136,0.042748078877663534,65214,30391,-0.034052250720338136,non_overlapping,observed,all_eligible
no_retests,5,5,software,under_pressure,658,0.5547112462006079,0.4452887537993921,1.297082228116711,0.06658863904174908,-0.05619042991185423,0.008724970981328526,65214,30391,-0.05619042991185423,non_overlapping,observed,all_eligible
no_retests,5,5,software,uptrend,1744,0.46961009174311924,0.5303899082568807,1.464328899637243,0.06343525872174946,-0.05586613942762744,0.0028697836416257155,65214,30391,-0.05586613942762744,non_overlapping,observed,all_eligible
no_retests,10,1,other,acute_selloff,14,0.5,0.5,2.3333333333333335,0.056770765624065654,-0.06200380486140506,-0.009027923986272541,73487,28572,-0.06200380486140506,non_overlapping,observed,all_eligible
no_retests,10,1,other,correction,184,0.44021739130434784,0.5597826086956522,2.9909090909090907,0.04934457417306887,-0.05484952203133426,-0.0010952638823562976,73487,28572,-0.05484952203133426,non_overlapping,observed,all_eligible
no_retests,10,1,other,range_bound,144,0.5347222222222222,0.4652777777777778,2.836734693877551,0.05321867969565575,-0.03694740970896319,0.016024465648326106,73487,28572,-0.03694740970896319,non_overlapping,observed,all_eligible
no_retests,10,1,other,under_pressure,270,0.4074074074074074,0.5925925925925926,2.953333333333333,0.04993225463370612,-0.04614978265739935,0.0008411674821389673,73487,28572,-0.04614978265739935,non_overlapping,observed,all_eligible
no_retests,10,1,other,uptrend,598,0.4013377926421405,0.5986622073578596,3.229357798165138,0.04271624046516926,-0.04713204503406878,-0.0029120901151543036,73487,28572,-0.04713204503406878,non_overlapping,observed,all_eligible
no_retests,10,1,semiconductor,acute_selloff,6,0.16666666666666666,0.8333333333333334,4.0,0.0621667782845862,-0.09431051477098296,-0.02171107405155298,40225,16969,-0.09431051477098296,non_overlapping,observed,all_eligible
no_retests,10,1,semiconductor,correction,66,0.3787878787878788,0.6212121212121212,2.5319148936170213,0.068912601033838,-0.06944457861492664,-0.008190662370730841,40225,16969,-0.06944457861492664,non_overlapping,observed,all_eligible
no_retests,10,1,semiconductor,range_bound,81,0.6666666666666666,0.3333333333333333,2.015151515151515,0.09842764862099092,-0.035190847432219216,0.05243072568251619,40225,16969,-0.035190847432219216,non_overlapping,observed,all_eligible
no_retests,10,1,semiconductor,under_pressure,115,0.3652173913043478,0.6347826086956522,2.393939393939394,0.06001260207801653,-0.06937148664416408,-0.004765609431527944,40225,16969,-0.06937148664416408,non_overlapping,observed,all_eligible
no_retests,10,1,semiconductor,uptrend,339,0.36283185840707965,0.6371681415929203,2.855721393034826,0.06033673678087569,-0.06311166376777338,-0.005057587068707564,40225,16969,-0.06311166376777338,non_overlapping,observed,all_eligible
no_retests,10,1,software,acute_selloff,6,0.3333333333333333,0.6666666666666666,0.3333333333333333,0.09551885767595225,-0.10133407375699932,-0.006792124884209587,65214,30391,-0.10133407375699932,non_overlapping,observed,all_eligible
no_retests,10,1,software,correction,109,0.41284403669724773,0.5871559633027523,2.4722222222222223,0.06764247883935988,-0.0761352504411083,-0.0028871774302895773,65214,30391,-0.0761352504411083,non_overlapping,observed,all_eligible
no_retests,10,1,software,range_bound,105,0.5714285714285714,0.42857142857142855,2.780821917808219,0.06944448587155237,-0.05140210624760474,0.02440549665986711,65214,30391,-0.05140210624760474,non_overlapping,observed,all_eligible
no_retests,10,1,software,under_pressure,195,0.47692307692307695,0.5230769230769231,2.689922480620155,0.06303662354189445,-0.05868707518406266,0.008999112725292415,65214,30391,-0.05868707518406266,non_overlapping,observed,all_eligible
no_retests,10,1,software,uptrend,468,0.4337606837606838,0.5662393162393162,3.1159420289855073,0.061818156106897344,-0.058650381870977625,0.0013108911952335015,65214,30391,-0.058650381870977625,non_overlapping,observed,all_eligible
no_retests,10,2,other,acute_selloff,39,0.3333333333333333,0.6666666666666666,1.7777777777777777,0.11241176917696584,-0.12702362262241432,-0.021725712421113007,73487,28572,-0.12702362262241432,non_overlapping,observed,all_eligible
no_retests,10,2,other,correction,92,0.45652173913043476,0.5434782608695652,2.2131147540983607,0.08846471800481435,-0.08223345888820766,0.015353092038544083,73487,28572,-0.08223345888820766,non_overlapping,observed,all_eligible
no_retests,10,2,other,range_bound,41,0.4634146341463415,0.5365853658536586,1.8928571428571428,0.10133835775021796,-0.04912033338422356,0.0495654630178183,73487,28572,-0.04912033338422356,non_overlapping,observed,all_eligible
no_retests,10,2,other,under_pressure,235,0.5617021276595745,0.43829787234042555,2.7928994082840237,0.10419875127073225,-0.04722316487233203,0.05008613459455731,73487,28572,-0.04722316487233203,non_overlapping,observed,all_eligible
no_retests,10,2,other,uptrend,904,0.4491150442477876,0.5508849557522124,2.9596330275229357,0.0814223395811127,-0.05407710325271568,0.01823425432206643,73487,28572,-0.05407710325271568,non_overlapping,observed,all_eligible
no_retests,10,2,semiconductor,acute_selloff,19,0.15789473684210525,0.8421052631578947,1.5454545454545454,0.11427743606524006,-0.1607880774623621,-0.0006415070773294676,40225,16969,-0.1607880774623621,non_overlapping,observed,all_eligible
no_retests,10,2,semiconductor,correction,44,0.5227272727272727,0.4772727272727273,2.2941176470588234,0.10282950715464785,-0.07463078808287223,0.030737892813846358,40225,16969,-0.07463078808287223,non_overlapping,observed,all_eligible
no_retests,10,2,semiconductor,range_bound,25,0.64,0.36,1.8095238095238095,0.1172385839769814,-0.03878174887663349,0.06193064378448934,40225,16969,-0.03878174887663349,non_overlapping,observed,all_eligible
no_retests,10,2,semiconductor,under_pressure,113,0.45132743362831856,0.5486725663716814,2.674698795180723,0.08110403047090742,-0.06559892953144114,0.027306635407332365,40225,16969,-0.06559892953144114,non_overlapping,observed,all_eligible
no_retests,10,2,semiconductor,uptrend,549,0.4080145719489982,0.5919854280510018,2.897727272727273,0.0759122230900774,-0.06418822126157457,0.010791294250633673,40225,16969,-0.06418822126157457,non_overlapping,observed,all_eligible
no_retests,10,2,software,acute_selloff,36,0.2222222222222222,0.7777777777777778,2.1153846153846154,0.12815506785901534,-0.1650729456597887,-0.020337847401716663,65214,30391,-0.1650729456597887,non_overlapping,observed,all_eligible
no_retests,10,2,software,correction,76,0.5657894736842105,0.4342105263157895,2.1296296296296298,0.09493439283026524,-0.09119907988572627,0.005687261786092003,65214,30391,-0.09119907988572627,non_overlapping,observed,all_eligible
no_retests,10,2,software,range_bound,43,0.6744186046511628,0.32558139534883723,2.933333333333333,0.07777690637343398,-0.052854356504853955,0.022537107713263956,65214,30391,-0.052854356504853955,non_overlapping,observed,all_eligible
no_retests,10,2,software,under_pressure,140,0.40714285714285714,0.5928571428571429,3.0526315789473686,0.08961038333048538,-0.07741515597826235,0.013723535528644243,65214,30391,-0.07741515597826235,non_overlapping,observed,all_eligible
no_retests,10,2,software,uptrend,794,0.41435768261964734,0.5856423173803527,2.7891682785299805,0.1014210516768858,-0.06423728939675141,0.02365740466574116,65214,30391,-0.06423728939675141,non_overlapping,observed,all_eligible
no_retests,10,3,other,acute_selloff,53,0.5283018867924528,0.4716981132075472,2.45,0.0763763631158155,-0.056553483533981506,0.009699457053766552,73487,28572,-0.056553483533981506,non_overlapping,observed,all_eligible
no_retests,10,3,other,correction,399,0.39097744360902253,0.6090225563909775,2.5387596899224807,0.06802908202848054,-0.07007699197637876,0.0013614762329983855,73487,28572,-0.07007699197637876,non_overlapping,observed,all_eligible
no_retests,10,3,other,range_bound,256,0.45703125,0.54296875,2.83030303030303,0.06258917675606686,-0.05372323240360238,0.0039382148503795235,73487,28572,-0.05372323240360238,non_overlapping,observed,all_eligible
no_retests,10,3,other,under_pressure,172,0.4069767441860465,0.5930232558139535,2.875,0.056041195041715945,-0.059819157032284596,-0.004892437098050783,73487,28572,-0.059819157032284596,non_overlapping,observed,all_eligible
no_retests,10,3,other,uptrend,377,0.40583554376657827,0.5941644562334217,3.1474654377880182,0.05091620402784964,-0.050635996048487564,-0.0031447392757537537,73487,28572,-0.050635996048487564,non_overlapping,observed,all_eligible
no_retests,10,3,semiconductor,acute_selloff,20,0.3,0.7,3.7777777777777777,0.06499511959166046,-0.06654788197192796,0.00813318761673416,40225,16969,-0.06654788197192796,non_overlapping,observed,all_eligible
no_retests,10,3,semiconductor,correction,172,0.36627906976744184,0.6337209302325582,2.4754098360655736,0.09300832994156435,-0.07710158823961828,0.018203058715834917,40225,16969,-0.07710158823961828,non_overlapping,observed,all_eligible
no_retests,10,3,semiconductor,range_bound,164,0.3719512195121951,0.6280487804878049,1.8333333333333333,0.08900319650188411,-0.06931585298527512,0.0045317205873208494,40225,16969,-0.06931585298527512,non_overlapping,observed,all_eligible
no_retests,10,3,semiconductor,under_pressure,87,0.40229885057471265,0.5977011494252874,1.9166666666666667,0.07080146990007025,-0.06889127103804633,-0.0020450034758567066,40225,16969,-0.06889127103804633,non_overlapping,observed,all_eligible
no_retests,10,3,semiconductor,uptrend,239,0.37656903765690375,0.6234309623430963,2.530201342281879,0.06885777690041696,-0.06106708080863443,0.001195620429588039,40225,16969,-0.06106708080863443,non_overlapping,observed,all_eligible
no_retests,10,3,software,acute_selloff,37,0.2972972972972973,0.7027027027027027,2.3548387096774195,0.11398938387459956,-0.09808273704775944,0.02765047855543738,65214,30391,-0.09808273704775944,non_overlapping,observed,all_eligible
no_retests,10,3,software,correction,354,0.3502824858757062,0.6497175141242938,2.268,0.08258063752033139,-0.09322225694086031,-0.008077633296554842,65214,30391,-0.09322225694086031,non_overlapping,observed,all_eligible
no_retests,10,3,software,range_bound,273,0.41025641025641024,0.5897435897435898,2.011111111111111,0.08896822648463278,-0.07548486972637207,-0.0014727076905442613,65214,30391,-0.07548486972637207,non_overlapping,observed,all_eligible
no_retests,10,3,software,under_pressure,161,0.391304347826087,0.6086956521739131,2.2884615384615383,0.07365080808189911,-0.0750417291264617,-0.010526679608406298,65214,30391,-0.0750417291264617,non_overlapping,observed,all_eligible
no_retests,10,3,software,uptrend,433,0.4133949191685912,0.5866050808314087,2.38671875,0.08035649266041756,-0.06584825585627176,-0.000850138342285969,65214,30391,-0.06584825585627176,non_overlapping,observed,all_eligible
no_retests,10,4,other,acute_selloff,3,0.3333333333333333,0.6666666666666666,3.6666666666666665,0.08164465607953623,-0.04058386772273326,0.05428390184385634,73487,28572,-0.04058386772273326,non_overlapping,observed,all_eligible
no_retests,10,4,other,correction,75,0.48,0.52,3.6122448979591835,0.06181872387380106,-0.04453813911933215,0.03093363678030575,73487,28572,-0.04453813911933215,non_overlapping,observed,all_eligible
no_retests,10,4,other,range_bound,81,0.48148148148148145,0.5185185185185185,2.5,0.05570355213296385,-0.04216501728216586,0.00988746390978978,73487,28572,-0.04216501728216586,non_overlapping,observed,all_eligible
no_retests,10,4,other,under_pressure,311,0.37942122186495175,0.6205787781350482,2.9058823529411764,0.047063724221747205,-0.05593122209440533,-0.009202427539230916,73487,28572,-0.05593122209440533,non_overlapping,observed,all_eligible
no_retests,10,4,other,uptrend,843,0.4389086595492289,0.561091340450771,2.9073359073359075,0.0637848823261423,-0.04515568071153987,0.017002339173809007,73487,28572,-0.04515568071153987,non_overlapping,observed,all_eligible
no_retests,10,4,semiconductor,acute_selloff,1,1.0,0.0,0.0,0.1310344827586205,-0.02758620689655178,0.096551724137931,40225,16969,-0.02758620689655178,non_overlapping,observed,all_eligible
no_retests,10,4,semiconductor,correction,13,0.5384615384615384,0.46153846153846156,1.5833333333333333,0.11058280479989636,-0.03253744275827597,0.07458076801663523,40225,16969,-0.03253744275827597,non_overlapping,observed,all_eligible
no_retests,10,4,semiconductor,range_bound,36,0.25,0.75,2.263157894736842,0.06928937265301371,-0.0830020301950853,-0.013056255700963451,40225,16969,-0.0830020301950853,non_overlapping,observed,all_eligible
no_retests,10,4,semiconductor,under_pressure,160,0.3,0.7,1.8877551020408163,0.06595396953780493,-0.08553153052970933,-0.019601786502874453,40225,16969,-0.08553153052970933,non_overlapping,observed,all_eligible
no_retests,10,4,semiconductor,uptrend,476,0.38235294117647056,0.6176470588235294,2.6559485530546625,0.08567544597917133,-0.0609621393180077,0.020892888666042785,40225,16969,-0.0609621393180077,non_overlapping,observed,all_eligible
no_retests,10,4,software,acute_selloff,6,0.8333333333333334,0.16666666666666666,5.333333333333333,0.1681503349711533,-0.04139744359066346,0.13543493966300382,65214,30391,-0.04139744359066346,non_overlapping,observed,all_eligible
no_retests,10,4,software,correction,63,0.5873015873015873,0.4126984126984127,2.391304347826087,0.08446097630114201,-0.04762070113707493,0.040039291205980355,65214,30391,-0.04762070113707493,non_overlapping,observed,all_eligible
no_retests,10,4,software,range_bound,109,0.5229357798165137,0.47706422018348627,2.9130434782608696,0.0655940817060478,-0.04819102344765787,0.010355832673851834,65214,30391,-0.04819102344765787,non_overlapping,observed,all_eligible
no_retests,10,4,software,under_pressure,317,0.42586750788643535,0.5741324921135647,2.2205882352941178,0.07580406831756059,-0.06770428920690147,0.0001656457738016536,65214,30391,-0.06770428920690147,non_overlapping,observed,all_eligible
no_retests,10,4,software,uptrend,934,0.4207708779443255,0.5792291220556746,2.7702060221870046,0.08476697263161793,-0.05959633016708161,0.01852259368021439,65214,30391,-0.05959633016708161,non_overlapping,observed,all_eligible
no_retests,10,5,other,acute_selloff,7,0.2857142857142857,0.7142857142857143,1.75,0.07383650061474493,-0.08932289397875678,-0.023415279628018624,73487,28572,-0.08932289397875678,non_overlapping,observed,all_eligible
no_retests,10,5,other,correction,107,0.4392523364485981,0.5607476635514018,2.6515151515151514,0.06584959199022736,-0.08320452571261795,-0.003949369951775043,73487,28572,-0.08320452571261795,non_overlapping,observed,all_eligible
no_retests,10,5,other,range_bound,63,0.49206349206349204,0.5079365079365079,2.142857142857143,0.06901791283726662,-0.04749284055189893,0.011400208374437613,73487,28572,-0.04749284055189893,non_overlapping,observed,all_eligible
no_retests,10,5,other,under_pressure,419,0.45823389021479716,0.5417661097852029,2.3440860215053765,0.06902843184028624,-0.059217687113313294,0.0055656995802387,73487,28572,-0.059217687113313294,non_overlapping,observed,all_eligible
no_retests,10,5,other,uptrend,845,0.3609467455621302,0.6390532544378699,2.942231075697211,0.0697750183366842,-0.0572363787781748,0.013188803880766008,73487,28572,-0.0572363787781748,non_overlapping,observed,all_eligible
no_retests,10,5,semiconductor,acute_selloff,4,0.25,0.75,1.0,0.09956420165195423,-0.12416980577220069,-0.0573391477208042,40225,16969,-0.12416980577220069,non_overlapping,observed,all_eligible
no_retests,10,5,semiconductor,correction,53,0.3584905660377358,0.6415094339622641,2.7111111111111112,0.10028890755728832,-0.10996107198188963,0.02355799712243184,40225,16969,-0.10996107198188963,non_overlapping,observed,all_eligible
no_retests,10,5,semiconductor,range_bound,30,0.7333333333333333,0.26666666666666666,1.9310344827586208,0.2411848903035763,-0.05322833017774573,0.13206025981907338,40225,16969,-0.05322833017774573,non_overlapping,observed,all_eligible
no_retests,10,5,semiconductor,under_pressure,201,0.4527363184079602,0.5472636815920398,1.6283783783783783,0.14074472958383222,-0.09353890293359042,0.035147245853025894,40225,16969,-0.09353890293359042,non_overlapping,observed,all_eligible
no_retests,10,5,semiconductor,uptrend,559,0.39177101967799643,0.6082289803220036,2.3503649635036497,0.12692460431494912,-0.08248589934382265,0.03564040546189799,40225,16969,-0.08248589934382265,non_overlapping,observed,all_eligible
no_retests,10,5,software,acute_selloff,8,0.625,0.375,0.8333333333333334,0.10954021539146228,-0.05613211234404912,0.04682672300885268,65214,30391,-0.05613211234404912,non_overlapping,observed,all_eligible
no_retests,10,5,software,correction,108,0.35185185185185186,0.6481481481481481,2.5384615384615383,0.09278235669062163,-0.09500908246089936,0.016502416597380127,65214,30391,-0.09500908246089936,non_overlapping,observed,all_eligible
no_retests,10,5,software,range_bound,58,0.7758620689655172,0.22413793103448276,1.7708333333333333,0.1231054826172907,-0.038478935162099256,0.05383241707353973,65214,30391,-0.038478935162099256,non_overlapping,observed,all_eligible
no_retests,10,5,software,under_pressure,323,0.43653250773993807,0.5634674922600619,2.233183856502242,0.09525848594353288,-0.07941869063732895,0.005616492788613205,65214,30391,-0.07941869063732895,non_overlapping,observed,all_eligible
no_retests,10,5,software,uptrend,880,0.36022727272727273,0.6397727272727273,2.6305970149253732,0.1028390442706824,-0.07609875497162627,0.01831281931643077,65214,30391,-0.07609875497162627,non_overlapping,observed,all_eligible
no_retests,20,1,other,acute_selloff,6,0.5,0.5,2.5,0.08811333227965183,-0.1026193758470037,0.024452411351124064,73487,28572,-0.1026193758470037,non_overlapping,observed,all_eligible
no_retests,20,1,other,correction,92,0.33695652173913043,0.6630434782608695,4.216666666666667,0.06452963686777946,-0.0762853926955284,-0.005109705386576661,73487,28572,-0.0762853926955284,non_overlapping,observed,all_eligible
no_retests,20,1,other,range_bound,66,0.45454545454545453,0.5454545454545454,4.283018867924528,0.0799513079890981,-0.05523479470938987,0.02081352829416632,73487,28572,-0.05523479470938987,non_overlapping,observed,all_eligible
no_retests,20,1,other,under_pressure,144,0.2916666666666667,0.7083333333333334,5.364583333333333,0.06541124150659866,-0.06593858281016379,0.0026709277775696797,73487,28572,-0.06593858281016379,non_overlapping,observed,all_eligible
no_retests,20,1,other,uptrend,316,0.27848101265822783,0.7215189873417721,4.434146341463415,0.06321916896769511,-0.06739737675590356,-0.007768051579808023,73487,28572,-0.06739737675590356,non_overlapping,observed,all_eligible
no_retests,20,1,semiconductor,acute_selloff,3,0.3333333333333333,0.6666666666666666,4.666666666666667,0.11371860932698559,-0.07972430372560295,0.07944069110291307,40225,16969,-0.07972430372560295,non_overlapping,observed,all_eligible
no_retests,20,1,semiconductor,correction,33,0.2727272727272727,0.7272727272727273,4.8076923076923075,0.1052829792209536,-0.09957912273263626,0.008122033805741929,40225,16969,-0.09957912273263626,non_overlapping,observed,all_eligible
no_retests,20,1,semiconductor,range_bound,48,0.4375,0.5625,2.926829268292683,0.13117731792727336,-0.053717110735700985,0.06845523522422174,40225,16969,-0.053717110735700985,non_overlapping,observed,all_eligible
no_retests,20,1,semiconductor,under_pressure,53,0.2830188679245283,0.7169811320754716,5.175,0.10783079152183658,-0.11039371844147296,-0.005545384346359432,40225,16969,-0.11039371844147296,non_overlapping,observed,all_eligible
no_retests,20,1,semiconductor,uptrend,178,0.20786516853932585,0.7921348314606742,4.568,0.0853937444662755,-0.08977212647874253,-0.012359940620357158,40225,16969,-0.08977212647874253,non_overlapping,observed,all_eligible
no_retests,20,1,software,acute_selloff,2,0.5,0.5,0.0,0.15620971441741438,-0.07132462317227906,0.016221470161357443,65214,30391,-0.07132462317227906,non_overlapping,observed,all_eligible
no_retests,20,1,software,correction,58,0.27586206896551724,0.7241379310344828,4.458333333333333,0.09470753428594954,-0.09585718450990624,0.0275720137896308,65214,30391,-0.09585718450990624,non_overlapping,observed,all_eligible
no_retests,20,1,software,range_bound,57,0.47368421052631576,0.5263157894736842,4.142857142857143,0.08181825353624841,-0.07904216423796971,0.0073000352619613205,65214,30391,-0.07904216423796971,non_overlapping,observed,all_eligible
no_retests,20,1,software,under_pressure,101,0.3465346534653465,0.6534653465346535,4.829268292682927,0.09152228267332285,-0.08695227502130558,0.019021087009724255,65214,30391,-0.08695227502130558,non_overlapping,observed,all_eligible
no_retests,20,1,software,uptrend,239,0.37656903765690375,0.6234309623430963,4.578651685393258,0.15999037125300222,-0.07745436027179207,0.046667963794484436,65214,30391,-0.07745436027179207,non_overlapping,observed,all_eligible
no_retests,20,2,other,acute_selloff,18,0.3333333333333333,0.6666666666666666,1.3571428571428572,0.15631963096134227,-0.14230810644519856,0.048267165659083774,73487,28572,-0.14230810644519856,non_overlapping,observed,all_eligible
no_retests,20,2,other,correction,50,0.4,0.6,4.904761904761905,0.14373758698080968,-0.0946149819044826,0.05943471859828055,73487,28572,-0.0946149819044826,non_overlapping,observed,all_eligible
no_retests,20,2,other,range_bound,19,0.42105263157894735,0.5789473684210527,5.75,0.11392135183825884,-0.0733414046911713,0.02002830009085569,73487,28572,-0.0733414046911713,non_overlapping,observed,all_eligible
no_retests,20,2,other,under_pressure,98,0.46938775510204084,0.5306122448979592,4.867469879518072,0.10532052894346902,-0.05160423086612514,0.03498575728089318,73487,28572,-0.05160423086612514,non_overlapping,observed,all_eligible
no_retests,20,2,other,uptrend,486,0.3559670781893004,0.6440329218106996,5.081232492997199,0.12414538044188993,-0.0799133099554196,0.028937105834090895,73487,28572,-0.0799133099554196,non_overlapping,observed,all_eligible
no_retests,20,2,semiconductor,acute_selloff,12,0.0,1.0,5.363636363636363,0.2755842008790436,-0.16552545009014355,0.2115126033783475,40225,16969,-0.16552545009014355,non_overlapping,observed,all_eligible
no_retests,20,2,semiconductor,correction,22,0.45454545454545453,0.5454545454545454,3.55,0.16516044352248957,-0.09632406382427786,0.08563082654012892,40225,16969,-0.09632406382427786,non_overlapping,observed,all_eligible
no_retests,20,2,semiconductor,range_bound,17,0.35294117647058826,0.6470588235294118,3.6666666666666665,0.2081424458245465,-0.06813497483096842,0.0968745154521167,40225,16969,-0.06813497483096842,non_overlapping,observed,all_eligible
no_retests,20,2,semiconductor,under_pressure,49,0.3469387755102041,0.6530612244897959,3.7837837837837838,0.11530450568888993,-0.08282430177331324,0.03703247170877224,40225,16969,-0.08282430177331324,non_overlapping,observed,all_eligible
no_retests,20,2,semiconductor,uptrend,283,0.2968197879858657,0.7031802120141343,4.8842592592592595,0.11336110539690186,-0.08985606314724603,0.02632787396758087,40225,16969,-0.08985606314724603,non_overlapping,observed,all_eligible
no_retests,20,2,software,acute_selloff,19,0.15789473684210525,0.8421052631578947,3.8125,0.18458807383688514,-0.212178582330252,0.015618590872859054,65214,30391,-0.212178582330252,non_overlapping,observed,all_eligible
no_retests,20,2,software,correction,36,0.5555555555555556,0.4444444444444444,3.3548387096774195,0.1854458500619388,-0.10753782393768513,0.05421398530026464,65214,30391,-0.10753782393768513,non_overlapping,observed,all_eligible
no_retests,20,2,software,range_bound,20,0.6,0.4,4.0588235294117645,0.14194916827748566,-0.05408619874033196,0.0810969522344594,65214,30391,-0.05408619874033196,non_overlapping,observed,all_eligible
no_retests,20,2,software,under_pressure,74,0.33783783783783783,0.6621621621621622,5.078125,0.1297862356033675,-0.0913975648365292,0.026269787260794375,65214,30391,-0.0913975648365292,non_overlapping,observed,all_eligible
no_retests,20,2,software,uptrend,413,0.3026634382566586,0.6973365617433414,4.546925566343042,0.15469399813734286,-0.09276309714693297,0.023701591256658945,65214,30391,-0.09276309714693297,non_overlapping,observed,all_eligible
no_retests,20,3,other,acute_selloff,34,0.38235294117647056,0.6176470588235294,3.096774193548387,0.11398120901851982,-0.07165234181781222,0.02758161098635388,73487,28572,-0.07165234181781222,non_overlapping,observed,all_eligible
no_retests,20,3,other,correction,196,0.23979591836734693,0.7602040816326531,4.323943661971831,0.0943903217886305,-0.10140047461748224,0.004892291307765703,73487,28572,-0.10140047461748224,non_overlapping,observed,all_eligible
no_retests,20,3,other,range_bound,125,0.304,0.696,3.7473684210526317,0.09513569424023219,-0.07712855857406582,-0.0018667905335249077,73487,28572,-0.07712855857406582,non_overlapping,observed,all_eligible
no_retests,20,3,other,under_pressure,98,0.25510204081632654,0.7448979591836735,5.380281690140845,0.07874535395686766,-0.08768962593400247,-0.010796996035886785,73487,28572,-0.08768962593400247,non_overlapping,observed,all_eligible
no_retests,20,3,other,uptrend,198,0.25252525252525254,0.7474747474747475,4.856115107913669,0.06715668064258168,-0.07390805865699354,-0.006961600720781033,73487,28572,-0.07390805865699354,non_overlapping,observed,all_eligible
no_retests,20,3,semiconductor,acute_selloff,11,0.0,1.0,5.454545454545454,0.09671099133707611,-0.09617136663349107,0.00871919201502454,40225,16969,-0.09617136663349107,non_overlapping,observed,all_eligible
no_retests,20,3,semiconductor,correction,90,0.28888888888888886,0.7111111111111111,3.864864864864865,0.14740073093000336,-0.1046719977060512,0.0362195950089136,40225,16969,-0.1046719977060512,non_overlapping,observed,all_eligible
no_retests,20,3,semiconductor,range_bound,74,0.2972972972972973,0.7027027027027027,2.0701754385964914,0.09778544726364959,-0.10119482613065658,-0.022373775243586462,40225,16969,-0.10119482613065658,non_overlapping,observed,all_eligible
no_retests,20,3,semiconductor,under_pressure,36,0.3888888888888889,0.6111111111111112,2.769230769230769,0.1199778818162926,-0.08489218155557667,0.024489347579714674,40225,16969,-0.08489218155557667,non_overlapping,observed,all_eligible
no_retests,20,3,semiconductor,uptrend,143,0.27972027972027974,0.7202797202797203,3.7549019607843137,0.09327470078977382,-0.08496785147031147,-0.0031533834957788503,40225,16969,-0.08496785147031147,non_overlapping,observed,all_eligible
no_retests,20,3,software,acute_selloff,17,0.17647058823529413,0.8235294117647058,2.066666666666667,0.20127888030845179,-0.1708473275333174,-0.06080245398810827,65214,30391,-0.1708473275333174,non_overlapping,observed,all_eligible
no_retests,20,3,software,correction,177,0.22598870056497175,0.7740112994350282,3.5785714285714287,0.11906318980555948,-0.1295072790757027,-0.010926553828260223,65214,30391,-0.1295072790757027,non_overlapping,observed,all_eligible
no_retests,20,3,software,range_bound,132,0.25,0.75,2.6153846153846154,0.09584049782329973,-0.12081537135196009,-0.050086328790643564,65214,30391,-0.12081537135196009,non_overlapping,observed,all_eligible
no_retests,20,3,software,under_pressure,92,0.2826086956521739,0.717391304347826,3.373134328358209,0.12929539852286,-0.10067129005216921,0.016512523530290545,65214,30391,-0.10067129005216921,non_overlapping,observed,all_eligible
no_retests,20,3,software,uptrend,235,0.2978723404255319,0.7021276595744681,3.6037735849056602,0.11756265416137893,-0.09092105356503731,0.0003194963315918008,65214,30391,-0.09092105356503731,non_overlapping,observed,all_eligible
no_retests,20,4,other,correction,36,0.3333333333333333,0.6666666666666666,5.741935483870968,0.08839247480203988,-0.05994126122667551,0.022405713811899007,73487,28572,-0.05994126122667551,non_overlapping,observed,all_eligible
no_retests,20,4,other,range_bound,45,0.4444444444444444,0.5555555555555556,4.621621621621622,0.09722468716174054,-0.05381612716615181,0.04752685866171657,73487,28572,-0.05381612716615181,non_overlapping,observed,all_eligible
no_retests,20,4,other,under_pressure,159,0.31446540880503143,0.6855345911949685,4.523809523809524,0.07322484944105138,-0.06741550378308095,0.009391283275147577,73487,28572,-0.06741550378308095,non_overlapping,observed,all_eligible
no_retests,20,4,other,uptrend,435,0.32413793103448274,0.6758620689655173,4.67076923076923,0.09770224524434232,-0.07022370686426353,0.017370398974955528,73487,28572,-0.07022370686426353,non_overlapping,observed,all_eligible
no_retests,20,4,semiconductor,acute_selloff,1,1.0,0.0,0.0,0.2068965517241379,-0.02758620689655178,0.11310344827586216,40225,16969,-0.02758620689655178,non_overlapping,observed,all_eligible
no_retests,20,4,semiconductor,correction,5,0.6,0.4,1.0,0.18054165525043886,-0.04250083317687103,0.08734100766395499,40225,16969,-0.04250083317687103,non_overlapping,observed,all_eligible
no_retests,20,4,semiconductor,range_bound,19,0.21052631578947367,0.7894736842105263,3.1666666666666665,0.09459581969636034,-0.11756959844233347,-0.01993767127389135,40225,16969,-0.11756959844233347,non_overlapping,observed,all_eligible
no_retests,20,4,semiconductor,under_pressure,83,0.24096385542168675,0.7590361445783133,3.3793103448275863,0.11034516112159357,-0.11948089504066514,-0.0040326975359164016,40225,16969,-0.11948089504066514,non_overlapping,observed,all_eligible
no_retests,20,4,semiconductor,uptrend,249,0.26104417670682734,0.7389558232931727,4.333333333333333,0.12991073311415868,-0.08930936776572637,0.02839845514616856,40225,16969,-0.08930936776572637,non_overlapping,observed,all_eligible
no_retests,20,4,software,acute_selloff,3,1.0,0.0,5.333333333333333,0.12204176943514884,-0.04287820421685259,0.030221325886996036,65214,30391,-0.04287820421685259,non_overlapping,observed,all_eligible
no_retests,20,4,software,correction,31,0.41935483870967744,0.5806451612903226,4.5,0.08121521318448678,-0.06361209509004771,0.014341318476965938,65214,30391,-0.06361209509004771,non_overlapping,observed,all_eligible
no_retests,20,4,software,range_bound,57,0.3508771929824561,0.6491228070175439,4.7073170731707314,0.15265788136369576,-0.06890924222512769,0.09117005694624408,65214,30391,-0.06890924222512769,non_overlapping,observed,all_eligible
no_retests,20,4,software,under_pressure,162,0.3395061728395062,0.6604938271604939,3.1848739495798317,0.11557344797650654,-0.0919191961418021,0.014898372213577924,65214,30391,-0.0919191961418021,non_overlapping,observed,all_eligible
no_retests,20,4,software,uptrend,488,0.32991803278688525,0.6700819672131147,4.158441558441559,0.13261338891946284,-0.08420044294098056,0.03161365472206027,65214,30391,-0.08420044294098056,non_overlapping,observed,all_eligible
no_retests,20,5,other,acute_selloff,2,0.0,1.0,10.0,0.017055929126909897,-0.13321067503095435,-0.02954586346718374,73487,28572,-0.13321067503095435,non_overlapping,observed,all_eligible
no_retests,20,5,other,correction,55,0.2909090909090909,0.7090909090909091,4.1395348837209305,0.11072767684186506,-0.10426101599689575,0.01807572424732844,73487,28572,-0.10426101599689575,non_overlapping,observed,all_eligible
no_retests,20,5,other,range_bound,33,0.36363636363636365,0.6363636363636364,5.346153846153846,0.1158538422329736,-0.07102702661567355,0.02570494289043692,73487,28572,-0.07102702661567355,non_overlapping,observed,all_eligible
no_retests,20,5,other,under_pressure,191,0.3403141361256545,0.6596858638743456,3.5142857142857142,0.1000394342856283,-0.08755958902838512,0.004786912769186781,73487,28572,-0.08755958902838512,non_overlapping,observed,all_eligible
no_retests,20,5,other,uptrend,442,0.2828054298642534,0.7171945701357466,4.776729559748428,0.10968373954165923,-0.07713419500647029,0.031738809365324056,73487,28572,-0.07713419500647029,non_overlapping,observed,all_eligible
no_retests,20,5,semiconductor,acute_selloff,1,1.0,0.0,1.0,0.20151515151515142,-0.1433333333333333,0.025151515151515147,40225,16969,-0.1433333333333333,non_overlapping,observed,all_eligible
no_retests,20,5,semiconductor,correction,29,0.27586206896551724,0.7241379310344828,3.3333333333333335,0.18089890939006803,-0.14195449039501057,0.05955884978431877,40225,16969,-0.14195449039501057,non_overlapping,observed,all_eligible
no_retests,20,5,semiconductor,range_bound,11,0.7272727272727273,0.2727272727272727,3.1818181818181817,0.3128263627661706,-0.05121693010714546,0.24995925720362172,40225,16969,-0.05121693010714546,non_overlapping,observed,all_eligible
no_retests,20,5,semiconductor,under_pressure,92,0.391304347826087,0.6086956521739131,2.6578947368421053,0.2238432407928144,-0.1106251945140682,0.08269766541071888,40225,16969,-0.1106251945140682,non_overlapping,observed,all_eligible
no_retests,20,5,semiconductor,uptrend,295,0.31186440677966104,0.688135593220339,3.654008438818565,0.1931270731398414,-0.1076363627422405,0.06711385764892969,40225,16969,-0.1076363627422405,non_overlapping,observed,all_eligible
no_retests,20,5,software,acute_selloff,3,0.6666666666666666,0.3333333333333333,4.0,0.2708063567014755,-0.059498060646786345,0.17590888322146733,65214,30391,-0.059498060646786345,non_overlapping,observed,all_eligible
no_retests,20,5,software,correction,53,0.32075471698113206,0.6792452830188679,3.5,0.1813387120449202,-0.11177998972932819,0.0946331928894466,65214,30391,-0.11177998972932819,non_overlapping,observed,all_eligible
no_retests,20,5,software,range_bound,32,0.65625,0.34375,2.7,0.16008652999638978,-0.07701574581764012,0.03177570631877841,65214,30391,-0.07701574581764012,non_overlapping,observed,all_eligible
no_retests,20,5,software,under_pressure,151,0.2781456953642384,0.7218543046357616,3.4684684684684686,0.14436540242324608,-0.11994387352232733,0.010478685071981462,65214,30391,-0.11994387352232733,non_overlapping,observed,all_eligible
no_retests,20,5,software,uptrend,456,0.2741228070175439,0.7258771929824561,4.172205438066465,0.18274430614334788,-0.1037309119116235,0.04636833389592786,65214,30391,-0.1037309119116235,non_overlapping,observed,all_eligible
baseline,5,1,other,all,5222,0.5697050938337802,0.43029490616621985,1.7588206863218947,0.03145172874820495,-0.031151688039549888,0.0007648770060142175,151384,8303,-0.031151688039549888,non_overlapping,all,all_eligible
baseline,5,1,semiconductor,all,2472,0.5303398058252428,0.4696601941747573,1.5353697749196142,0.04333307274578062,-0.04063535436005329,0.0021404479110057398,73886,4936,-0.04063535436005329,non_overlapping,all,all_eligible
baseline,5,1,software,all,3785,0.5910171730515191,0.40898282694848087,1.7004581901489118,0.04424811800255165,-0.037185185051274404,0.009430042228623597,131931,8995,-0.037185185051274404,non_overlapping,all,all_eligible
baseline,5,2,other,all,4740,0.5875527426160337,0.41244725738396626,1.6441913439635536,0.0435011809656327,-0.037734460889361415,0.005704374455970264,151384,8303,-0.037734460889361415,non_overlapping,all,all_eligible
baseline,5,2,semiconductor,all,2441,0.556739041376485,0.44326095862351494,1.3857251328777525,0.05033959998424563,-0.0426887851797577,0.007152332887025218,73886,4936,-0.0426887851797577,non_overlapping,all,all_eligible
baseline,5,2,software,all,4087,0.5703449963298263,0.42965500367017373,1.5766990291262135,0.04884580204394122,-0.041394705432250864,0.008850149014466648,131931,8995,-0.041394705432250864,non_overlapping,all,all_eligible
baseline,5,3,other,all,5068,0.5301894238358327,0.4698105761641673,1.580672626649638,0.03852459725726956,-0.038092774914320095,0.0010892239819762046,151384,8303,-0.038092774914320095,non_overlapping,all,all_eligible
baseline,5,3,semiconductor,all,2584,0.4794891640866873,0.5205108359133127,1.331373989713446,0.04965618239835708,-0.04728913595090085,0.0020789203529020367,73886,4936,-0.04728913595090085,non_overlapping,all,all_eligible
baseline,5,3,software,all,4791,0.4946775203506575,0.5053224796493425,1.4014026402640265,0.04941828860368262,-0.05031754894624008,-0.0017670434354161062,131931,8995,-0.05031754894624008,non_overlapping,all,all_eligible
baseline,5,4,other,all,5615,0.5611754229741763,0.43882457702582367,1.7098947368421054,0.03495332221210079,-0.03180333664598546,0.00231803166110888,151384,8303,-0.03180333664598546,non_overlapping,all,all_eligible
baseline,5,4,semiconductor,all,2787,0.5077143882310728,0.49228561176892716,1.3987206823027718,0.04777447591822272,-0.04499628847454298,0.0006858114319283746,73886,4936,-0.04499628847454298,non_overlapping,all,all_eligible
baseline,5,4,software,all,5581,0.5579645224870095,0.4420354775129905,1.6097006441834028,0.04283280846304611,-0.03697245189517615,0.00420428187986369,131931,8995,-0.03697245189517615,non_overlapping,all,all_eligible
baseline,5,5,other,all,5453,0.5558408215661104,0.4441591784338896,1.5876910699919549,0.03997103663170194,-0.03661482538606287,0.003701752793167059,151384,8303,-0.03661482538606287,non_overlapping,all,all_eligible
baseline,5,5,semiconductor,all,2468,0.5251215559157212,0.47487844408427876,1.3218390804597702,0.07046522313609199,-0.055747993172979994,0.012368698414011755,73886,4936,-0.055747993172979994,non_overlapping,all,all_eligible
baseline,5,5,software,all,5289,0.5061448288901493,0.4938551711098506,1.4095013741656852,0.050176926775038704,-0.0471381065024726,0.001562789291492998,131931,8995,-0.0471381065024726,non_overlapping,all,all_eligible
baseline,10,1,other,all,2627,0.43928435477731254,0.5607156452226875,3.075261324041812,0.04589385258133691,-0.04481516143851717,0.001614582087548365,151384,8303,-0.04481516143851717,non_overlapping,all,all_eligible
baseline,10,1,semiconductor,all,1247,0.4202085004009623,0.5797914995990376,2.539900249376559,0.06355038061266038,-0.05961166768443741,0.0035373492229653332,73886,4936,-0.05961166768443741,non_overlapping,all,all_eligible
baseline,10,1,software,all,1906,0.4695697796432319,0.5304302203567681,2.997413793103448,0.06738214506322313,-0.05374814754346213,0.01822275110923255,131931,8995,-0.05374814754346213,non_overlapping,all,all_eligible
baseline,10,2,other,all,2392,0.4765886287625418,0.5234113712374582,2.938679245283019,0.06565552297244397,-0.05319684335051247,0.011768229779246514,151384,8303,-0.05319684335051247,non_overlapping,all,all_eligible
baseline,10,2,semiconductor,all,1229,0.45728234336859236,0.5427176566314077,2.569428238039673,0.0806369191234654,-0.059789664068894126,0.019269816790214004,73886,4936,-0.059789664068894126,non_overlapping,all,all_eligible
baseline,10,2,software,all,2062,0.4713870029097963,0.5286129970902037,2.8173285198555957,0.08074053700506519,-0.05761748738385671,0.0200358353235448,131931,8995,-0.05761748738385671,non_overlapping,all,all_eligible
baseline,10,3,other,all,2558,0.39601250977326036,0.6039874902267396,2.7605545053560174,0.05533604499348325,-0.05557187900446401,0.0007482856212330054,151384,8303,-0.05557187900446401,non_overlapping,all,all_eligible
baseline,10,3,semiconductor,all,1304,0.3504601226993865,0.6495398773006135,2.3616279069767443,0.0724876129357168,-0.06886778889484939,0.0009029605677309675,73886,4936,-0.06886778889484939,non_overlapping,all,all_eligible
baseline,10,3,software,all,2417,0.37567232105916426,0.6243276789408357,2.431891542930923,0.07280204114066662,-0.07235941539800743,-0.003457252618628334,131931,8995,-0.07235941539800743,non_overlapping,all,all_eligible
baseline,10,4,other,all,2829,0.43124779073877695,0.568752209261223,3.212829736211031,0.05207825894877185,-0.045362826145669624,0.006602353695907395,151384,8303,-0.045362826145669624,non_overlapping,all,all_eligible
baseline,10,4,semiconductor,all,1408,0.37855113636363635,0.6214488636363636,2.4966887417218544,0.07386522408441082,-0.06521147036559959,0.0041256549666947055,73886,4936,-0.06521147036559959,non_overlapping,all,all_eligible
baseline,10,4,software,all,2811,0.43223052294557096,0.567769477054429,2.888888888888889,0.06633971139970408,-0.05313331779651359,0.011823323843075662,131931,8995,-0.05313331779651359,non_overlapping,all,all_eligible
baseline,10,5,other,all,2713,0.4305197198673056,0.5694802801326945,2.9541939321832245,0.060346704905692605,-0.05240785761059975,0.007292760378276845,151384,8303,-0.05240785761059975,non_overlapping,all,all_eligible
baseline,10,5,semiconductor,all,1231,0.43135662063363117,0.5686433793663688,2.207464324917673,0.11472799447229126,-0.07493764991400254,0.029426028392080493,73886,4936,-0.07493764991400254,non_overlapping,all,all_eligible
baseline,10,5,software,all,2644,0.3710287443267776,0.6289712556732224,2.5113011606597433,0.0780734693706568,-0.06748369959990723,0.006467391929574905,131931,8995,-0.06748369959990723,non_overlapping,all,all_eligible
baseline,20,1,other,all,1334,0.3313343328335832,0.6686656671664168,5.041170097508125,0.06735350511120837,-0.06259325873344963,0.0036076115728619373,151384,8303,-0.06259325873344963,non_overlapping,all,all_eligible
baseline,20,1,semiconductor,all,635,0.30866141732283464,0.6913385826771653,4.394366197183099,0.09637817653339785,-0.08183941966088437,0.012041508859224068,73886,4936,-0.08183941966088437,non_overlapping,all,all_eligible
baseline,20,1,software,all,968,0.3419421487603306,0.6580578512396694,4.833333333333333,0.10971769731795314,-0.07535387268735261,0.02515937241977554,131931,8995,-0.07535387268735261,non_overlapping,all,all_eligible
baseline,20,2,other,all,1215,0.36378600823045265,0.6362139917695473,5.08075221238938,0.11057876311110537,-0.07832332309272126,0.029012101221086377,151384,8303,-0.07832332309272126,non_overlapping,all,all_eligible
baseline,20,2,semiconductor,all,627,0.3763955342902711,0.6236044657097288,4.218253968253968,0.12360057259724173,-0.0817851391812266,0.034008339494265176,73886,4936,-0.0817851391812266,non_overlapping,all,all_eligible
baseline,20,2,software,all,1048,0.36927480916030536,0.6307251908396947,4.364764267990075,0.11363139505157323,-0.08153652056877575,0.03126714597033536,131931,8995,-0.08153652056877575,non_overlapping,all,all_eligible
baseline,20,3,other,all,1300,0.2784615384615385,0.7215384615384616,4.263440860215054,0.08112094819068122,-0.07928758843085192,0.002823166063843319,151384,8303,-0.07928758843085192,non_overlapping,all,all_eligible
baseline,20,3,semiconductor,all,666,0.24924924924924924,0.7507507507507507,3.931174089068826,0.10887880471552785,-0.09727288239415058,0.008927678069300607,73886,4936,-0.09727288239415058,non_overlapping,all,all_eligible
baseline,20,3,software,all,1229,0.2701383238405207,0.7298616761594793,3.796008869179601,0.10922661640499867,-0.10367685874874973,-0.00306426949853146,131931,8995,-0.10367685874874973,non_overlapping,all,all_eligible
baseline,20,4,other,all,1433,0.322400558269365,0.677599441730635,5.271676300578035,0.07967773514640931,-0.06506193865936688,0.012660964300697276,151384,8303,-0.06506193865936688,non_overlapping,all,all_eligible
baseline,20,4,semiconductor,all,717,0.23709902370990238,0.7629009762900977,4.073937153419593,0.10832120313258674,-0.09638105977342769,0.00575602979535133,73886,4936,-0.09638105977342769,non_overlapping,all,all_eligible
baseline,20,4,software,all,1425,0.33052631578947367,0.6694736842105263,4.667889908256881,0.1066409380297704,-0.0758857739936924,0.02464977960543584,131931,8995,-0.0758857739936924,non_overlapping,all,all_eligible
baseline,20,5,other,all,1349,0.3172720533728688,0.6827279466271312,4.725099601593626,0.09904312202141577,-0.070356158009255,0.025943234837034843,151384,8303,-0.070356158009255,non_overlapping,all,all_eligible
baseline,20,5,semiconductor,all,619,0.3069466882067851,0.6930533117932148,3.39453125,0.18677384802554348,-0.10163867160402597,0.07014453723641556,73886,4936,-0.10163867160402597,non_overlapping,all,all_eligible
baseline,20,5,software,all,1321,0.2717638152914459,0.7282361847085541,3.9614181438998957,0.1313814823895753,-0.09416017192756995,0.026812625329789657,131931,8995,-0.09416017192756995,non_overlapping,all,all_eligible
baseline_plus_historical_demand,5,1,other,all,5628,0.5536602700781805,0.4463397299218195,1.764757324005247,0.031474621089979296,-0.03205827651954187,-0.00019547227520633637,168110,8195,-0.03205827651954187,non_overlapping,all,all_eligible
baseline_plus_historical_demand,5,1,semiconductor,all,2830,0.5109540636042402,0.4890459363957597,1.4857142857142858,0.04329355722510343,-0.042339876585150704,0.0007731418117552063,88937,4863,-0.042339876585150704,non_overlapping,all,all_eligible
baseline_plus_historical_demand,5,1,software,all,4188,0.5740210124164279,0.4259789875835721,1.6680161943319838,0.045164493436482864,-0.03977747506226122,0.006786232837961329,152481,8862,-0.03977747506226122,non_overlapping,all,all_eligible
baseline_plus_historical_demand,5,2,other,all,5461,0.5597875846914484,0.44021241530855154,1.6087779038970866,0.04906144077173253,-0.0412191688755475,0.006808187974595239,168110,8195,-0.0412191688755475,non_overlapping,all,all_eligible
baseline_plus_historical_demand,5,2,semiconductor,all,2976,0.5584677419354839,0.4415322580645161,1.4016990291262137,0.053379538429954264,-0.044743474040858086,0.008405107436388469,88937,4863,-0.044743474040858086,non_overlapping,all,all_eligible
baseline_plus_historical_demand,5,2,software,all,4800,0.555,0.445,1.5313253012048194,0.05470063656055529,-0.044692894467759404,0.009983394095400463,152481,8862,-0.044692894467759404,non_overlapping,all,all_eligible
baseline_plus_historical_demand,5,3,other,all,5682,0.5089757127771911,0.4910242872228089,1.5358080239970004,0.04063049403045244,-0.04002173185436007,0.0008128865216842679,168110,8195,-0.04002173185436007,non_overlapping,all,all_eligible
baseline_plus_historical_demand,5,3,semiconductor,all,3096,0.4664082687338501,0.5335917312661499,1.3210463733650417,0.0514494109553957,-0.04931804712708029,0.0015879746768846514,88937,4863,-0.04931804712708029,non_overlapping,all,all_eligible
baseline_plus_historical_demand,5,3,software,all,5682,0.4820485744456177,0.5179514255543822,1.2796495956873315,0.05425295399799106,-0.053317631831625016,-0.0020828688653234924,152481,8862,-0.053317631831625016,non_overlapping,all,all_eligible
baseline_plus_historical_demand,5,4,other,all,6170,0.540194489465154,0.45980551053484603,1.694169416941694,0.037486852643048955,-0.03301268565731916,0.0032923276516222564,168110,8195,-0.03301268565731916,non_overlapping,all,all_eligible
baseline_plus_historical_demand,5,4,semiconductor,all,3259,0.4970849953973612,0.5029150046026388,1.3646274984857663,0.05046675968863251,-0.04696376079517668,0.0018305034452439552,88937,4863,-0.04696376079517668,non_overlapping,all,all_eligible
baseline_plus_historical_demand,5,4,software,all,6397,0.5388463342191653,0.4611536657808348,1.5465879265091864,0.04723891194896442,-0.03937997805344473,0.005621879965718243,152481,8862,-0.03937997805344473,non_overlapping,all,all_eligible
baseline_plus_historical_demand,5,5,other,all,6226,0.5232894314166399,0.4767105685833601,1.5480439258750858,0.042453051410652476,-0.038885280957228104,0.0036173369159862583,168110,8195,-0.038885280957228104,non_overlapping,all,all_eligible
baseline_plus_historical_demand,5,5,semiconductor,all,3306,0.5196612220205686,0.48033877797943136,1.2375554460325284,0.078441874973885,-0.059287960323905604,0.016016458417792156,88937,4863,-0.059287960323905604,non_overlapping,all,all_eligible
baseline_plus_historical_demand,5,5,software,all,6383,0.49036503211655963,0.5096349678834404,1.386759581881533,0.056392101064602275,-0.051201930507474236,0.003497334867613302,152481,8862,-0.051201930507474236,non_overlapping,all,all_eligible
baseline_plus_historical_demand,10,1,other,all,2833,0.4373455700670667,0.5626544299329332,3.0292434837889384,0.047097662383064516,-0.046222751966117304,0.0014187810834842551,168110,8195,-0.046222751966117304,non_overlapping,all,all_eligible
baseline_plus_historical_demand,10,1,semiconductor,all,1428,0.38795518207282914,0.6120448179271709,2.6366704161979753,0.0635269921540434,-0.061465718567170216,0.0027819214131249007,88937,4863,-0.061465718567170216,non_overlapping,all,all_eligible
baseline_plus_historical_demand,10,1,software,all,2108,0.45825426944971537,0.5417457305502846,2.9522365428354815,0.06761723051900423,-0.05711278898634723,0.012610466465341657,152481,8862,-0.05711278898634723,non_overlapping,all,all_eligible
baseline_plus_historical_demand,10,2,other,all,2752,0.45130813953488375,0.5486918604651163,2.8924485125858124,0.07694928889588455,-0.05776137232369719,0.01580038638999796,168110,8195,-0.05776137232369719,non_overlapping,all,all_eligible
baseline_plus_historical_demand,10,2,semiconductor,all,1499,0.4402935290193462,0.5597064709806537,2.519321394910462,0.08134462501491245,-0.062084988090020624,0.017688266253225195,88937,4863,-0.062084988090020624,non_overlapping,all,all_eligible
baseline_plus_historical_demand,10,2,software,all,2420,0.44586776859504135,0.5541322314049587,2.712287104622871,0.08208530586973345,-0.06326781059852547,0.016441891614788897,152481,8862,-0.06326781059852547,non_overlapping,all,all_eligible
baseline_plus_historical_demand,10,3,other,all,2859,0.3781042322490381,0.6218957677509619,2.804176072234763,0.05861463982757933,-0.0584740933523142,0.0007614127309087741,168110,8195,-0.0584740933523142,non_overlapping,all,all_eligible
baseline_plus_historical_demand,10,3,semiconductor,all,1562,0.33162612035851474,0.6683738796414853,2.3490838958534233,0.07489658958095514,-0.07098863314384057,0.0027402660084990768,88937,4863,-0.07098863314384057,non_overlapping,all,all_eligible
baseline_plus_historical_demand,10,3,software,all,2863,0.3545232273838631,0.6454767726161369,2.339643050297458,0.07829864802537309,-0.07775739988171874,-0.004722853988160268,152481,8862,-0.07775739988171874,non_overlapping,all,all_eligible
baseline_plus_historical_demand,10,4,other,all,3105,0.41610305958132043,0.5838969404186796,3.0681696188942564,0.056727745451352396,-0.046850410697573217,0.008585074406038291,168110,8195,-0.046850410697573217,non_overlapping,all,all_eligible
baseline_plus_historical_demand,10,4,semiconductor,all,1641,0.38452163315051796,0.615478366849482,2.4654028436018955,0.07493508458388498,-0.06861598604936167,0.003099849245267128,88937,4863,-0.06861598604936167,non_overlapping,all,all_eligible
baseline_plus_historical_demand,10,4,software,all,3224,0.41656327543424315,0.5834367245657568,2.8034229828850856,0.07071903694881534,-0.05649507733334029,0.011359983681930693,152481,8862,-0.05649507733334029,non_overlapping,all,all_eligible
baseline_plus_historical_demand,10,5,other,all,3103,0.4041250402835965,0.5958749597164035,2.7972902553413235,0.06473026769577704,-0.05526779611992896,0.008530957858731135,168110,8195,-0.05526779611992896,non_overlapping,all,all_eligible
baseline_plus_historical_demand,10,5,semiconductor,all,1648,0.41686893203883496,0.5831310679611651,2.210353327855382,0.12283478162681936,-0.08041626460134295,0.03343658179731412,88937,4863,-0.08041626460134295,non_overlapping,all,all_eligible
baseline_plus_historical_demand,10,5,software,all,3178,0.3646947765890497,0.6353052234109503,2.5245569620253163,0.08674031919704096,-0.07297285183020472,0.009163555391626426,152481,8862,-0.07297285183020472,non_overlapping,all,all_eligible
baseline_plus_historical_demand,20,1,other,all,1433,0.33217027215631545,0.6678297278436846,5.07185628742515,0.06912330310049802,-0.06638339925305933,0.0013490699027174382,168110,8195,-0.06638339925305933,non_overlapping,all,all_eligible
baseline_plus_historical_demand,20,1,semiconductor,all,725,0.2786206896551724,0.7213793103448276,4.266159695817491,0.0932515886180724,-0.08995586951628676,0.0028891510803705184,88937,4863,-0.08995586951628676,non_overlapping,all,all_eligible
baseline_plus_historical_demand,20,1,software,all,1071,0.36507936507936506,0.6349206349206349,4.500615006150062,0.1080297166909863,-0.07787997312819159,0.022691313588843458,152481,8862,-0.07787997312819159,non_overlapping,all,all_eligible
baseline_plus_historical_demand,20,2,other,all,1398,0.34835479256080115,0.6516452074391988,4.791312559017942,0.12247435471859205,-0.08141175849630176,0.02676758624663483,168110,8195,-0.08141175849630176,non_overlapping,all,all_eligible
baseline_plus_historical_demand,20,2,semiconductor,all,758,0.34564643799472294,0.6543535620052771,4.50487012987013,0.12654785055365,-0.08549483074406494,0.03885213896170856,88937,4863,-0.08549483074406494,non_overlapping,all,all_eligible
baseline_plus_historical_demand,20,2,software,all,1230,0.359349593495935,0.640650406504065,4.289144050104384,0.13250891199448434,-0.08583040744892294,0.043918960851363965,152481,8862,-0.08583040744892294,non_overlapping,all,all_eligible
baseline_plus_historical_demand,20,3,other,all,1447,0.2847270214236351,0.7152729785763648,4.424329501915709,0.08399885953386613,-0.08298060006702057,0.002602595017523822,168110,8195,-0.08298060006702057,non_overlapping,all,all_eligible
baseline_plus_historical_demand,20,3,semiconductor,all,793,0.23076923076923078,0.7692307692307693,3.8066666666666666,0.10859895584291146,-0.09890894168481015,0.007227772429371816,88937,4863,-0.09890894168481015,non_overlapping,all,all_eligible
baseline_plus_historical_demand,20,3,software,all,1454,0.24621733149931224,0.7537826685006878,3.7108208955223883,0.11062688372614388,-0.11072297402818285,-0.01147860704422453,152481,8862,-0.11072297402818285,non_overlapping,all,all_eligible
baseline_plus_historical_demand,20,4,other,all,1579,0.31728942368587715,0.6827105763141229,4.950988822012038,0.08712242696186571,-0.06577812203745217,0.01773342464276916,168110,8195,-0.06577812203745217,non_overlapping,all,all_eligible
baseline_plus_historical_demand,20,4,semiconductor,all,834,0.28896882494004794,0.7110311750599521,3.877519379844961,0.11946174887594979,-0.0956712363334047,0.01009046746881901,88937,4863,-0.0956712363334047,non_overlapping,all,all_eligible
baseline_plus_historical_demand,20,4,software,all,1631,0.3114653586756591,0.688534641324341,4.789431545236189,0.10976245538716128,-0.07956232187352057,0.021741867095011035,152481,8862,-0.07956232187352057,non_overlapping,all,all_eligible
baseline_plus_historical_demand,20,5,other,all,1532,0.3139686684073107,0.6860313315926893,4.568888888888889,0.1039248221213109,-0.07673275314127669,0.02351590669442156,168110,8195,-0.07673275314127669,non_overlapping,all,all_eligible
baseline_plus_historical_demand,20,5,semiconductor,all,818,0.33985330073349634,0.6601466992665037,3.4098360655737703,0.19237521741524138,-0.10468647327741319,0.06647838231325752,88937,4863,-0.10468647327741319,non_overlapping,all,all_eligible
baseline_plus_historical_demand,20,5,software,all,1584,0.2657828282828283,0.7342171717171717,4.157068062827225,0.13963040821758663,-0.10277330393319578,0.022688040484522456,152481,8862,-0.10277330393319578,non_overlapping,all,all_eligible
historical_demand_only,5,1,other,all,2725,0.5555963302752294,0.44440366972477063,1.7529734675205855,0.03227279339460086,-0.032050252340811936,0.00014044412354444997,84731,28572,-0.032050252340811936,non_overlapping,all,all_eligible
historical_demand_only,5,1,semiconductor,all,1371,0.5032822757111597,0.49671772428884026,1.4808823529411765,0.04465976940106494,-0.0443836486894821,0.0016659798583989807,46622,16969,-0.0443836486894821,non_overlapping,all,all_eligible
historical_demand_only,5,1,software,all,1966,0.5534079348931842,0.44659206510681587,1.67590618336887,0.04490248423820426,-0.040512066657928926,0.004428549817221582,75958,30391,-0.040512066657928926,non_overlapping,all,all_eligible
historical_demand_only,5,2,other,all,2958,0.5699797160243407,0.4300202839756592,1.5814275814275813,0.05265313364005521,-0.042912112405458135,0.007848046916504516,84731,28572,-0.042912112405458135,non_overlapping,all,all_eligible
historical_demand_only,5,2,semiconductor,all,1677,0.5468097793679189,0.4531902206320811,1.4079229122055674,0.055146198576739795,-0.0462428686648446,0.008545264579002695,46622,16969,-0.0462428686648446,non_overlapping,all,all_eligible
historical_demand_only,5,2,software,all,2482,0.556809024979855,0.44319097502014504,1.4579226686884004,0.06322835179355317,-0.04794888848648669,0.012407533304824461,75958,30391,-0.04794888848648669,non_overlapping,all,all_eligible
historical_demand_only,5,3,other,all,2865,0.5172774869109947,0.4827225130890052,1.5248538011695907,0.04184182261161258,-0.04173059999781612,0.0008801127330615042,84731,28572,-0.04173059999781612,non_overlapping,all,all_eligible
historical_demand_only,5,3,semiconductor,all,1597,0.45835942391984974,0.5416405760801503,1.4204035874439462,0.051077401641158385,-0.051476196742283445,0.0002689472551352805,46622,16969,-0.051476196742283445,non_overlapping,all,all_eligible
historical_demand_only,5,3,software,all,2906,0.4951823812801101,0.5048176187198898,1.2980519480519481,0.057244120099556726,-0.05477052496350974,-0.0009385712350033824,75958,30391,-0.05477052496350974,non_overlapping,all,all_eligible
historical_demand_only,5,4,other,all,3017,0.5359628770301624,0.46403712296983757,1.6253776435045317,0.038742342483382285,-0.034258144385833626,0.0031111136462416964,84731,28572,-0.034258144385833626,non_overlapping,all,all_eligible
historical_demand_only,5,4,semiconductor,all,1555,0.5016077170418006,0.4983922829581994,1.3648325358851674,0.05644550898763246,-0.04738931224061782,0.003833277274705727,46622,16969,-0.04738931224061782,non_overlapping,all,all_eligible
historical_demand_only,5,4,software,all,3248,0.5492610837438424,0.45073891625615764,1.4742331288343558,0.05100121640356618,-0.04199154724647994,0.005810109860326138,75958,30391,-0.04199154724647994,non_overlapping,all,all_eligible
historical_demand_only,5,5,other,all,3300,0.5454545454545454,0.45454545454545453,1.558490566037736,0.04604564157522778,-0.04082379702098761,0.005403708639564379,84731,28572,-0.04082379702098761,non_overlapping,all,all_eligible
historical_demand_only,5,5,semiconductor,all,1940,0.522680412371134,0.477319587628866,1.2761578044596913,0.0830592394628832,-0.06255747488104904,0.019041270812490532,46622,16969,-0.06255747488104904,non_overlapping,all,all_eligible
historical_demand_only,5,5,software,all,3272,0.5094743276283619,0.49052567237163813,1.3428741800834825,0.0648018479455851,-0.054434234677985104,0.00688317115004708,75958,30391,-0.054434234677985104,non_overlapping,all,all_eligible
historical_demand_only,10,1,other,all,1380,0.4246376811594203,0.5753623188405798,3.0404699738903394,0.04673940382658192,-0.04618112506034545,0.00024427517880560326,84731,28572,-0.04618112506034545,non_overlapping,all,all_eligible
historical_demand_only,10,1,semiconductor,all,698,0.3939828080229226,0.6060171919770774,2.6266666666666665,0.06727459669288162,-0.06466435860969907,0.0014839851582659639,46622,16969,-0.06466435860969907,non_overlapping,all,all_eligible
historical_demand_only,10,1,software,all,1000,0.462,0.538,2.8131868131868134,0.06438478480552116,-0.05872118226041847,0.0056975238124106235,75958,30391,-0.05872118226041847,non_overlapping,all,all_eligible
historical_demand_only,10,2,other,all,1496,0.45454545454545453,0.5454545454545454,2.8308823529411766,0.08796186531550715,-0.05906837490379381,0.02178598863799321,84731,28572,-0.05906837490379381,non_overlapping,all,all_eligible
historical_demand_only,10,2,semiconductor,all,849,0.43227326266195526,0.5677267373380448,2.4362068965517243,0.08367027361289543,-0.06617526552429112,0.01566290535180569,46622,16969,-0.06617526552429112,non_overlapping,all,all_eligible
historical_demand_only,10,2,software,all,1255,0.4406374501992032,0.5593625498007968,2.6448152562574494,0.09615508699370691,-0.0683650375116369,0.020450289440363742,75958,30391,-0.0683650375116369,non_overlapping,all,all_eligible
historical_demand_only,10,3,other,all,1458,0.3950617283950617,0.6049382716049383,2.595905172413793,0.06189682510059891,-0.05959744107926952,-0.00029442723323821064,84731,28572,-0.05959744107926952,non_overlapping,all,all_eligible
historical_demand_only,10,3,semiconductor,all,810,0.35555555555555557,0.6444444444444445,2.191806331471136,0.07633575729635572,-0.06857283928579919,0.0048665099746388,46622,16969,-0.06857283928579919,non_overlapping,all,all_eligible
historical_demand_only,10,3,software,all,1473,0.37067209775967414,0.6293279022403259,2.2497420020639836,0.08223503325453065,-0.07924926354815322,-0.005899621271874595,75958,30391,-0.07924926354815322,non_overlapping,all,all_eligible
historical_demand_only,10,4,other,all,1529,0.4107259646827992,0.5892740353172008,3.025669642857143,0.058816881969510966,-0.048367111927173356,0.008425235398153305,84731,28572,-0.048367111927173356,non_overlapping,all,all_eligible
historical_demand_only,10,4,semiconductor,all,789,0.38910012674271227,0.6108998732572877,2.469924812030075,0.08423425694337365,-0.0652283732542147,0.01218323284435894,46622,16969,-0.0652283732542147,non_overlapping,all,all_eligible
historical_demand_only,10,4,software,all,1649,0.42935112189205576,0.5706488781079442,2.660516605166052,0.07905886107819007,-0.06018066506399502,0.012910311449707312,75958,30391,-0.06018066506399502,non_overlapping,all,all_eligible
historical_demand_only,10,5,other,all,1657,0.4224502112251056,0.5775497887748944,2.8240384615384615,0.07113973739420482,-0.05852109092308423,0.012558346742644326,84731,28572,-0.05852109092308423,non_overlapping,all,all_eligible
historical_demand_only,10,5,semiconductor,all,977,0.3858751279426817,0.6141248720573184,2.342935528120713,0.13057561097091164,-0.08493875480346307,0.035167175083303005,46622,16969,-0.08493875480346307,non_overlapping,all,all_eligible
historical_demand_only,10,5,software,all,1635,0.39204892966360855,0.6079510703363914,2.3938832252085263,0.10210138888778761,-0.07440666394107925,0.020653398577742305,75958,30391,-0.07440666394107925,non_overlapping,all,all_eligible
historical_demand_only,20,1,other,all,709,0.32722143864598024,0.6727785613540197,5.241935483870968,0.06894301739069851,-0.06356120430170802,0.0033543534411584605,84731,28572,-0.06356120430170802,non_overlapping,all,all_eligible
historical_demand_only,20,1,semiconductor,all,362,0.26519337016574585,0.7348066298342542,4.056390977443609,0.0984899332490375,-0.09095788966101745,0.0042391380042965145,46622,16969,-0.09095788966101745,non_overlapping,all,all_eligible
historical_demand_only,20,1,software,all,512,0.392578125,0.607421875,4.544080604534005,0.12807845653233774,-0.07791414088399072,0.038569397887328126,75958,30391,-0.07791414088399072,non_overlapping,all,all_eligible
historical_demand_only,20,2,other,all,767,0.35723598435462844,0.6427640156453716,4.7595818815331015,0.13933202116276233,-0.0806916916976881,0.03297636839159343,84731,28572,-0.0806916916976881,non_overlapping,all,all_eligible
historical_demand_only,20,2,semiconductor,all,437,0.32494279176201374,0.6750572082379863,4.476744186046512,0.12594133732918233,-0.08842477363132,0.04109206460827925,46622,16969,-0.08842477363132,non_overlapping,all,all_eligible
historical_demand_only,20,2,software,all,647,0.33539412673879443,0.6646058732612056,4.230769230769231,0.15218750748373075,-0.09453878689450738,0.03539312054769339,75958,30391,-0.09453878689450738,non_overlapping,all,all_eligible
historical_demand_only,20,3,other,all,745,0.276510067114094,0.723489932885906,4.090744101633394,0.0868031078793018,-0.08436635689880748,-0.0011781649271880373,84731,28572,-0.08436635689880748,non_overlapping,all,all_eligible
historical_demand_only,20,3,semiconductor,all,416,0.2620192307692308,0.7379807692307693,4.044510385756676,0.1175050937946386,-0.09157171036970756,0.02005448550624782,46622,16969,-0.09157171036970756,non_overlapping,all,all_eligible
historical_demand_only,20,3,software,all,762,0.2795275590551181,0.7204724409448819,3.2910714285714286,0.12121299319325786,-0.11285210811318959,-0.007280573268281395,75958,30391,-0.11285210811318959,non_overlapping,all,all_eligible
historical_demand_only,20,4,other,all,788,0.3299492385786802,0.6700507614213198,4.878734622144113,0.0901184490943979,-0.06717148582516459,0.01647794568606865,84731,28572,-0.06717148582516459,non_overlapping,all,all_eligible
historical_demand_only,20,4,semiconductor,all,408,0.27450980392156865,0.7254901960784313,3.6697819314641746,0.12557886069707866,-0.09417333786258193,0.01757592742731133,46622,16969,-0.09417333786258193,non_overlapping,all,all_eligible
historical_demand_only,20,4,software,all,846,0.3321513002364066,0.6678486997635934,4.466458658346334,0.12330929609384031,-0.08477514573870623,0.026789449633144544,75958,30391,-0.08477514573870623,non_overlapping,all,all_eligible
historical_demand_only,20,5,other,all,829,0.32569360675512665,0.6743063932448733,4.375399361022364,0.11065273392741752,-0.08097718955215337,0.026777595221353093,84731,28572,-0.08097718955215337,non_overlapping,all,all_eligible
historical_demand_only,20,5,semiconductor,all,492,0.3089430894308943,0.6910569105691057,3.7822966507177034,0.2100341544065742,-0.10945763916308339,0.08075711597482033,46622,16969,-0.10945763916308339,non_overlapping,all,all_eligible
historical_demand_only,20,5,software,all,820,0.2975609756097561,0.7024390243902439,3.565359477124183,0.1701561821465427,-0.10315752156809486,0.04298912042715936,75958,30391,-0.10315752156809486,non_overlapping,all,all_eligible
no_decay,5,1,other,all,2907,0.5362917096663227,0.46370829033367733,1.761694616063548,0.03233400305034068,-0.032618491204745644,0.0004304190163291447,90273,28572,-0.032618491204745644,non_overlapping,all,all_eligible
no_decay,5,1,semiconductor,all,1485,0.5171717171717172,0.48282828282828283,1.497964721845319,0.04474237072002292,-0.043504269538072536,0.0015447294858240163,50294,16969,-0.043504269538072536,non_overlapping,all,all_eligible
no_decay,5,1,software,all,2060,0.5587378640776699,0.4412621359223301,1.6771255060728745,0.04291629375352593,-0.04139083909938293,0.0038353708850648502,81550,30391,-0.04139083909938293,non_overlapping,all,all_eligible
no_decay,5,2,other,all,3142,0.5639719923615532,0.43602800763844685,1.5003348961821836,0.05116720790064565,-0.04352072125886458,0.006444334674277479,90273,28572,-0.04352072125886458,non_overlapping,all,all_eligible
no_decay,5,2,semiconductor,all,1809,0.5456053067993366,0.45439469320066334,1.358433734939759,0.055663583285945985,-0.04646475355854115,0.008996068521475416,50294,16969,-0.04646475355854115,non_overlapping,all,all_eligible
no_decay,5,2,software,all,2658,0.5617005267118134,0.4382994732881866,1.4573643410852712,0.06250113608766887,-0.0475952620630922,0.011134162659462394,81550,30391,-0.0475952620630922,non_overlapping,all,all_eligible
no_decay,5,3,other,all,3064,0.5130548302872062,0.4869451697127937,1.5073068893528183,0.04246584525823209,-0.04210761672886974,0.0004236542299393395,90273,28572,-0.04210761672886974,non_overlapping,all,all_eligible
no_decay,5,3,semiconductor,all,1734,0.4677047289504037,0.5322952710495963,1.3895833333333334,0.05192331914181009,-0.050538457731360814,0.0020605451710593832,50294,16969,-0.050538457731360814,non_overlapping,all,all_eligible
no_decay,5,3,software,all,3149,0.48682121308351856,0.5131787869164814,1.2808510638297872,0.05711286494381101,-0.05512514639600917,-0.0010452917915626107,81550,30391,-0.05512514639600917,non_overlapping,all,all_eligible
no_decay,5,4,other,all,3229,0.5326726540724682,0.4673273459275317,1.6843946815955213,0.03905130073783756,-0.03380708093442458,0.0038598461807538664,90273,28572,-0.03380708093442458,non_overlapping,all,all_eligible
no_decay,5,4,semiconductor,all,1750,0.4937142857142857,0.5062857142857143,1.349780701754386,0.05365290490007962,-0.047292721278359845,0.0036950145354766005,50294,16969,-0.047292721278359845,non_overlapping,all,all_eligible
no_decay,5,4,software,all,3519,0.5444728616084115,0.45552713839158854,1.431328036322361,0.05101615517252642,-0.041717144521128784,0.00635073185673033,81550,30391,-0.041717144521128784,non_overlapping,all,all_eligible
no_decay,5,5,other,all,3506,0.5396463205932687,0.46035367940673133,1.5308422301304863,0.04420529718439571,-0.04058316718924186,0.0035655568668734464,90273,28572,-0.04058316718924186,non_overlapping,all,all_eligible
no_decay,5,5,semiconductor,all,2051,0.5173086299366163,0.4826913700633837,1.2657342657342658,0.08276724985904123,-0.06231829628018417,0.018497471329899904,50294,16969,-0.06231829628018417,non_overlapping,all,all_eligible
no_decay,5,5,software,all,3527,0.5018429259994329,0.4981570740005671,1.3710033076074972,0.06457331064694863,-0.054028176572704714,0.006644757421534299,81550,30391,-0.054028176572704714,non_overlapping,all,all_eligible
no_decay,10,1,other,all,1474,0.412483039348711,0.587516960651289,3.1553398058252426,0.04806654420863827,-0.04701354867308342,0.0018692452517702976,90273,28572,-0.04701354867308342,non_overlapping,all,all_eligible
no_decay,10,1,semiconductor,all,752,0.38430851063829785,0.6156914893617021,2.611940298507463,0.06678861881551267,-0.06469227875216121,0.0032068919093493106,50294,16969,-0.06469227875216121,non_overlapping,all,all_eligible
no_decay,10,1,software,all,1046,0.4435946462715105,0.5564053537284895,2.8018018018018016,0.06203410746462989,-0.05936238666296719,0.005358382995453777,81550,30391,-0.05936238666296719,non_overlapping,all,all_eligible
no_decay,10,2,other,all,1589,0.4292007551919446,0.5707992448080553,2.8846153846153846,0.08231705783864304,-0.06109822029318053,0.013400158983629805,90273,28572,-0.06109822029318053,non_overlapping,all,all_eligible
no_decay,10,2,semiconductor,all,918,0.45098039215686275,0.5490196078431373,2.3685897435897436,0.08538165764073233,-0.06358249591981116,0.01986969682991649,50294,16969,-0.06358249591981116,non_overlapping,all,all_eligible
no_decay,10,2,software,all,1352,0.4467455621301775,0.5532544378698225,2.5956284153005464,0.09676398518163147,-0.06599276434914579,0.021678011884788705,81550,30391,-0.06599276434914579,non_overlapping,all,all_eligible
no_decay,10,3,other,all,1551,0.3978078658929723,0.6021921341070278,2.8311291963377414,0.06099861933349349,-0.059861979827049154,-0.0001593075154581623,90273,28572,-0.059861979827049154,non_overlapping,all,all_eligible
no_decay,10,3,semiconductor,all,882,0.3526077097505669,0.6473922902494331,2.339464882943144,0.07560113809520325,-0.07132894719871526,0.0017067806106303228,50294,16969,-0.07132894719871526,non_overlapping,all,all_eligible
no_decay,10,3,software,all,1599,0.3821138211382114,0.6178861788617886,2.319088319088319,0.08503580219766917,-0.07739885850989929,-0.0019713148999309558,81550,30391,-0.07739885850989929,non_overlapping,all,all_eligible
no_decay,10,4,other,all,1635,0.41100917431192663,0.5889908256880734,2.8743455497382198,0.059652477796725105,-0.04847446062240377,0.008303808047777568,90273,28572,-0.04847446062240377,non_overlapping,all,all_eligible
no_decay,10,4,semiconductor,all,890,0.3741573033707865,0.6258426966292134,2.463455149501661,0.08199613187820506,-0.06731252502807382,0.009410491994548097,50294,16969,-0.06731252502807382,non_overlapping,all,all_eligible
no_decay,10,4,software,all,1781,0.43234138124649074,0.5676586187535093,2.6197424892703864,0.07959421270918335,-0.0596570637721103,0.013593409381151353,81550,30391,-0.0596570637721103,non_overlapping,all,all_eligible
no_decay,10,5,other,all,1756,0.40945330296127563,0.5905466970387244,2.882404951370469,0.07046517022416862,-0.057762085004256114,0.012364937700591501,90273,28572,-0.057762085004256114,non_overlapping,all,all_eligible
no_decay,10,5,semiconductor,all,1030,0.38543689320388347,0.6145631067961165,2.2572877059569074,0.12895290029181028,-0.08441373220307166,0.03507741939329682,50294,16969,-0.08441373220307166,non_overlapping,all,all_eligible
no_decay,10,5,software,all,1763,0.3828701077708451,0.6171298922291548,2.360598065083553,0.09881923771391944,-0.07438192870334441,0.017279650505505357,81550,30391,-0.07438192870334441,non_overlapping,all,all_eligible
no_decay,20,1,other,all,750,0.3,0.7,5.280834914611006,0.07042490443623776,-0.06613621766650717,0.002959461780868646,90273,28572,-0.06613621766650717,non_overlapping,all,all_eligible
no_decay,20,1,semiconductor,all,387,0.28940568475452194,0.710594315245478,4.4,0.09962534267845251,-0.08716610736094917,0.0066697805823772854,50294,16969,-0.08716610736094917,non_overlapping,all,all_eligible
no_decay,20,1,software,all,540,0.35555555555555557,0.6444444444444445,4.687203791469194,0.12834782464980446,-0.07771750633009351,0.03845267231610763,81550,30391,-0.07771750633009351,non_overlapping,all,all_eligible
no_decay,20,2,other,all,813,0.3148831488314883,0.6851168511685117,4.965346534653466,0.12547991018389879,-0.08508518899662253,0.03340416237600633,90273,28572,-0.08508518899662253,non_overlapping,all,all_eligible
no_decay,20,2,semiconductor,all,470,0.3468085106382979,0.6531914893617021,4.7651715039577835,0.13058699250508465,-0.08428013537864044,0.04858865693168033,50294,16969,-0.08428013537864044,non_overlapping,all,all_eligible
no_decay,20,2,software,all,694,0.35446685878962536,0.6455331412103746,4.416819012797075,0.15278404960035366,-0.09048079106356721,0.04238290177993339,81550,30391,-0.09048079106356721,non_overlapping,all,all_eligible
no_decay,20,3,other,all,799,0.2765957446808511,0.723404255319149,4.27209705372617,0.08468969518939394,-0.08505318427218604,-0.004941824134194344,90273,28572,-0.08505318427218604,non_overlapping,all,all_eligible
no_decay,20,3,semiconductor,all,453,0.24061810154525387,0.7593818984547461,3.8857142857142857,0.11730962064624338,-0.09713844038323452,0.01058673748970524,50294,16969,-0.09713844038323452,non_overlapping,all,all_eligible
no_decay,20,3,software,all,821,0.27649208282582216,0.7235079171741778,3.2590051457975986,0.11873570166109845,-0.1142573918625201,-0.01089724943705149,81550,30391,-0.1142573918625201,non_overlapping,all,all_eligible
no_decay,20,4,other,all,833,0.31212484993997597,0.687875150060024,4.835314091680815,0.08755311194186241,-0.06802119852344772,0.015058845734074513,90273,28572,-0.06802119852344772,non_overlapping,all,all_eligible
no_decay,20,4,semiconductor,all,459,0.2766884531590414,0.7233115468409586,3.956896551724138,0.12185277080062915,-0.09394461090872716,0.01362620639855678,50294,16969,-0.09394461090872716,non_overlapping,all,all_eligible
no_decay,20,4,software,all,912,0.3355263157894737,0.6644736842105263,4.164992826398852,0.12062899684054831,-0.08226314620424614,0.026006515010289492,81550,30391,-0.08226314620424614,non_overlapping,all,all_eligible
no_decay,20,5,other,all,880,0.2988636363636364,0.7011363636363637,4.527941176470589,0.10342014738904905,-0.07956077544844634,0.020192542208002158,90273,28572,-0.07956077544844634,non_overlapping,all,all_eligible
no_decay,20,5,semiconductor,all,518,0.3281853281853282,0.6718146718146718,3.1266666666666665,0.20907732054359476,-0.10591189309194639,0.08004576413597543,50294,16969,-0.10591189309194639,non_overlapping,all,all_eligible
no_decay,20,5,software,all,882,0.2800453514739229,0.719954648526077,3.542372881355932,0.16446253320215215,-0.10411198316855116,0.035876332284211825,81550,30391,-0.10411198316855116,non_overlapping,all,all_eligible
no_environment,5,1,other,all,2460,0.5617886178861788,0.43821138211382116,1.7117768595041323,0.032296446751088746,-0.032848010854922775,-0.00019303497184436065,76195,28572,-0.032848010854922775,non_overlapping,all,all_eligible
no_environment,5,1,semiconductor,all,1262,0.5015847860538827,0.49841521394611726,1.44,0.04429705202418714,-0.04554212346511485,-0.00018587170245454345,42544,16969,-0.04554212346511485,non_overlapping,all,all_eligible
no_environment,5,1,software,all,1769,0.5635952515545506,0.4364047484454494,1.6344086021505377,0.04365767891737262,-0.041521964961857095,0.004331615978072453,69003,30391,-0.041521964961857095,non_overlapping,all,all_eligible
no_environment,5,2,other,all,2676,0.5788490284005979,0.42115097159940207,1.4936507936507937,0.05695822391876899,-0.042846547929410984,0.01166213679905592,76195,28572,-0.042846547929410984,non_overlapping,all,all_eligible
no_environment,5,2,semiconductor,all,1541,0.5606748864373783,0.43932511356262166,1.4074074074074074,0.053421229887220666,-0.04768800297507,0.0075257070499890775,42544,16969,-0.04768800297507,non_overlapping,all,all_eligible
no_environment,5,2,software,all,2243,0.5613018279090504,0.43869817209094963,1.4597197898423817,0.06025209093678967,-0.04924579920051855,0.010263409972432769,69003,30391,-0.04924579920051855,non_overlapping,all,all_eligible
no_environment,5,3,other,all,2537,0.5407962160031533,0.4592037839968467,1.5205811138014529,0.044045202916893414,-0.040517406775468,0.002994581665354545,76195,28572,-0.040517406775468,non_overlapping,all,all_eligible
no_environment,5,3,semiconductor,all,1442,0.47711511789181693,0.5228848821081831,1.3997429305912596,0.05184218966459788,-0.05168453624560419,0.0010290682101208952,42544,16969,-0.05168453624560419,non_overlapping,all,all_eligible
no_environment,5,3,software,all,2603,0.504802151363811,0.495197848636189,1.286029411764706,0.05708853912169753,-0.05611410692309769,-0.001916966220856317,69003,30391,-0.05611410692309769,non_overlapping,all,all_eligible
no_environment,5,4,other,all,2729,0.5382924148039575,0.4617075851960425,1.641396933560477,0.03831554220069659,-0.03455142095154237,0.0027491930069939957,76195,28572,-0.03455142095154237,non_overlapping,all,all_eligible
no_environment,5,4,semiconductor,all,1439,0.49687282835302293,0.5031271716469771,1.33289124668435,0.054562915090103324,-0.04766288246092481,0.0036089031652486035,42544,16969,-0.04766288246092481,non_overlapping,all,all_eligible
no_environment,5,4,software,all,2974,0.5544720914593141,0.44552790854068597,1.4459644322845417,0.05091710828237471,-0.042409493000982644,0.004850096867607044,69003,30391,-0.042409493000982644,non_overlapping,all,all_eligible
no_environment,5,5,other,all,2949,0.5513733468972533,0.4486266531027467,1.56137832017229,0.04635939770851799,-0.040883500730195144,0.005351491093984758,76195,28572,-0.040883500730195144,non_overlapping,all,all_eligible
no_environment,5,5,semiconductor,all,1741,0.539919586444572,0.4600804135554279,1.2702702702702702,0.0813426637791873,-0.0628874678040841,0.015688850352285667,42544,16969,-0.0628874678040841,non_overlapping,all,all_eligible
no_environment,5,5,software,all,3000,0.508,0.492,1.3835705045278137,0.06375954327095679,-0.05410393990436248,0.006702795598291772,69003,30391,-0.05410393990436248,non_overlapping,all,all_eligible
no_environment,10,1,other,all,1248,0.43349358974358976,0.5665064102564102,3.129124820659971,0.047090065031703196,-0.04623774996435007,0.0009605416665053068,76195,28572,-0.04623774996435007,non_overlapping,all,all_eligible
no_environment,10,1,semiconductor,all,639,0.39436619718309857,0.6056338028169014,2.608142493638677,0.06708994209433436,-0.06475644921519522,0.0019523586492571487,42544,16969,-0.06475644921519522,non_overlapping,all,all_eligible
no_environment,10,1,software,all,899,0.4360400444938821,0.5639599555061179,2.77882797731569,0.06110781010449624,-0.06034409383534204,0.003027982946729479,69003,30391,-0.06034409383534204,non_overlapping,all,all_eligible
no_environment,10,2,other,all,1358,0.46023564064801176,0.5397643593519882,2.921911421911422,0.08874702844704808,-0.05880869518460372,0.01611662334803641,76195,28572,-0.05880869518460372,non_overlapping,all,all_eligible
no_environment,10,2,semiconductor,all,783,0.4342273307790549,0.565772669220945,2.5928030303030303,0.08034002429558107,-0.06766784338375273,0.01394917150764607,42544,16969,-0.06766784338375273,non_overlapping,all,all_eligible
no_environment,10,2,software,all,1141,0.4469763365468887,0.5530236634531113,2.7156084656084656,0.09634358775987481,-0.06856234838701049,0.019452957808555438,69003,30391,-0.06856234838701049,non_overlapping,all,all_eligible
no_environment,10,3,other,all,1288,0.4083850931677019,0.5916149068322981,2.6345919610231423,0.061896382708486845,-0.06108296855894446,0.0005815582270088375,76195,28572,-0.06108296855894446,non_overlapping,all,all_eligible
no_environment,10,3,semiconductor,all,734,0.3555858310626703,0.6444141689373297,2.5195071868583163,0.07481415858844699,-0.07140703810143992,0.0030877662949984983,42544,16969,-0.07140703810143992,non_overlapping,all,all_eligible
no_environment,10,3,software,all,1324,0.3904833836858006,0.6095166163141994,2.2867132867132867,0.08376618615251723,-0.08274062273779509,-0.004277349389264372,69003,30391,-0.08274062273779509,non_overlapping,all,all_eligible
no_environment,10,4,other,all,1388,0.4265129682997118,0.5734870317002881,2.9759036144578315,0.06060028317933527,-0.04714026480779463,0.010793880608148815,76195,28572,-0.04714026480779463,non_overlapping,all,all_eligible
no_environment,10,4,semiconductor,all,733,0.3710777626193724,0.6289222373806276,2.403688524590164,0.08251651155043553,-0.06821454521390329,0.009825052821798849,42544,16969,-0.06821454521390329,non_overlapping,all,all_eligible
no_environment,10,4,software,all,1509,0.43273691186216034,0.5672630881378397,2.6851282051282053,0.07547575598079231,-0.06060959811505074,0.010972077195588063,69003,30391,-0.06060959811505074,non_overlapping,all,all_eligible
no_environment,10,5,other,all,1484,0.4171159029649596,0.5828840970350404,2.880469583778015,0.0731280103796538,-0.058152064273508115,0.012745901655772576,76195,28572,-0.058152064273508115,non_overlapping,all,all_eligible
no_environment,10,5,semiconductor,all,878,0.39635535307517084,0.6036446469248291,2.3098159509202456,0.12351039915980143,-0.0877688429303989,0.03007927627542193,42544,16969,-0.0877688429303989,non_overlapping,all,all_eligible
no_environment,10,5,software,all,1507,0.39548772395487725,0.6045122760451228,2.4246153846153846,0.10159959477975972,-0.075765691499571,0.0174524392468158,69003,30391,-0.075765691499571,non_overlapping,all,all_eligible
no_environment,20,1,other,all,640,0.321875,0.678125,4.846153846153846,0.06681106429580011,-0.06651362047841729,-0.0018154153615238394,76195,28572,-0.06651362047841729,non_overlapping,all,all_eligible
no_environment,20,1,semiconductor,all,329,0.2948328267477204,0.7051671732522796,4.551440329218107,0.10436208192746589,-0.0862419309307672,0.014120083786725255,42544,16969,-0.0862419309307672,non_overlapping,all,all_eligible
no_environment,20,1,software,all,461,0.351409978308026,0.648590021691974,4.654761904761905,0.12287638709971294,-0.08209042374551664,0.03133016974793247,69003,30391,-0.08209042374551664,non_overlapping,all,all_eligible
no_environment,20,2,other,all,699,0.3447782546494993,0.6552217453505007,4.770873786407767,0.135041511714964,-0.08118757182199854,0.029229788480158926,76195,28572,-0.08118757182199854,non_overlapping,all,all_eligible
no_environment,20,2,semiconductor,all,401,0.341645885286783,0.6583541147132169,4.277070063694268,0.11944008955817556,-0.08813195630247492,0.033414577123293994,42544,16969,-0.08813195630247492,non_overlapping,all,all_eligible
no_environment,20,2,software,all,591,0.34179357021996615,0.6582064297800339,4.397260273972603,0.1533428207814794,-0.09380945332208754,0.03529789770598009,69003,30391,-0.09380945332208754,non_overlapping,all,all_eligible
no_environment,20,3,other,all,664,0.28463855421686746,0.7153614457831325,4.010060362173038,0.09063256606062285,-0.08238285654588093,0.004953633545673345,76195,28572,-0.08238285654588093,non_overlapping,all,all_eligible
no_environment,20,3,semiconductor,all,379,0.25857519788918204,0.741424802110818,4.158075601374571,0.11391850380575014,-0.09443368531606505,0.00927558992234744,42544,16969,-0.09443368531606505,non_overlapping,all,all_eligible
no_environment,20,3,software,all,683,0.2972181551976574,0.7027818448023426,3.4206349206349205,0.12314742167180857,-0.11157954667582151,-0.004123391193152311,69003,30391,-0.11157954667582151,non_overlapping,all,all_eligible
no_environment,20,4,other,all,715,0.32167832167832167,0.6783216783216783,4.6370808678500985,0.09358324905833641,-0.06868707720143168,0.017551253022782924,76195,28572,-0.06868707720143168,non_overlapping,all,all_eligible
no_environment,20,4,semiconductor,all,378,0.2830687830687831,0.716931216931217,3.7176870748299318,0.12656916142059063,-0.09205978850469546,0.01958370532267935,42544,16969,-0.09205978850469546,non_overlapping,all,all_eligible
no_environment,20,4,software,all,780,0.3474358974358974,0.6525641025641026,4.351851851851852,0.1202361751625126,-0.08406009114116252,0.02730175862365775,69003,30391,-0.08406009114116252,non_overlapping,all,all_eligible
no_environment,20,5,other,all,746,0.3257372654155496,0.6742627345844504,4.603290676416819,0.116170579603872,-0.08044787517231608,0.035171457689899197,76195,28572,-0.08044787517231608,non_overlapping,all,all_eligible
no_environment,20,5,semiconductor,all,443,0.29571106094808125,0.7042889390519187,3.6191780821917807,0.19771455567649746,-0.11539495536308766,0.06484044496757232,42544,16969,-0.11539495536308766,non_overlapping,all,all_eligible
no_environment,20,5,software,all,761,0.31011826544021026,0.6898817345597897,3.8017391304347825,0.17100726363845287,-0.10504007455286402,0.04250558098570175,69003,30391,-0.10504007455286402,non_overlapping,all,all_eligible
no_retests,5,1,other,all,2387,0.5571847507331378,0.44281524926686217,1.6778947368421053,0.03161233154818939,-0.0327879333751221,-0.0008756912592522808,73487,28572,-0.0327879333751221,non_overlapping,all,all_eligible
no_retests,5,1,semiconductor,all,1195,0.5046025104602511,0.49539748953974894,1.5042735042735043,0.04483567173318648,-0.0442667345090441,0.0010104478051039091,40225,16969,-0.0442667345090441,non_overlapping,all,all_eligible
no_retests,5,1,software,all,1736,0.5731566820276498,0.42684331797235026,1.6234866828087167,0.04467760052762401,-0.04147438424417151,0.0036788037418573724,65214,30391,-0.04147438424417151,non_overlapping,all,all_eligible
no_retests,5,2,other,all,2585,0.5655705996131528,0.4344294003868472,1.4772727272727273,0.053961400192756886,-0.04266827547104625,0.00823188593546619,73487,28572,-0.04266827547104625,non_overlapping,all,all_eligible
no_retests,5,2,semiconductor,all,1478,0.5385656292286874,0.4614343707713126,1.4533844189016603,0.053332137873358006,-0.04792960407364051,0.006755757447016577,40225,16969,-0.04792960407364051,non_overlapping,all,all_eligible
no_retests,5,2,software,all,2144,0.5569029850746269,0.4430970149253731,1.4767547857793983,0.0640427846872516,-0.049457761292421555,0.011570194185446697,65214,30391,-0.049457761292421555,non_overlapping,all,all_eligible
no_retests,5,3,other,all,2474,0.5367825383993533,0.46321746160064675,1.5269922879177378,0.04247148941706516,-0.040818640043949764,0.0016018161160068919,73487,28572,-0.040818640043949764,non_overlapping,all,all_eligible
no_retests,5,3,semiconductor,all,1345,0.4929368029739777,0.5070631970260223,1.3580080753701211,0.05056137768961355,-0.050004549622392334,0.0007382834643387255,40225,16969,-0.050004549622392334,non_overlapping,all,all_eligible
no_retests,5,3,software,all,2463,0.511165245635404,0.488834754364596,1.2806083650190114,0.056852063132947446,-0.05413997117794903,-0.0009743621637882221,65214,30391,-0.05413997117794903,non_overlapping,all,all_eligible
no_retests,5,4,other,all,2586,0.5444702242846094,0.45552977571539055,1.6988973706530959,0.0399195865687319,-0.033830815179970754,0.004910888351327626,73487,28572,-0.033830815179970754,non_overlapping,all,all_eligible
no_retests,5,4,semiconductor,all,1343,0.49292628443782577,0.5070737155621743,1.3546099290780143,0.0524170673407464,-0.0491695904980315,0.001294059989973396,40225,16969,-0.0491695904980315,non_overlapping,all,all_eligible
no_retests,5,4,software,all,2807,0.5589597434983968,0.4410402565016031,1.4502133712660028,0.05176519895646295,-0.04225113055291857,0.006252357414967257,65214,30391,-0.04225113055291857,non_overlapping,all,all_eligible
no_retests,5,5,other,all,2872,0.5435236768802229,0.45647632311977715,1.5104844540853217,0.04616993550959536,-0.040967018984782555,0.004570328867846311,73487,28572,-0.040967018984782555,non_overlapping,all,all_eligible
no_retests,5,5,semiconductor,all,1676,0.5095465393794749,0.4904534606205251,1.2063953488372092,0.08478669047581688,-0.06295540410545634,0.0170980621963803,40225,16969,-0.06295540410545634,non_overlapping,all,all_eligible
no_retests,5,5,software,all,2745,0.5103825136612021,0.4896174863387978,1.4129668780831572,0.06461951698824658,-0.05562405891407259,0.005560603806753334,65214,30391,-0.05562405891407259,non_overlapping,all,all_eligible
no_retests,10,1,other,all,1210,0.4256198347107438,0.5743801652892562,3.064841498559078,0.0467468618115933,-0.04704644344445193,0.0003845362764568862,73487,28572,-0.04704644344445193,non_overlapping,all,all_eligible
no_retests,10,1,semiconductor,all,607,0.40362438220757824,0.5963756177924218,2.6041666666666665,0.06630885483349234,-0.06156876260391245,0.00216387400096982,40225,16969,-0.06156876260391245,non_overlapping,all,all_eligible
no_retests,10,1,software,all,883,0.4563986409966025,0.5436013590033975,2.8734177215189876,0.06394207588307622,-0.0602449901167962,0.00518170568616141,65214,30391,-0.0602449901167962,non_overlapping,all,all_eligible
no_retests,10,2,other,all,1311,0.4668192219679634,0.5331807780320366,2.7963855421686747,0.08754400248058845,-0.056839418958196365,0.023532702672556995,73487,28572,-0.056839418958196365,non_overlapping,all,all_eligible
no_retests,10,2,semiconductor,all,750,0.4226666666666667,0.5773333333333334,2.744510978043912,0.08062306682551151,-0.06661371250533916,0.01586482011810488,40225,16969,-0.06661371250533916,non_overlapping,all,all_eligible
no_retests,10,2,software,all,1089,0.4279155188246097,0.5720844811753902,2.7562326869806095,0.099400157915333,-0.07069699087488858,0.019627584297116817,65214,30391,-0.07069699087488858,non_overlapping,all,all_eligible
no_retests,10,3,other,all,1257,0.41686555290373906,0.5831344470962609,2.808673469387755,0.060500298082521504,-0.058941819762156816,3.0562732449674896e-05,73487,28572,-0.058941819762156816,non_overlapping,all,all_eligible
no_retests,10,3,semiconductor,all,682,0.37390029325513197,0.626099706744868,2.307036247334755,0.07992756001260563,-0.06825337771233385,0.006077170099781402,40225,16969,-0.06825337771233385,non_overlapping,all,all_eligible
no_retests,10,3,software,all,1258,0.3887122416534181,0.6112877583465819,2.254567600487211,0.08298220996741558,-0.07776718826570526,-0.0034192122409467825,65214,30391,-0.07776718826570526,non_overlapping,all,all_eligible
no_retests,10,4,other,all,1313,0.42955064737242954,0.5704493526275705,2.9256926952141056,0.05925422697292087,-0.04747778168176826,0.011237453160371403,73487,28572,-0.04747778168176826,non_overlapping,all,all_eligible
no_retests,10,4,semiconductor,all,686,0.36005830903790087,0.6399416909620991,2.433106575963719,0.0807539005434404,-0.06726190852755448,0.010794177358157372,40225,16969,-0.06726190852755448,non_overlapping,all,all_eligible
no_retests,10,4,software,all,1429,0.43876836948915326,0.5612316305108468,2.6610878661087867,0.08165286250339814,-0.05992060352947264,0.015266957979720084,65214,30391,-0.05992060352947264,non_overlapping,all,all_eligible
no_retests,10,5,other,all,1441,0.40041637751561415,0.5995836224843858,2.690929451287794,0.06925308382483236,-0.05947060682297503,0.009443643989396809,73487,28572,-0.05947060682297503,non_overlapping,all,all_eligible
no_retests,10,5,semiconductor,all,847,0.4155844155844156,0.5844155844155844,2.184251968503937,0.13245532476346897,-0.08598866961783927,0.037743338985639974,40225,16969,-0.08598866961783927,non_overlapping,all,all_eligible
no_retests,10,5,software,all,1377,0.39651416122004357,0.6034858387799564,2.4646464646464645,0.10116469437580489,-0.07666009985099467,0.016854439459719914,65214,30391,-0.07666009985099467,non_overlapping,all,all_eligible
no_retests,20,1,other,all,624,0.3108974358974359,0.6891025641025641,4.578947368421052,0.06592735430053838,-0.0674233907266338,-0.0016342568257894758,73487,28572,-0.0674233907266338,non_overlapping,all,all_eligible
no_retests,20,1,semiconductor,all,315,0.2634920634920635,0.7365079365079366,4.412765957446808,0.09849880593154262,-0.08867939957867203,0.004121351361524578,40225,16969,-0.08867939957867203,non_overlapping,all,all_eligible
no_retests,20,1,software,all,457,0.36980306345733044,0.6301969365426696,4.555555555555555,0.12680644671435273,-0.08206026518948265,0.033090798435267015,65214,30391,-0.08206026518948265,non_overlapping,all,all_eligible
no_retests,20,2,other,all,671,0.3770491803278688,0.6229508196721312,4.951171875,0.12342951583083461,-0.07836194480414925,0.03235934465335246,73487,28572,-0.07836194480414925,non_overlapping,all,all_eligible
no_retests,20,2,semiconductor,all,383,0.30548302872062666,0.6945169712793734,4.615384615384615,0.12587487037373216,-0.09073468938617565,0.04003727319494574,40225,16969,-0.09073468938617565,non_overlapping,all,all_eligible
no_retests,20,2,software,all,562,0.3291814946619217,0.6708185053380783,4.494279176201373,0.15394129899653405,-0.09619049398652059,0.027763553715982145,65214,30391,-0.09619049398652059,non_overlapping,all,all_eligible
no_retests,20,3,other,all,651,0.26574500768049153,0.7342549923195084,4.441422594142259,0.084918423060268,-0.08476055518311416,-0.0011876920139232774,73487,28572,-0.08476055518311416,non_overlapping,all,all_eligible
no_retests,20,3,semiconductor,all,354,0.288135593220339,0.711864406779661,3.403703703703704,0.110800835435713,-0.093709896204624,0.006018920813320477,40225,16969,-0.093709896204624,non_overlapping,all,all_eligible
no_retests,20,3,software,all,653,0.26339969372128635,0.7366003062787136,3.3241525423728815,0.11741082950310941,-0.11087753178485123,-0.012227876482471742,65214,30391,-0.11087753178485123,non_overlapping,all,all_eligible
no_retests,20,4,other,all,675,0.33037037037037037,0.6696296296296296,4.7028112449799195,0.09140810038158198,-0.0679199832801506,0.017769854713866266,73487,28572,-0.0679199832801506,non_overlapping,all,all_eligible
no_retests,20,4,semiconductor,all,357,0.2605042016806723,0.7394957983193278,4.0,0.12440713255105029,-0.09699960673732862,0.019348723160522722,40225,16969,-0.09699960673732862,non_overlapping,all,all_eligible
no_retests,20,4,software,all,741,0.340080971659919,0.659919028340081,4.015734265734266,0.12823688059331595,-0.0836830800235422,0.03181233184797285,65214,30391,-0.0836830800235422,non_overlapping,all,all_eligible
no_retests,20,5,other,all,723,0.301521438450899,0.6984785615491009,4.428030303030303,0.10724074094635257,-0.081828305401784,0.023134426418314,73487,28572,-0.081828305401784,non_overlapping,all,all_eligible
no_retests,20,5,semiconductor,all,428,0.338785046728972,0.6612149532710281,3.3925501432664755,0.2019970519706709,-0.10923748759397772,0.0745529981597126,40225,16969,-0.10923748759397772,non_overlapping,all,all_eligible
no_retests,20,5,software,all,695,0.29784172661870506,0.702158273381295,3.8800773694390718,0.17363556710164957,-0.10644627084508056,0.04213863334880328,65214,30391,-0.10644627084508056,non_overlapping,all,all_eligible
baseline,5,1,other,acute_selloff,23,0.6086956521739131,0.391304347826087,1.4666666666666666,0.0444321976010976,-0.026399267865265016,0.026084452575992158,151384,8303,-0.026399267865265016,non_overlapping,observed,paired
baseline,5,1,other,correction,183,0.6120218579234973,0.3879781420765027,1.6455696202531647,0.03586916920956875,-0.0303756751958329,0.003305885662887739,151384,8303,-0.0303756751958329,non_overlapping,observed,paired
baseline,5,1,other,range_bound,142,0.6619718309859155,0.3380281690140845,1.7636363636363637,0.033551535400560537,-0.02166495571820166,0.012827149454275663,151384,8303,-0.02166495571820166,non_overlapping,observed,paired
baseline,5,1,other,under_pressure,280,0.4785714285714286,0.5214285714285715,1.6888888888888889,0.024558904487931178,-0.033642639867675635,-0.006550366974585777,151384,8303,-0.033642639867675635,non_overlapping,observed,paired
baseline,5,1,other,uptrend,734,0.5572207084468664,0.4427792915531335,1.7179487179487178,0.026065755422533202,-0.02731541500709527,-0.0019683580163259405,151384,8303,-0.02731541500709527,non_overlapping,observed,paired
baseline,5,1,semiconductor,acute_selloff,9,0.7777777777777778,0.2222222222222222,0.0,0.05898213945355731,-0.016722860111834943,0.029165425309818645,73886,4936,-0.016722860111834943,non_overlapping,observed,paired
baseline,5,1,semiconductor,correction,86,0.47674418604651164,0.5232558139534884,1.326086956521739,0.04958738577907251,-0.043735977840184764,0.004121674515678914,73886,4936,-0.043735977840184764,non_overlapping,observed,paired
baseline,5,1,semiconductor,range_bound,39,0.7692307692307693,0.23076923076923078,1.4444444444444444,0.0597068278041105,-0.01873195659030587,0.03331987616792153,73886,4936,-0.01873195659030587,non_overlapping,observed,paired
baseline,5,1,semiconductor,under_pressure,127,0.4251968503937008,0.5748031496062992,1.3859649122807018,0.04022296964464198,-0.04209428793203313,0.0001306867237006031,73886,4936,-0.04209428793203313,non_overlapping,observed,paired
baseline,5,1,semiconductor,uptrend,333,0.5555555555555556,0.4444444444444444,1.6666666666666667,0.03544995769466667,-0.03729216819636632,-0.003640454471462092,73886,4936,-0.03729216819636632,non_overlapping,observed,paired
baseline,5,1,software,acute_selloff,16,0.6875,0.3125,1.2666666666666666,0.06410899693260781,-0.03540251071512306,0.026210747609613415,131931,8995,-0.03540251071512306,non_overlapping,observed,paired
baseline,5,1,software,correction,120,0.65,0.35,1.671641791044776,0.04755397699533468,-0.04251802089726617,0.006652726649841513,131931,8995,-0.04251802089726617,non_overlapping,observed,paired
baseline,5,1,software,range_bound,88,0.6704545454545454,0.32954545454545453,1.8541666666666667,0.050904296034144654,-0.030230981207846355,0.023075703304254094,131931,8995,-0.030230981207846355,non_overlapping,observed,paired
baseline,5,1,software,under_pressure,194,0.5309278350515464,0.4690721649484536,1.6170212765957446,0.03926648366705677,-0.03894767854685411,0.0066254135014824096,131931,8995,-0.03894767854685411,non_overlapping,observed,paired
baseline,5,1,software,uptrend,508,0.6299212598425197,0.3700787401574803,1.751131221719457,0.05262503648696393,-0.03291991973428054,0.017775141974364674,131931,8995,-0.03291991973428054,non_overlapping,observed,paired
baseline,5,2,other,acute_selloff,27,0.2222222222222222,0.7777777777777778,1.625,0.07007735707630106,-0.13001075520294678,-0.03224232017855738,151384,8303,-0.13001075520294678,non_overlapping,observed,paired
baseline,5,2,other,correction,71,0.6338028169014085,0.36619718309859156,1.4047619047619047,0.05493677394229149,-0.043818812390681715,0.015510311103184054,151384,8303,-0.043818812390681715,non_overlapping,observed,paired
baseline,5,2,other,range_bound,36,0.6666666666666666,0.3333333333333333,1.9444444444444444,0.04723834374771716,-0.03566807534097183,0.005448521177671435,151384,8303,-0.03566807534097183,non_overlapping,observed,paired
baseline,5,2,other,under_pressure,238,0.5546218487394958,0.44537815126050423,1.7545454545454546,0.035408000616266276,-0.03358846448864827,0.0029755034393484903,151384,8303,-0.03358846448864827,non_overlapping,observed,paired
baseline,5,2,other,uptrend,1039,0.5899903753609239,0.41000962463907603,1.7524752475247525,0.03574104874481031,-0.03049058553759543,0.0041170058531694795,151384,8303,-0.03049058553759543,non_overlapping,observed,paired
baseline,5,2,semiconductor,acute_selloff,14,0.5714285714285714,0.42857142857142855,0.625,0.05061635516846704,-0.05867151937827584,-0.015993881931404323,73886,4936,-0.05867151937827584,non_overlapping,observed,paired
baseline,5,2,semiconductor,correction,40,0.65,0.35,1.6538461538461537,0.06791571395227496,-0.04541770131900484,0.02842789796911192,73886,4936,-0.04541770131900484,non_overlapping,observed,paired
baseline,5,2,semiconductor,range_bound,19,0.5789473684210527,0.42105263157894735,0.8888888888888888,0.04772814165767938,-0.03700070615338684,0.01107488316650754,73886,4936,-0.03700070615338684,non_overlapping,observed,paired
baseline,5,2,semiconductor,under_pressure,110,0.6272727272727273,0.37272727272727274,1.0144927536231885,0.04861148370686329,-0.03751471884870731,0.007041878648443237,73886,4936,-0.03751471884870731,non_overlapping,observed,paired
baseline,5,2,semiconductor,uptrend,434,0.5668202764976958,0.43317972350230416,1.4864864864864864,0.040257300880168795,-0.0399275918428353,-0.0003146324408874472,73886,4936,-0.0399275918428353,non_overlapping,observed,paired
baseline,5,2,software,acute_selloff,26,0.34615384615384615,0.6538461538461539,1.2941176470588236,0.18458379070997713,-0.0818462819504977,0.10764611341814509,131931,8995,-0.0818462819504977,non_overlapping,observed,paired
baseline,5,2,software,correction,68,0.6470588235294118,0.35294117647058826,1.565217391304348,0.06840605071863379,-0.04253907182238442,0.023107150826334605,131931,8995,-0.04253907182238442,non_overlapping,observed,paired
baseline,5,2,software,range_bound,43,0.6046511627906976,0.3953488372093023,1.7142857142857142,0.0800541786450829,-0.03214876087509741,0.01593704382896178,131931,8995,-0.03214876087509741,non_overlapping,observed,paired
baseline,5,2,software,under_pressure,173,0.5491329479768786,0.4508670520231214,1.6179775280898876,0.037507832490713724,-0.037039403569833984,0.0015582617072320514,131931,8995,-0.037039403569833984,non_overlapping,observed,paired
baseline,5,2,software,uptrend,714,0.5910364145658263,0.40896358543417366,1.6418439716312057,0.03853988514324163,-0.03661484335257907,0.004201627112310843,131931,8995,-0.03661484335257907,non_overlapping,observed,paired
baseline,5,3,other,acute_selloff,52,0.4807692307692308,0.5192307692307693,1.393939393939394,0.04791283745381966,-0.04647555649303192,0.00873674006606667,151384,8303,-0.04647555649303192,non_overlapping,observed,paired
baseline,5,3,other,correction,375,0.5226666666666666,0.47733333333333333,1.535,0.0439411402348995,-0.04166056796036728,-0.0015841217919115463,151384,8303,-0.04166056796036728,non_overlapping,observed,paired
baseline,5,3,other,range_bound,202,0.5841584158415841,0.4158415841584158,1.7216494845360826,0.03761133900657813,-0.03189259689818347,0.0028843392387090223,151384,8303,-0.03189259689818347,non_overlapping,observed,paired
baseline,5,3,other,under_pressure,182,0.5384615384615384,0.46153846153846156,1.5789473684210527,0.03233473682727154,-0.03442786269225533,-0.0017499501795795033,151384,8303,-0.03442786269225533,non_overlapping,observed,paired
baseline,5,3,other,uptrend,637,0.5572998430141287,0.4427001569858713,1.8577777777777778,0.027425983957510718,-0.02733526513766223,0.0010043892624479055,151384,8303,-0.02733526513766223,non_overlapping,observed,paired
baseline,5,3,semiconductor,acute_selloff,26,0.5384615384615384,0.46153846153846156,1.6428571428571428,0.05534746908093074,-0.059438430181736564,0.013485635013553739,73886,4936,-0.059438430181736564,non_overlapping,observed,paired
baseline,5,3,semiconductor,correction,188,0.4627659574468085,0.5372340425531915,1.4464285714285714,0.057244526683247456,-0.050734786704036174,0.007514132658010983,73886,4936,-0.050734786704036174,non_overlapping,observed,paired
baseline,5,3,semiconductor,range_bound,86,0.5581395348837209,0.4418604651162791,0.9122807017543859,0.05597002489187503,-0.037500061309582416,0.008463171923309075,73886,4936,-0.037500061309582416,non_overlapping,observed,paired
baseline,5,3,semiconductor,under_pressure,75,0.48,0.52,1.25,0.049883883565759186,-0.04479939134708311,-0.00013191011437830636,73886,4936,-0.04479939134708311,non_overlapping,observed,paired
baseline,5,3,semiconductor,uptrend,306,0.5424836601307189,0.45751633986928103,1.5891472868217054,0.036369878862118746,-0.033391614895955365,0.0018488367457196008,73886,4936,-0.033391614895955365,non_overlapping,observed,paired
baseline,5,3,software,acute_selloff,36,0.5,0.5,1.2222222222222223,0.07395867688936199,-0.046664935946169654,0.020105014545990032,131931,8995,-0.046664935946169654,non_overlapping,observed,paired
baseline,5,3,software,correction,310,0.4161290322580645,0.5838709677419355,1.1728395061728396,0.049679236886467866,-0.06349102928332696,-0.011280403497654534,131931,8995,-0.06349102928332696,non_overlapping,observed,paired
baseline,5,3,software,range_bound,170,0.5941176470588235,0.40588235294117647,1.3617021276595744,0.04975573370257291,-0.04339860765916609,0.0006614469306214336,131931,8995,-0.04339860765916609,non_overlapping,observed,paired
baseline,5,3,software,under_pressure,171,0.5964912280701754,0.40350877192982454,1.6774193548387097,0.04799368325276421,-0.03790593234838836,0.0070391455082007915,131931,8995,-0.03790593234838836,non_overlapping,observed,paired
baseline,5,3,software,uptrend,643,0.5956454121306376,0.40435458786936235,1.6612244897959183,0.03435100227604823,-0.028238522203445214,0.005072595422121937,131931,8995,-0.028238522203445214,non_overlapping,observed,paired
baseline,5,4,other,acute_selloff,5,0.8,0.2,1.3333333333333333,0.03469906370991986,-0.02724392090100276,0.013698894808202588,151384,8303,-0.02724392090100276,non_overlapping,observed,paired
baseline,5,4,other,correction,86,0.6046511627906976,0.3953488372093023,1.8666666666666667,0.03814427030662669,-0.037632410313638544,0.0034083199078204503,151384,8303,-0.037632410313638544,non_overlapping,observed,paired
baseline,5,4,other,range_bound,89,0.6292134831460674,0.3707865168539326,1.837837837837838,0.06430369179268598,-0.031109884115380473,0.012585846300896882,151384,8303,-0.031109884115380473,non_overlapping,observed,paired
baseline,5,4,other,under_pressure,480,0.5166666666666667,0.48333333333333334,1.7386363636363635,0.03115476609598693,-0.03560829109321302,-0.005395997044575079,151384,8303,-0.03560829109321302,non_overlapping,observed,paired
baseline,5,4,other,uptrend,887,0.5614430665163472,0.43855693348365277,1.6552706552706553,0.032039095726807625,-0.029481102113077046,0.0011847940211045056,151384,8303,-0.029481102113077046,non_overlapping,observed,paired
baseline,5,4,semiconductor,acute_selloff,3,0.3333333333333333,0.6666666666666666,1.0,0.0644863008622687,-0.041402297381356444,0.03136793928627657,73886,4936,-0.041402297381356444,non_overlapping,observed,paired
baseline,5,4,semiconductor,correction,32,0.625,0.375,1.4736842105263157,0.05165667114518478,-0.04978720896980187,0.0076364568781079195,73886,4936,-0.04978720896980187,non_overlapping,observed,paired
baseline,5,4,semiconductor,range_bound,36,0.5555555555555556,0.4444444444444444,2.3157894736842106,0.04302163463174841,-0.04071772634742058,0.004151679828968447,73886,4936,-0.04071772634742058,non_overlapping,observed,paired
baseline,5,4,semiconductor,under_pressure,183,0.453551912568306,0.546448087431694,1.3176470588235294,0.03823930859363737,-0.043802394495429525,-0.004634595084903914,73886,4936,-0.043802394495429525,non_overlapping,observed,paired
baseline,5,4,semiconductor,uptrend,389,0.5141388174807198,0.48586118251928023,1.2654028436018958,0.047065043978225585,-0.042699642429049334,0.0014389618913394637,73886,4936,-0.042699642429049334,non_overlapping,observed,paired
baseline,5,4,software,acute_selloff,7,0.8571428571428571,0.14285714285714285,1.6666666666666667,0.16483010362042294,-0.025213827026947317,0.10683130155862083,131931,8995,-0.025213827026947317,non_overlapping,observed,paired
baseline,5,4,software,correction,70,0.5857142857142857,0.4142857142857143,1.7941176470588236,0.039992612165874804,-0.04038051981006837,0.007120883102623233,131931,8995,-0.04038051981006837,non_overlapping,observed,paired
baseline,5,4,software,range_bound,88,0.5795454545454546,0.42045454545454547,1.6829268292682926,0.04099404354172695,-0.027144670273547736,0.00901889586264579,131931,8995,-0.027144670273547736,non_overlapping,observed,paired
baseline,5,4,software,under_pressure,420,0.5214285714285715,0.4785714285714286,1.5885714285714285,0.038025656733602274,-0.03836488918293101,4.054534856436682e-05,131931,8995,-0.03836488918293101,non_overlapping,observed,paired
baseline,5,4,software,uptrend,803,0.5342465753424658,0.4657534246575342,1.5456989247311828,0.04191507957414058,-0.0371397961401381,0.0019867144333276915,131931,8995,-0.0371397961401381,non_overlapping,observed,paired
baseline,5,5,other,acute_selloff,8,0.625,0.375,1.4,0.050249653659241916,-0.045704167403981796,0.024920096214960052,151384,8303,-0.045704167403981796,non_overlapping,observed,paired
baseline,5,5,other,correction,105,0.5238095238095238,0.47619047619047616,1.2753623188405796,0.05173228207813226,-0.05020544299002811,0.0018695346011769376,151384,8303,-0.05020544299002811,non_overlapping,observed,paired
baseline,5,5,other,range_bound,39,0.5641025641025641,0.4358974358974359,1.6666666666666667,0.042285153778282,-0.035080263441267676,0.010677852797066123,151384,8303,-0.035080263441267676,non_overlapping,observed,paired
baseline,5,5,other,under_pressure,362,0.5662983425414365,0.43370165745856354,1.419889502762431,0.04059343895242296,-0.03552960573766489,0.00423757100335022,151384,8303,-0.03552960573766489,non_overlapping,observed,paired
baseline,5,5,other,uptrend,896,0.5412946428571429,0.45870535714285715,1.7100271002710028,0.035202265963391835,-0.03269224062837743,0.002856362959603842,151384,8303,-0.03269224062837743,non_overlapping,observed,paired
baseline,5,5,semiconductor,acute_selloff,3,0.6666666666666666,0.3333333333333333,1.6666666666666667,0.12394863449007036,-0.06201988028812733,0.08576327645159816,73886,4936,-0.06201988028812733,non_overlapping,observed,paired
baseline,5,5,semiconductor,correction,37,0.5405405405405406,0.4594594594594595,1.037037037037037,0.06247834374391938,-0.0718388666327966,0.0035897505498353618,73886,4936,-0.0718388666327966,non_overlapping,observed,paired
baseline,5,5,semiconductor,range_bound,35,0.7142857142857143,0.2857142857142857,0.9629629629629629,0.0834313980681922,-0.03160613352068224,0.046265884583153144,73886,4936,-0.03160613352068224,non_overlapping,observed,paired
baseline,5,5,semiconductor,under_pressure,179,0.5418994413407822,0.4581005586592179,1.233009708737864,0.06376155894128807,-0.05924766223621994,0.0072875482357703915,73886,4936,-0.05924766223621994,non_overlapping,observed,paired
baseline,5,5,semiconductor,uptrend,399,0.48120300751879697,0.518796992481203,1.4439024390243902,0.05868916687322832,-0.052962616045012366,0.00287752545644406,73886,4936,-0.052962616045012366,non_overlapping,observed,paired
baseline,5,5,software,acute_selloff,6,0.5,0.5,0.6,0.1163168789944482,-0.0708965890871517,0.025417854553089314,131931,8995,-0.0708965890871517,non_overlapping,observed,paired
baseline,5,5,software,correction,103,0.3300970873786408,0.6699029126213593,1.2745098039215685,0.049350328872020614,-0.061004351615112556,-0.010873479215358433,131931,8995,-0.061004351615112556,non_overlapping,observed,paired
baseline,5,5,software,range_bound,40,0.75,0.25,1.25,0.06473959772028555,-0.02536262644355871,0.034109250351147605,131931,8995,-0.02536262644355871,non_overlapping,observed,paired
baseline,5,5,software,under_pressure,326,0.5214723926380368,0.4785276073619632,1.2222222222222223,0.046534935842429744,-0.0458177144189804,0.0014566980316425035,131931,8995,-0.0458177144189804,non_overlapping,observed,paired
baseline,5,5,software,uptrend,815,0.5239263803680981,0.47607361963190187,1.4913294797687862,0.04642015065057416,-0.04192596209383291,0.0038821028614173425,131931,8995,-0.04192596209383291,non_overlapping,observed,paired
baseline,10,1,other,acute_selloff,6,0.3333333333333333,0.6666666666666666,1.75,0.07674802363899746,-0.013883724808393208,0.06656513996553153,151384,8303,-0.013883724808393208,non_overlapping,observed,paired
baseline,10,1,other,correction,56,0.5892857142857143,0.4107142857142857,2.515151515151515,0.041124709919996776,-0.038120690437453766,0.003365483336833157,151384,8303,-0.038120690437453766,non_overlapping,observed,paired
baseline,10,1,other,range_bound,48,0.5625,0.4375,2.875,0.045879985325773344,-0.022973620746722555,0.01966445440218929,151384,8303,-0.022973620746722555,non_overlapping,observed,paired
baseline,10,1,other,under_pressure,91,0.3626373626373626,0.6373626373626373,3.4,0.032923723799824375,-0.03944713235073663,-0.0017282496724773124,151384,8303,-0.03944713235073663,non_overlapping,observed,paired
baseline,10,1,other,uptrend,301,0.4584717607973422,0.5415282392026578,2.8607594936708862,0.04056829397604726,-0.039511102200736684,0.0019987632093544025,151384,8303,-0.039511102200736684,non_overlapping,observed,paired
baseline,10,1,semiconductor,acute_selloff,1,1.0,0.0,0.0,0.07193516367809982,-0.0046145494028230205,0.00597319010861419,73886,4936,-0.0046145494028230205,non_overlapping,observed,paired
baseline,10,1,semiconductor,correction,17,0.47058823529411764,0.5294117647058824,2.8461538461538463,0.06975819683286878,-0.05200593049884925,0.024183442479067754,73886,4936,-0.05200593049884925,non_overlapping,observed,paired
baseline,10,1,semiconductor,range_bound,9,0.6666666666666666,0.3333333333333333,2.5,0.0917284896922492,-0.023706625493154634,0.06961843948929564,73886,4936,-0.023706625493154634,non_overlapping,observed,paired
baseline,10,1,semiconductor,under_pressure,33,0.36363636363636365,0.6363636363636364,3.25,0.05179645526996556,-0.04811172354344875,0.01923905955805987,73886,4936,-0.04811172354344875,non_overlapping,observed,paired
baseline,10,1,semiconductor,uptrend,134,0.417910447761194,0.582089552238806,3.012987012987013,0.048154273408964214,-0.05413189000224521,-0.0013487957952859984,73886,4936,-0.05413189000224521,non_overlapping,observed,paired
baseline,10,1,software,acute_selloff,2,0.5,0.5,0.5,0.17465014772604004,-0.04689743409759489,0.16068583595496522,131931,8995,-0.04689743409759489,non_overlapping,observed,paired
baseline,10,1,software,correction,39,0.4358974358974359,0.5641025641025641,3.24,0.06384420186275008,-0.06274345765325738,-0.0011262747919436643,131931,8995,-0.06274345765325738,non_overlapping,observed,paired
baseline,10,1,software,range_bound,22,0.5909090909090909,0.4090909090909091,2.0,0.11259648012504596,-0.037422249343389356,0.07334409678816045,131931,8995,-0.037422249343389356,non_overlapping,observed,paired
baseline,10,1,software,under_pressure,74,0.43243243243243246,0.5675675675675675,3.1818181818181817,0.05629760795225019,-0.052201848057879044,0.011935994076559502,131931,8995,-0.052201848057879044,non_overlapping,observed,paired
baseline,10,1,software,uptrend,195,0.5487179487179488,0.4512820512820513,2.5901639344262297,0.08770665141016554,-0.041298548344152725,0.04601629910239234,131931,8995,-0.041298548344152725,non_overlapping,observed,paired
baseline,10,2,other,acute_selloff,6,0.16666666666666666,0.8333333333333334,0.75,0.08366037515996001,-0.20302221507304238,-0.028077892676853844,151384,8303,-0.20302221507304238,non_overlapping,observed,paired
baseline,10,2,other,correction,16,0.5625,0.4375,2.6923076923076925,0.07121714607931938,-0.07839652299500027,-0.007792788492863113,151384,8303,-0.07839652299500027,non_overlapping,observed,paired
baseline,10,2,other,range_bound,6,0.6666666666666666,0.3333333333333333,4.5,0.05004682341939589,-0.0336138940403532,0.011024487867300758,151384,8303,-0.0336138940403532,non_overlapping,observed,paired
baseline,10,2,other,under_pressure,94,0.48936170212765956,0.5106382978723404,3.2580645161290325,0.0577344391554042,-0.04291424612849478,0.019553261266470702,151384,8303,-0.04291424612849478,non_overlapping,observed,paired
baseline,10,2,other,uptrend,372,0.4731182795698925,0.5268817204301075,3.518918918918919,0.04454010675834212,-0.04165228204436166,0.0027842726777203702,151384,8303,-0.04165228204436166,non_overlapping,observed,paired
baseline,10,2,semiconductor,acute_selloff,4,0.25,0.75,2.0,0.022958599162619275,-0.1088180142151641,-0.01019067420390185,73886,4936,-0.1088180142151641,non_overlapping,observed,paired
baseline,10,2,semiconductor,correction,7,0.7142857142857143,0.2857142857142857,4.333333333333333,0.07642821039977729,-0.04246108556851442,0.04330693674192522,73886,4936,-0.04246108556851442,non_overlapping,observed,paired
baseline,10,2,semiconductor,range_bound,5,0.6,0.4,3.0,0.09110060784993497,-0.04003317388791936,0.04751898373995358,73886,4936,-0.04003317388791936,non_overlapping,observed,paired
baseline,10,2,semiconductor,under_pressure,42,0.5952380952380952,0.40476190476190477,1.7666666666666666,0.06713625021940628,-0.03643551057019456,0.03302954717029766,73886,4936,-0.03643551057019456,non_overlapping,observed,paired
baseline,10,2,semiconductor,uptrend,144,0.3888888888888889,0.6111111111111112,2.8533333333333335,0.05444372882559168,-0.06472091591237047,-0.011063388542907802,73886,4936,-0.06472091591237047,non_overlapping,observed,paired
baseline,10,2,software,acute_selloff,6,0.3333333333333333,0.6666666666666666,2.0,0.35569478835356744,-0.10568116689869683,-0.03827298397036575,131931,8995,-0.10568116689869683,non_overlapping,observed,paired
baseline,10,2,software,correction,19,0.47368421052631576,0.5263157894736842,2.2142857142857144,0.11631183250001004,-0.08678861996514281,0.048328780068742104,131931,8995,-0.08678861996514281,non_overlapping,observed,paired
baseline,10,2,software,range_bound,8,0.75,0.25,3.0,0.05428012103907645,-0.03109377756427363,0.010920815138555307,131931,8995,-0.03109377756427363,non_overlapping,observed,paired
baseline,10,2,software,under_pressure,67,0.5223880597014925,0.47761194029850745,2.63265306122449,0.05862425518458668,-0.04209868910242709,0.0170892912451866,131931,8995,-0.04209868910242709,non_overlapping,observed,paired
baseline,10,2,software,uptrend,278,0.4712230215827338,0.5287769784172662,3.2913907284768213,0.050912261416503846,-0.04948611995326279,0.00367546456419303,131931,8995,-0.04948611995326279,non_overlapping,observed,paired
baseline,10,3,other,acute_selloff,15,0.4,0.6,1.875,0.06547477615101621,-0.10366553591286982,-0.03700649596801764,151384,8303,-0.10366553591286982,non_overlapping,observed,paired
baseline,10,3,other,correction,103,0.49514563106796117,0.5048543689320388,2.3472222222222223,0.06159713518408412,-0.05025879693209664,0.012192612331716294,151384,8303,-0.05025879693209664,non_overlapping,observed,paired
baseline,10,3,other,range_bound,58,0.43103448275862066,0.5689655172413793,2.236842105263158,0.053690187188791066,-0.04852446805429924,-0.004587650745160989,151384,8303,-0.04852446805429924,non_overlapping,observed,paired
baseline,10,3,other,under_pressure,66,0.45454545454545453,0.5454545454545454,2.8536585365853657,0.04073582420921801,-0.04683349429697842,-0.002565029951100434,151384,8303,-0.04683349429697842,non_overlapping,observed,paired
baseline,10,3,other,uptrend,287,0.4146341463414634,0.5853658536585366,3.0980392156862746,0.03882105743208294,-0.03549947918694905,0.003347576875056095,151384,8303,-0.03549947918694905,non_overlapping,observed,paired
baseline,10,3,semiconductor,acute_selloff,6,0.6666666666666666,0.3333333333333333,3.8,0.07543726602439949,-0.0638738999955853,0.040976067006221806,73886,4936,-0.0638738999955853,non_overlapping,observed,paired
baseline,10,3,semiconductor,correction,56,0.30357142857142855,0.6964285714285714,2.3513513513513513,0.07580462667861873,-0.07248714843044084,0.0044262360607189395,73886,4936,-0.07248714843044084,non_overlapping,observed,paired
baseline,10,3,semiconductor,range_bound,23,0.43478260869565216,0.5652173913043478,1.3571428571428572,0.0805164994705927,-0.050825069998626,0.017503585927830297,73886,4936,-0.050825069998626,non_overlapping,observed,paired
baseline,10,3,semiconductor,under_pressure,25,0.56,0.44,2.15,0.08011761816841663,-0.05061784351168061,0.015662234376858684,73886,4936,-0.05061784351168061,non_overlapping,observed,paired
baseline,10,3,semiconductor,uptrend,144,0.3472222222222222,0.6527777777777778,3.0,0.05312060151034962,-0.0399635081539199,0.012242553020412222,73886,4936,-0.0399635081539199,non_overlapping,observed,paired
baseline,10,3,software,acute_selloff,8,0.375,0.625,2.2857142857142856,0.07717818018115646,-0.026207508107020494,0.027759347072082913,131931,8995,-0.026207508107020494,non_overlapping,observed,paired
baseline,10,3,software,correction,82,0.3048780487804878,0.6951219512195121,2.7142857142857144,0.05781085143031724,-0.09824715766050142,-0.027665828415532813,131931,8995,-0.09824715766050142,non_overlapping,observed,paired
baseline,10,3,software,range_bound,46,0.41304347826086957,0.5869565217391305,1.5517241379310345,0.08560791841342419,-0.06886172908006748,-0.008243474220486413,131931,8995,-0.06886172908006748,non_overlapping,observed,paired
baseline,10,3,software,under_pressure,65,0.5076923076923077,0.49230769230769234,2.7435897435897436,0.06918318656296774,-0.04819131976857294,0.016831848931514945,131931,8995,-0.04819131976857294,non_overlapping,observed,paired
baseline,10,3,software,uptrend,292,0.5171232876712328,0.4828767123287671,2.841463414634146,0.056079301153954375,-0.03466241815059705,0.0179091119321585,131931,8995,-0.03466241815059705,non_overlapping,observed,paired
baseline,10,4,other,acute_selloff,1,1.0,0.0,0.0,0.14697754770385596,-0.024020476471746433,0.13565642350971419,151384,8303,-0.024020476471746433,non_overlapping,observed,paired
baseline,10,4,other,correction,24,0.5,0.5,3.1333333333333333,0.05152462416120434,-0.0354101627233124,0.01868594952668184,151384,8303,-0.0354101627233124,non_overlapping,observed,paired
baseline,10,4,other,range_bound,14,0.6428571428571429,0.35714285714285715,3.0,0.042315985075790534,-0.04174250733347761,-0.0036338766367292846,151384,8303,-0.04174250733347761,non_overlapping,observed,paired
baseline,10,4,other,under_pressure,152,0.3223684210526316,0.6776315789473685,3.682926829268293,0.0440794531530229,-0.059660171475368326,-0.012193017004118192,151384,8303,-0.059660171475368326,non_overlapping,observed,paired
baseline,10,4,other,uptrend,310,0.4096774193548387,0.5903225806451613,3.1901840490797544,0.04512879063850431,-0.04294150659963073,0.002098534172408522,151384,8303,-0.04294150659963073,non_overlapping,observed,paired
baseline,10,4,semiconductor,acute_selloff,1,0.0,1.0,7.0,0.0646782154469272,-0.06662007263617598,0.06443596784386751,73886,4936,-0.06662007263617598,non_overlapping,observed,paired
baseline,10,4,semiconductor,correction,12,0.5833333333333334,0.4166666666666667,2.5555555555555554,0.06018067369020761,-0.06136552268522885,0.0017002135471805662,73886,4936,-0.06136552268522885,non_overlapping,observed,paired
baseline,10,4,semiconductor,range_bound,17,0.47058823529411764,0.5294117647058824,3.0,0.07314045214243206,-0.05134733068083794,0.013037368692504636,73886,4936,-0.05134733068083794,non_overlapping,observed,paired
baseline,10,4,semiconductor,under_pressure,52,0.36538461538461536,0.6346153846153846,2.032258064516129,0.05397602035828722,-0.06356547543586949,-0.011367122867858665,73886,4936,-0.06356547543586949,non_overlapping,observed,paired
baseline,10,4,semiconductor,uptrend,145,0.36551724137931035,0.6344827586206897,2.053763440860215,0.06576788521278927,-0.06293702402341184,-0.0005043710373682629,73886,4936,-0.06293702402341184,non_overlapping,observed,paired
baseline,10,4,software,correction,16,0.5,0.5,4.333333333333333,0.06363689575216226,-0.051384795969368596,0.02553475576061951,131931,8995,-0.051384795969368596,non_overlapping,observed,paired
baseline,10,4,software,range_bound,15,0.4,0.6,3.75,0.04178653944815826,-0.05701065956639203,-0.013301446683805885,131931,8995,-0.05701065956639203,non_overlapping,observed,paired
baseline,10,4,software,under_pressure,121,0.4297520661157025,0.5702479338842975,2.7777777777777777,0.04738341458428574,-0.05645256188221439,-0.005196652172156008,131931,8995,-0.05645256188221439,non_overlapping,observed,paired
baseline,10,4,software,uptrend,275,0.38545454545454544,0.6145454545454545,2.3795180722891565,0.05503691938964238,-0.055184481690089965,-0.0041043394054033604,131931,8995,-0.055184481690089965,non_overlapping,observed,paired
baseline,10,5,other,correction,34,0.4411764705882353,0.5588235294117647,2.0952380952380953,0.06534463629281903,-0.08286623837008375,-0.006090568598721953,151384,8303,-0.08286623837008375,non_overlapping,observed,paired
baseline,10,5,other,range_bound,3,0.6666666666666666,0.3333333333333333,3.6666666666666665,0.10161799382477883,-0.028655091169697406,0.0717408938060707,151384,8303,-0.028655091169697406,non_overlapping,observed,paired
baseline,10,5,other,under_pressure,107,0.4672897196261682,0.5327102803738317,2.4078947368421053,0.06332364083896451,-0.05320722935811725,0.005634564775579606,151384,8303,-0.05320722935811725,non_overlapping,observed,paired
baseline,10,5,other,uptrend,312,0.38461538461538464,0.6153846153846154,3.533333333333333,0.06141147698866071,-0.05017235233784074,0.010555643302929142,151384,8303,-0.05017235233784074,non_overlapping,observed,paired
baseline,10,5,semiconductor,correction,10,0.6,0.4,2.888888888888889,0.12193135522374972,-0.08627671437580872,0.0441092724359131,73886,4936,-0.08627671437580872,non_overlapping,observed,paired
baseline,10,5,semiconductor,range_bound,11,0.8181818181818182,0.18181818181818182,1.3,0.14551472970564605,-0.03264984969383546,0.09831890001928943,73886,4936,-0.03264984969383546,non_overlapping,observed,paired
baseline,10,5,semiconductor,under_pressure,58,0.4827586206896552,0.5172413793103449,2.1136363636363638,0.09704634806894279,-0.0797130455800492,-0.002791856831120893,73886,4936,-0.0797130455800492,non_overlapping,observed,paired
baseline,10,5,semiconductor,uptrend,136,0.3382352941176471,0.6617647058823529,3.0736842105263156,0.09897616895475946,-0.06707453683077222,0.022683096691225986,73886,4936,-0.06707453683077222,non_overlapping,observed,paired
baseline,10,5,software,acute_selloff,2,0.5,0.5,0.5,0.1310878640955232,-0.04361830282845619,0.0715073100869319,131931,8995,-0.04361830282845619,non_overlapping,observed,paired
baseline,10,5,software,correction,33,0.24242424242424243,0.7575757575757576,2.125,0.09183084952067173,-0.08360413396416427,0.031338629541572696,131931,8995,-0.08360413396416427,non_overlapping,observed,paired
baseline,10,5,software,range_bound,10,0.4,0.6,1.5555555555555556,0.06685363973014546,-0.052743044965004114,-0.011686524140223831,131931,8995,-0.052743044965004114,non_overlapping,observed,paired
baseline,10,5,software,under_pressure,85,0.4,0.6,2.4081632653061225,0.07840933332579701,-0.062406655838341006,-0.0004658474755468466,131931,8995,-0.062406655838341006,non_overlapping,observed,paired
baseline,10,5,software,uptrend,301,0.38205980066445183,0.6179401993355482,3.4516129032258065,0.0822424813356814,-0.0537406348007033,0.02760171641520575,131931,8995,-0.0537406348007033,non_overlapping,observed,paired
baseline,20,1,other,acute_selloff,3,0.3333333333333333,0.6666666666666666,0.5,0.10580921626058726,-0.018046675438765664,0.0750762252567679,151384,8303,-0.018046675438765664,non_overlapping,observed,paired
baseline,20,1,other,correction,18,0.6111111111111112,0.3888888888888889,6.25,0.05506071561609771,-0.035693817204441175,0.01843198770819747,151384,8303,-0.035693817204441175,non_overlapping,observed,paired
baseline,20,1,other,range_bound,17,0.5882352941176471,0.4117647058823529,5.5,0.07881785072178442,-0.022036083703909557,0.04886111628108323,151384,8303,-0.022036083703909557,non_overlapping,observed,paired
baseline,20,1,other,under_pressure,31,0.12903225806451613,0.8709677419354839,8.9375,0.03135427032950219,-0.05686196697627292,-0.017372381172442577,151384,8303,-0.05686196697627292,non_overlapping,observed,paired
baseline,20,1,other,uptrend,159,0.41509433962264153,0.5849056603773585,4.4,0.06571693043391191,-0.05414140509973786,0.0025344924321522664,151384,8303,-0.05414140509973786,non_overlapping,observed,paired
baseline,20,1,semiconductor,correction,7,0.42857142857142855,0.5714285714285714,3.142857142857143,0.12885797013014333,-0.05738766547191581,0.05988687239549157,73886,4936,-0.05738766547191581,non_overlapping,observed,paired
baseline,20,1,semiconductor,under_pressure,10,0.3,0.7,6.25,0.10422896542311474,-0.07146047523095583,0.020835720464280172,73886,4936,-0.07146047523095583,non_overlapping,observed,paired
baseline,20,1,semiconductor,uptrend,56,0.375,0.625,3.9130434782608696,0.09619499314968852,-0.07638693749786603,-0.0021782410976142314,73886,4936,-0.07638693749786603,non_overlapping,observed,paired
baseline,20,1,software,acute_selloff,2,0.5,0.5,0.5,0.42028988975319437,-0.04689743409759489,0.33207117438479405,131931,8995,-0.04689743409759489,non_overlapping,observed,paired
baseline,20,1,software,correction,11,0.36363636363636365,0.6363636363636364,2.7777777777777777,0.06272199902833636,-0.09285205666747345,-0.003162822558156021,131931,8995,-0.09285205666747345,non_overlapping,observed,paired
baseline,20,1,software,range_bound,4,0.5,0.5,4.333333333333333,0.11434842644931464,-0.030846967165237882,0.10277956521242226,131931,8995,-0.030846967165237882,non_overlapping,observed,paired
baseline,20,1,software,under_pressure,24,0.3333333333333333,0.6666666666666666,4.368421052631579,0.08607047763796931,-0.08040251181512101,-0.0009063971090705336,131931,8995,-0.08040251181512101,non_overlapping,observed,paired
baseline,20,1,software,uptrend,99,0.46464646464646464,0.5353535353535354,4.2025316455696204,0.23878074390103385,-0.056948103004089895,0.10460814479586457,131931,8995,-0.056948103004089895,non_overlapping,observed,paired
baseline,20,2,other,acute_selloff,2,0.0,1.0,1.5,0.1660642219965569,-0.25872063177171273,0.036840602356149055,151384,8303,-0.25872063177171273,non_overlapping,observed,paired
baseline,20,2,other,correction,4,0.5,0.5,3.6666666666666665,0.17035970480266777,-0.11918205809407559,0.04957668009949734,151384,8303,-0.11918205809407559,non_overlapping,observed,paired
baseline,20,2,other,range_bound,2,0.5,0.5,12.5,0.09438793460009709,-0.0783722316017691,0.02197847588930557,151384,8303,-0.0783722316017691,non_overlapping,observed,paired
baseline,20,2,other,under_pressure,9,0.2222222222222222,0.7777777777777778,5.666666666666667,0.08477235263226578,-0.11501773562744429,-0.02406035491960275,151384,8303,-0.11501773562744429,non_overlapping,observed,paired
baseline,20,2,other,uptrend,202,0.3910891089108911,0.6089108910891089,6.32824427480916,0.06193641303634482,-0.05981754103385039,0.00752477057352481,151384,8303,-0.05981754103385039,non_overlapping,observed,paired
baseline,20,2,semiconductor,acute_selloff,1,0.0,1.0,,0.005070993914807476,-0.06186612576064898,-0.016227180527383367,73886,4936,-0.06186612576064898,non_overlapping,observed,paired
baseline,20,2,semiconductor,correction,2,0.5,0.5,8.0,0.12562121330522402,-0.03376528635492493,0.09456729751848791,73886,4936,-0.03376528635492493,non_overlapping,observed,paired
baseline,20,2,semiconductor,range_bound,1,1.0,0.0,2.0,0.12877997914494266,-0.0057351407716370595,0.12356621480709085,73886,4936,-0.0057351407716370595,non_overlapping,observed,paired
baseline,20,2,semiconductor,under_pressure,5,0.6,0.4,3.5,0.07407654151741036,-0.02414792576314635,0.014321116123688004,73886,4936,-0.02414792576314635,non_overlapping,observed,paired
baseline,20,2,semiconductor,uptrend,70,0.32857142857142857,0.6714285714285714,6.7,0.07312605095960809,-0.08046171226854798,0.012725811053312093,73886,4936,-0.08046171226854798,non_overlapping,observed,paired
baseline,20,2,software,acute_selloff,1,1.0,0.0,2.0,0.4078116901147726,-0.05467882265827484,0.40121714179933354,131931,8995,-0.05467882265827484,non_overlapping,observed,paired
baseline,20,2,software,correction,6,0.5,0.5,2.6,0.26558337108913377,-0.030639989860039518,0.234871801945525,131931,8995,-0.030639989860039518,non_overlapping,observed,paired
baseline,20,2,software,range_bound,1,1.0,0.0,3.0,0.12207044990679106,-0.018554841348904172,0.09746098066536835,131931,8995,-0.018554841348904172,non_overlapping,observed,paired
baseline,20,2,software,under_pressure,16,0.1875,0.8125,4.5,0.09255590049247138,-0.08447072925324203,-0.02333144160854142,131931,8995,-0.08447072925324203,non_overlapping,observed,paired
baseline,20,2,software,uptrend,147,0.32653061224489793,0.673469387755102,6.586206896551724,0.07053868670290916,-0.07361127878313177,0.006116744667460704,131931,8995,-0.07361127878313177,non_overlapping,observed,paired
baseline,20,3,other,acute_selloff,3,0.0,1.0,6.0,0.05901904843951167,-0.24833861443078556,-0.012304809049212643,151384,8303,-0.24833861443078556,non_overlapping,observed,paired
baseline,20,3,other,correction,33,0.48484848484848486,0.5151515151515151,3.8846153846153846,0.08467679178346024,-0.05683554547799712,0.02494528852663632,151384,8303,-0.05683554547799712,non_overlapping,observed,paired
baseline,20,3,other,range_bound,13,0.5384615384615384,0.46153846153846156,2.5454545454545454,0.07621900200519884,-0.07053536682973936,-0.025319275632782936,151384,8303,-0.07053536682973936,non_overlapping,observed,paired
baseline,20,3,other,under_pressure,25,0.28,0.72,6.428571428571429,0.07297142448589691,-0.0587667431367612,0.015742713558541,151384,8303,-0.0587667431367612,non_overlapping,observed,paired
baseline,20,3,other,uptrend,164,0.3048780487804878,0.6951219512195121,4.371428571428571,0.05363131185603189,-0.057959490593963894,0.0005604125325167895,151384,8303,-0.057959490593963894,non_overlapping,observed,paired
baseline,20,3,semiconductor,acute_selloff,2,0.5,0.5,3.5,0.1231727402493249,-0.12486029677798366,-0.0913053308317916,73886,4936,-0.12486029677798366,non_overlapping,observed,paired
baseline,20,3,semiconductor,correction,16,0.4375,0.5625,3.5714285714285716,0.15935472453283483,-0.07138731352978711,0.1062468966533811,73886,4936,-0.07138731352978711,non_overlapping,observed,paired
baseline,20,3,semiconductor,range_bound,6,0.5,0.5,1.2,0.1437722553869357,-0.03470575313902482,0.0760348460398053,73886,4936,-0.03470575313902482,non_overlapping,observed,paired
baseline,20,3,semiconductor,under_pressure,8,0.625,0.375,2.5714285714285716,0.13213078954593585,-0.037799712061721585,0.05117422403397384,73886,4936,-0.037799712061721585,non_overlapping,observed,paired
baseline,20,3,semiconductor,uptrend,78,0.2692307692307692,0.7307692307692307,5.709090909090909,0.0953245590611638,-0.05591135165084878,0.05004430623598835,73886,4936,-0.05591135165084878,non_overlapping,observed,paired
baseline,20,3,software,acute_selloff,4,0.25,0.75,0.3333333333333333,0.06741719867872503,-0.05088624589316912,0.003815943096993568,131931,8995,-0.05088624589316912,non_overlapping,observed,paired
baseline,20,3,software,correction,30,0.3333333333333333,0.6666666666666666,5.2727272727272725,0.0962540240151785,-0.12598076342551356,-0.021178374457144118,131931,8995,-0.12598076342551356,non_overlapping,observed,paired
baseline,20,3,software,range_bound,11,0.18181818181818182,0.8181818181818182,3.2222222222222223,0.1505426662429892,-0.18075935830173914,-0.11507341763855522,131931,8995,-0.18075935830173914,non_overlapping,observed,paired
baseline,20,3,software,under_pressure,24,0.375,0.625,5.944444444444445,0.11744822782342464,-0.07508348687509286,0.027401501355012254,131931,8995,-0.07508348687509286,non_overlapping,observed,paired
baseline,20,3,software,uptrend,166,0.41566265060240964,0.5843373493975904,4.267241379310345,0.09895784516547469,-0.04639293457361551,0.04662952581410581,131931,8995,-0.04639293457361551,non_overlapping,observed,paired
baseline,20,4,other,correction,9,0.3333333333333333,0.6666666666666666,7.375,0.04500798854470848,-0.04861752715136068,0.009454732958611593,151384,8303,-0.04861752715136068,non_overlapping,observed,paired
baseline,20,4,other,range_bound,4,0.5,0.5,9.0,0.04576807294042057,-0.05578984671630366,-0.013637203252653635,151384,8303,-0.05578984671630366,non_overlapping,observed,paired
baseline,20,4,other,under_pressure,51,0.3137254901960784,0.6862745098039216,6.9,0.07148895582375228,-0.05871111831529063,0.028127756083759187,151384,8303,-0.05871111831529063,non_overlapping,observed,paired
baseline,20,4,other,uptrend,147,0.20408163265306123,0.7959183673469388,4.693181818181818,0.05395475397402552,-0.08352649192352397,-0.033710457970024386,151384,8303,-0.08352649192352397,non_overlapping,observed,paired
baseline,20,4,semiconductor,correction,7,0.2857142857142857,0.7142857142857143,4.5,0.07910701275842001,-0.07947869641356228,-0.0022868423883883405,73886,4936,-0.07947869641356228,non_overlapping,observed,paired
baseline,20,4,semiconductor,range_bound,6,0.16666666666666666,0.8333333333333334,2.6666666666666665,0.12134040530751451,-0.06166402178643652,0.05719984721623376,73886,4936,-0.06166402178643652,non_overlapping,observed,paired
baseline,20,4,semiconductor,under_pressure,15,0.2,0.8,3.923076923076923,0.08904287070634732,-0.07875640214450798,-0.01368838024699374,73886,4936,-0.07875640214450798,non_overlapping,observed,paired
baseline,20,4,semiconductor,uptrend,73,0.1506849315068493,0.8493150684931506,2.6122448979591835,0.08324646728922767,-0.10626169489844088,-0.03034592220703259,73886,4936,-0.10626169489844088,non_overlapping,observed,paired
baseline,20,4,software,correction,3,0.6666666666666666,0.3333333333333333,1.6666666666666667,0.11317933100269177,-0.028634668479310326,0.0795818444217032,131931,8995,-0.028634668479310326,non_overlapping,observed,paired
baseline,20,4,software,range_bound,8,0.125,0.875,3.2,0.042251581807783434,-0.061754460716654136,-0.01172350025674844,131931,8995,-0.061754460716654136,non_overlapping,observed,paired
baseline,20,4,software,under_pressure,36,0.6666666666666666,0.3333333333333333,4.705882352941177,0.0998912460225899,-0.04448184798241839,0.053531647497253136,131931,8995,-0.04448184798241839,non_overlapping,observed,paired
baseline,20,4,software,uptrend,146,0.2054794520547945,0.7945205479452054,3.9702970297029703,0.07798516793024335,-0.10243299523613147,-0.027459820912446285,131931,8995,-0.10243299523613147,non_overlapping,observed,paired
baseline,20,5,other,correction,13,0.23076923076923078,0.7692307692307693,6.0,0.12348398723786,-0.10610617202384365,0.03715324506135639,151384,8303,-0.10610617202384365,non_overlapping,observed,paired
baseline,20,5,other,range_bound,1,0.0,1.0,7.0,0.10079233462318027,-0.07388981020821828,-0.028745163073521374,151384,8303,-0.07388981020821828,non_overlapping,observed,paired
baseline,20,5,other,under_pressure,25,0.44,0.56,3.35,0.1055837110196684,-0.047557723225900066,0.037166763655532634,151384,8303,-0.047557723225900066,non_overlapping,observed,paired
baseline,20,5,other,uptrend,146,0.2465753424657534,0.7534246575342466,4.933333333333334,0.09387129995420791,-0.07261243376549502,0.025687213994001735,151384,8303,-0.07261243376549502,non_overlapping,observed,paired
baseline,20,5,semiconductor,correction,3,0.0,1.0,0.3333333333333333,0.36281089750273704,-0.2522479379846561,0.05052544554144515,73886,4936,-0.2522479379846561,non_overlapping,observed,paired
baseline,20,5,semiconductor,range_bound,4,1.0,0.0,0.25,0.35159715766430216,-0.028486920748789057,0.2696687326300514,73886,4936,-0.028486920748789057,non_overlapping,observed,paired
baseline,20,5,semiconductor,under_pressure,21,0.3333333333333333,0.6666666666666666,2.6842105263157894,0.17748744820799747,-0.11182153434170962,0.05909854735543037,73886,4936,-0.11182153434170962,non_overlapping,observed,paired
baseline,20,5,semiconductor,uptrend,59,0.15254237288135594,0.847457627118644,4.214285714285714,0.12927611223928057,-0.09406117714272569,0.03272890459352846,73886,4936,-0.09406117714272569,non_overlapping,observed,paired
baseline,20,5,software,correction,11,0.2727272727272727,0.7272727272727273,5.818181818181818,0.36989400552003937,-0.09800209926821216,0.24002319514076295,131931,8995,-0.09800209926821216,non_overlapping,observed,paired
baseline,20,5,software,range_bound,4,0.5,0.5,2.0,0.1170058506781263,-0.15240090674373777,-0.09478432646812379,131931,8995,-0.15240090674373777,non_overlapping,observed,paired
baseline,20,5,software,under_pressure,30,0.4,0.6,3.0,0.16591322116898344,-0.07209413253095617,0.08274531986347536,131931,8995,-0.07209413253095617,non_overlapping,observed,paired
baseline,20,5,software,uptrend,128,0.3125,0.6875,4.846938775510204,0.15020024227150006,-0.0637587186616107,0.08724242602623704,131931,8995,-0.0637587186616107,non_overlapping,observed,paired
baseline_plus_historical_demand,5,1,other,acute_selloff,23,0.6086956521739131,0.391304347826087,1.4666666666666666,0.0444321976010976,-0.026399267865265016,0.026084452575992158,168110,8195,-0.026399267865265016,non_overlapping,observed,paired
baseline_plus_historical_demand,5,1,other,correction,183,0.6284153005464481,0.37158469945355194,1.6455696202531647,0.03586916920956875,-0.0303756751958329,0.003305885662887739,168110,8195,-0.0303756751958329,non_overlapping,observed,paired
baseline_plus_historical_demand,5,1,other,range_bound,142,0.6408450704225352,0.3591549295774648,1.7636363636363637,0.033551535400560537,-0.02166495571820166,0.012827149454275663,168110,8195,-0.02166495571820166,non_overlapping,observed,paired
baseline_plus_historical_demand,5,1,other,under_pressure,280,0.45357142857142857,0.5464285714285714,1.6888888888888889,0.024558904487931178,-0.033642639867675635,-0.006550366974585777,168110,8195,-0.033642639867675635,non_overlapping,observed,paired
baseline_plus_historical_demand,5,1,other,uptrend,734,0.5354223433242506,0.4645776566757493,1.7179487179487178,0.026065755422533202,-0.02731541500709527,-0.0019683580163259405,168110,8195,-0.02731541500709527,non_overlapping,observed,paired
baseline_plus_historical_demand,5,1,semiconductor,acute_selloff,9,0.7777777777777778,0.2222222222222222,0.0,0.05898213945355731,-0.016722860111834943,0.029165425309818645,88937,4863,-0.016722860111834943,non_overlapping,observed,paired
baseline_plus_historical_demand,5,1,semiconductor,correction,86,0.47674418604651164,0.5232558139534884,1.326086956521739,0.04958738577907251,-0.043735977840184764,0.004121674515678914,88937,4863,-0.043735977840184764,non_overlapping,observed,paired
baseline_plus_historical_demand,5,1,semiconductor,range_bound,39,0.717948717948718,0.28205128205128205,1.4444444444444444,0.0597068278041105,-0.01873195659030587,0.03331987616792153,88937,4863,-0.01873195659030587,non_overlapping,observed,paired
baseline_plus_historical_demand,5,1,semiconductor,under_pressure,127,0.4094488188976378,0.5905511811023622,1.3859649122807018,0.04022296964464198,-0.04209428793203313,0.0001306867237006031,88937,4863,-0.04209428793203313,non_overlapping,observed,paired
baseline_plus_historical_demand,5,1,semiconductor,uptrend,333,0.5285285285285285,0.47147147147147145,1.6666666666666667,0.03544995769466667,-0.03729216819636632,-0.003640454471462092,88937,4863,-0.03729216819636632,non_overlapping,observed,paired
baseline_plus_historical_demand,5,1,software,acute_selloff,16,0.6875,0.3125,1.2666666666666666,0.06410899693260781,-0.03540251071512306,0.026210747609613415,152481,8862,-0.03540251071512306,non_overlapping,observed,paired
baseline_plus_historical_demand,5,1,software,correction,120,0.6083333333333333,0.39166666666666666,1.671641791044776,0.04755397699533468,-0.04251802089726617,0.006652726649841513,152481,8862,-0.04251802089726617,non_overlapping,observed,paired
baseline_plus_historical_demand,5,1,software,range_bound,88,0.6704545454545454,0.32954545454545453,1.8541666666666667,0.050904296034144654,-0.030230981207846355,0.023075703304254094,152481,8862,-0.030230981207846355,non_overlapping,observed,paired
baseline_plus_historical_demand,5,1,software,under_pressure,194,0.5,0.5,1.6170212765957446,0.03926648366705677,-0.03894767854685411,0.0066254135014824096,152481,8862,-0.03894767854685411,non_overlapping,observed,paired
baseline_plus_historical_demand,5,1,software,uptrend,508,0.6141732283464567,0.3858267716535433,1.751131221719457,0.05262503648696393,-0.03291991973428054,0.017775141974364674,152481,8862,-0.03291991973428054,non_overlapping,observed,paired
baseline_plus_historical_demand,5,2,other,acute_selloff,27,0.2222222222222222,0.7777777777777778,1.625,0.07007735707630106,-0.13001075520294678,-0.03224232017855738,168110,8195,-0.13001075520294678,non_overlapping,observed,paired
baseline_plus_historical_demand,5,2,other,correction,71,0.6338028169014085,0.36619718309859156,1.4047619047619047,0.05493677394229149,-0.043818812390681715,0.015510311103184054,168110,8195,-0.043818812390681715,non_overlapping,observed,paired
baseline_plus_historical_demand,5,2,other,range_bound,36,0.7222222222222222,0.2777777777777778,1.9444444444444444,0.04723834374771716,-0.03566807534097183,0.005448521177671435,168110,8195,-0.03566807534097183,non_overlapping,observed,paired
baseline_plus_historical_demand,5,2,other,under_pressure,238,0.5462184873949579,0.453781512605042,1.7545454545454546,0.035408000616266276,-0.03358846448864827,0.0029755034393484903,168110,8195,-0.03358846448864827,non_overlapping,observed,paired
baseline_plus_historical_demand,5,2,other,uptrend,1039,0.5640038498556305,0.4359961501443696,1.7524752475247525,0.03574104874481031,-0.03049058553759543,0.0041170058531694795,168110,8195,-0.03049058553759543,non_overlapping,observed,paired
baseline_plus_historical_demand,5,2,semiconductor,acute_selloff,14,0.5,0.5,0.625,0.05061635516846704,-0.05867151937827584,-0.015993881931404323,88937,4863,-0.05867151937827584,non_overlapping,observed,paired
baseline_plus_historical_demand,5,2,semiconductor,correction,40,0.7,0.3,1.6538461538461537,0.06791571395227496,-0.04541770131900484,0.02842789796911192,88937,4863,-0.04541770131900484,non_overlapping,observed,paired
baseline_plus_historical_demand,5,2,semiconductor,range_bound,19,0.5263157894736842,0.47368421052631576,0.8888888888888888,0.04772814165767938,-0.03700070615338684,0.01107488316650754,88937,4863,-0.03700070615338684,non_overlapping,observed,paired
baseline_plus_historical_demand,5,2,semiconductor,under_pressure,110,0.6090909090909091,0.39090909090909093,1.0144927536231885,0.04861148370686329,-0.03751471884870731,0.007041878648443237,88937,4863,-0.03751471884870731,non_overlapping,observed,paired
baseline_plus_historical_demand,5,2,semiconductor,uptrend,434,0.5483870967741935,0.45161290322580644,1.4864864864864864,0.040257300880168795,-0.0399275918428353,-0.0003146324408874472,88937,4863,-0.0399275918428353,non_overlapping,observed,paired
baseline_plus_historical_demand,5,2,software,acute_selloff,26,0.3076923076923077,0.6923076923076923,1.2941176470588236,0.18458379070997713,-0.0818462819504977,0.10764611341814509,152481,8862,-0.0818462819504977,non_overlapping,observed,paired
baseline_plus_historical_demand,5,2,software,correction,68,0.6470588235294118,0.35294117647058826,1.565217391304348,0.06840605071863379,-0.04253907182238442,0.023107150826334605,152481,8862,-0.04253907182238442,non_overlapping,observed,paired
baseline_plus_historical_demand,5,2,software,range_bound,43,0.6511627906976745,0.3488372093023256,1.7142857142857142,0.0800541786450829,-0.03214876087509741,0.01593704382896178,152481,8862,-0.03214876087509741,non_overlapping,observed,paired
baseline_plus_historical_demand,5,2,software,under_pressure,173,0.5260115606936416,0.47398843930635837,1.6179775280898876,0.037507832490713724,-0.037039403569833984,0.0015582617072320514,152481,8862,-0.037039403569833984,non_overlapping,observed,paired
baseline_plus_historical_demand,5,2,software,uptrend,714,0.5714285714285714,0.42857142857142855,1.6418439716312057,0.03853988514324163,-0.03661484335257907,0.004201627112310843,152481,8862,-0.03661484335257907,non_overlapping,observed,paired
baseline_plus_historical_demand,5,3,other,acute_selloff,52,0.46153846153846156,0.5384615384615384,1.393939393939394,0.04791283745381966,-0.04647555649303192,0.00873674006606667,168110,8195,-0.04647555649303192,non_overlapping,observed,paired
baseline_plus_historical_demand,5,3,other,correction,375,0.512,0.488,1.535,0.0439411402348995,-0.04166056796036728,-0.0015841217919115463,168110,8195,-0.04166056796036728,non_overlapping,observed,paired
baseline_plus_historical_demand,5,3,other,range_bound,202,0.5594059405940595,0.4405940594059406,1.7216494845360826,0.03761133900657813,-0.03189259689818347,0.0028843392387090223,168110,8195,-0.03189259689818347,non_overlapping,observed,paired
baseline_plus_historical_demand,5,3,other,under_pressure,182,0.532967032967033,0.46703296703296704,1.5789473684210527,0.03233473682727154,-0.03442786269225533,-0.0017499501795795033,168110,8195,-0.03442786269225533,non_overlapping,observed,paired
baseline_plus_historical_demand,5,3,other,uptrend,637,0.5290423861852434,0.47095761381475665,1.8577777777777778,0.027425983957510718,-0.02733526513766223,0.0010043892624479055,168110,8195,-0.02733526513766223,non_overlapping,observed,paired
baseline_plus_historical_demand,5,3,semiconductor,acute_selloff,26,0.5384615384615384,0.46153846153846156,1.6428571428571428,0.05534746908093074,-0.059438430181736564,0.013485635013553739,88937,4863,-0.059438430181736564,non_overlapping,observed,paired
baseline_plus_historical_demand,5,3,semiconductor,correction,188,0.4574468085106383,0.5425531914893617,1.4464285714285714,0.057244526683247456,-0.050734786704036174,0.007514132658010983,88937,4863,-0.050734786704036174,non_overlapping,observed,paired
baseline_plus_historical_demand,5,3,semiconductor,range_bound,86,0.5581395348837209,0.4418604651162791,0.9122807017543859,0.05597002489187503,-0.037500061309582416,0.008463171923309075,88937,4863,-0.037500061309582416,non_overlapping,observed,paired
baseline_plus_historical_demand,5,3,semiconductor,under_pressure,75,0.48,0.52,1.25,0.049883883565759186,-0.04479939134708311,-0.00013191011437830636,88937,4863,-0.04479939134708311,non_overlapping,observed,paired
baseline_plus_historical_demand,5,3,semiconductor,uptrend,306,0.5261437908496732,0.4738562091503268,1.5891472868217054,0.036369878862118746,-0.033391614895955365,0.0018488367457196008,88937,4863,-0.033391614895955365,non_overlapping,observed,paired
baseline_plus_historical_demand,5,3,software,acute_selloff,36,0.5,0.5,1.2222222222222223,0.07395867688936199,-0.046664935946169654,0.020105014545990032,152481,8862,-0.046664935946169654,non_overlapping,observed,paired
baseline_plus_historical_demand,5,3,software,correction,310,0.4032258064516129,0.5967741935483871,1.1728395061728396,0.049679236886467866,-0.06349102928332696,-0.011280403497654534,152481,8862,-0.06349102928332696,non_overlapping,observed,paired
baseline_plus_historical_demand,5,3,software,range_bound,170,0.5882352941176471,0.4117647058823529,1.3617021276595744,0.04975573370257291,-0.04339860765916609,0.0006614469306214336,152481,8862,-0.04339860765916609,non_overlapping,observed,paired
baseline_plus_historical_demand,5,3,software,under_pressure,171,0.5847953216374269,0.4152046783625731,1.6774193548387097,0.04799368325276421,-0.03790593234838836,0.0070391455082007915,152481,8862,-0.03790593234838836,non_overlapping,observed,paired
baseline_plus_historical_demand,5,3,software,uptrend,643,0.5583203732503889,0.4416796267496112,1.6612244897959183,0.03435100227604823,-0.028238522203445214,0.005072595422121937,152481,8862,-0.028238522203445214,non_overlapping,observed,paired
baseline_plus_historical_demand,5,4,other,acute_selloff,5,0.8,0.2,1.3333333333333333,0.03469906370991986,-0.02724392090100276,0.013698894808202588,168110,8195,-0.02724392090100276,non_overlapping,observed,paired
baseline_plus_historical_demand,5,4,other,correction,86,0.5581395348837209,0.4418604651162791,1.8666666666666667,0.03814427030662669,-0.037632410313638544,0.0034083199078204503,168110,8195,-0.037632410313638544,non_overlapping,observed,paired
baseline_plus_historical_demand,5,4,other,range_bound,89,0.6067415730337079,0.39325842696629215,1.837837837837838,0.06430369179268598,-0.031109884115380473,0.012585846300896882,168110,8195,-0.031109884115380473,non_overlapping,observed,paired
baseline_plus_historical_demand,5,4,other,under_pressure,480,0.4875,0.5125,1.7386363636363635,0.03115476609598693,-0.03560829109321302,-0.005395997044575079,168110,8195,-0.03560829109321302,non_overlapping,observed,paired
baseline_plus_historical_demand,5,4,other,uptrend,887,0.5298759864712514,0.4701240135287486,1.6552706552706553,0.032039095726807625,-0.029481102113077046,0.0011847940211045056,168110,8195,-0.029481102113077046,non_overlapping,observed,paired
baseline_plus_historical_demand,5,4,semiconductor,acute_selloff,3,0.3333333333333333,0.6666666666666666,1.0,0.0644863008622687,-0.041402297381356444,0.03136793928627657,88937,4863,-0.041402297381356444,non_overlapping,observed,paired
baseline_plus_historical_demand,5,4,semiconductor,correction,32,0.625,0.375,1.4736842105263157,0.05165667114518478,-0.04978720896980187,0.0076364568781079195,88937,4863,-0.04978720896980187,non_overlapping,observed,paired
baseline_plus_historical_demand,5,4,semiconductor,range_bound,36,0.5555555555555556,0.4444444444444444,2.3157894736842106,0.04302163463174841,-0.04071772634742058,0.004151679828968447,88937,4863,-0.04071772634742058,non_overlapping,observed,paired
baseline_plus_historical_demand,5,4,semiconductor,under_pressure,183,0.453551912568306,0.546448087431694,1.3176470588235294,0.03823930859363737,-0.043802394495429525,-0.004634595084903914,88937,4863,-0.043802394495429525,non_overlapping,observed,paired
baseline_plus_historical_demand,5,4,semiconductor,uptrend,389,0.48586118251928023,0.5141388174807198,1.2654028436018958,0.047065043978225585,-0.042699642429049334,0.0014389618913394637,88937,4863,-0.042699642429049334,non_overlapping,observed,paired
baseline_plus_historical_demand,5,4,software,acute_selloff,7,0.8571428571428571,0.14285714285714285,1.6666666666666667,0.16483010362042294,-0.025213827026947317,0.10683130155862083,152481,8862,-0.025213827026947317,non_overlapping,observed,paired
baseline_plus_historical_demand,5,4,software,correction,70,0.5571428571428572,0.44285714285714284,1.7941176470588236,0.039992612165874804,-0.04038051981006837,0.007120883102623233,152481,8862,-0.04038051981006837,non_overlapping,observed,paired
baseline_plus_historical_demand,5,4,software,range_bound,88,0.6136363636363636,0.38636363636363635,1.6829268292682926,0.04099404354172695,-0.027144670273547736,0.00901889586264579,152481,8862,-0.027144670273547736,non_overlapping,observed,paired
baseline_plus_historical_demand,5,4,software,under_pressure,420,0.5023809523809524,0.4976190476190476,1.5885714285714285,0.038025656733602274,-0.03836488918293101,4.054534856436682e-05,152481,8862,-0.03836488918293101,non_overlapping,observed,paired
baseline_plus_historical_demand,5,4,software,uptrend,803,0.5155666251556662,0.48443337484433374,1.5456989247311828,0.04191507957414058,-0.0371397961401381,0.0019867144333276915,152481,8862,-0.0371397961401381,non_overlapping,observed,paired
baseline_plus_historical_demand,5,5,other,acute_selloff,8,0.625,0.375,1.4,0.050249653659241916,-0.045704167403981796,0.024920096214960052,168110,8195,-0.045704167403981796,non_overlapping,observed,paired
baseline_plus_historical_demand,5,5,other,correction,105,0.5428571428571428,0.45714285714285713,1.2753623188405796,0.05173228207813226,-0.05020544299002811,0.0018695346011769376,168110,8195,-0.05020544299002811,non_overlapping,observed,paired
baseline_plus_historical_demand,5,5,other,range_bound,39,0.5128205128205128,0.48717948717948717,1.6666666666666667,0.042285153778282,-0.035080263441267676,0.010677852797066123,168110,8195,-0.035080263441267676,non_overlapping,observed,paired
baseline_plus_historical_demand,5,5,other,under_pressure,362,0.5248618784530387,0.47513812154696133,1.419889502762431,0.04059343895242296,-0.03552960573766489,0.00423757100335022,168110,8195,-0.03552960573766489,non_overlapping,observed,paired
baseline_plus_historical_demand,5,5,other,uptrend,896,0.5055803571428571,0.49441964285714285,1.7100271002710028,0.035202265963391835,-0.03269224062837743,0.002856362959603842,168110,8195,-0.03269224062837743,non_overlapping,observed,paired
baseline_plus_historical_demand,5,5,semiconductor,acute_selloff,3,0.6666666666666666,0.3333333333333333,1.6666666666666667,0.12394863449007036,-0.06201988028812733,0.08576327645159816,88937,4863,-0.06201988028812733,non_overlapping,observed,paired
baseline_plus_historical_demand,5,5,semiconductor,correction,37,0.5675675675675675,0.43243243243243246,1.037037037037037,0.06247834374391938,-0.0718388666327966,0.0035897505498353618,88937,4863,-0.0718388666327966,non_overlapping,observed,paired
baseline_plus_historical_demand,5,5,semiconductor,range_bound,35,0.7142857142857143,0.2857142857142857,0.9629629629629629,0.0834313980681922,-0.03160613352068224,0.046265884583153144,88937,4863,-0.03160613352068224,non_overlapping,observed,paired
baseline_plus_historical_demand,5,5,semiconductor,under_pressure,179,0.5251396648044693,0.4748603351955307,1.233009708737864,0.06376155894128807,-0.05924766223621994,0.0072875482357703915,88937,4863,-0.05924766223621994,non_overlapping,observed,paired
baseline_plus_historical_demand,5,5,semiconductor,uptrend,399,0.46115288220551376,0.5388471177944862,1.4439024390243902,0.05868916687322832,-0.052962616045012366,0.00287752545644406,88937,4863,-0.052962616045012366,non_overlapping,observed,paired
baseline_plus_historical_demand,5,5,software,acute_selloff,6,0.3333333333333333,0.6666666666666666,0.6,0.1163168789944482,-0.0708965890871517,0.025417854553089314,152481,8862,-0.0708965890871517,non_overlapping,observed,paired
baseline_plus_historical_demand,5,5,software,correction,103,0.33980582524271846,0.6601941747572816,1.2745098039215685,0.049350328872020614,-0.061004351615112556,-0.010873479215358433,152481,8862,-0.061004351615112556,non_overlapping,observed,paired
baseline_plus_historical_demand,5,5,software,range_bound,40,0.7,0.3,1.25,0.06473959772028555,-0.02536262644355871,0.034109250351147605,152481,8862,-0.02536262644355871,non_overlapping,observed,paired
baseline_plus_historical_demand,5,5,software,under_pressure,326,0.5153374233128835,0.48466257668711654,1.2222222222222223,0.046534935842429744,-0.0458177144189804,0.0014566980316425035,152481,8862,-0.0458177144189804,non_overlapping,observed,paired
baseline_plus_historical_demand,5,5,software,uptrend,815,0.49447852760736194,0.505521472392638,1.4913294797687862,0.04642015065057416,-0.04192596209383291,0.0038821028614173425,152481,8862,-0.04192596209383291,non_overlapping,observed,paired
baseline_plus_historical_demand,10,1,other,acute_selloff,6,0.3333333333333333,0.6666666666666666,1.75,0.07674802363899746,-0.013883724808393208,0.06656513996553153,168110,8195,-0.013883724808393208,non_overlapping,observed,paired
baseline_plus_historical_demand,10,1,other,correction,56,0.5892857142857143,0.4107142857142857,2.515151515151515,0.041124709919996776,-0.038120690437453766,0.003365483336833157,168110,8195,-0.038120690437453766,non_overlapping,observed,paired
baseline_plus_historical_demand,10,1,other,range_bound,48,0.5416666666666666,0.4583333333333333,2.875,0.045879985325773344,-0.022973620746722555,0.01966445440218929,168110,8195,-0.022973620746722555,non_overlapping,observed,paired
baseline_plus_historical_demand,10,1,other,under_pressure,91,0.2967032967032967,0.7032967032967034,3.4,0.032923723799824375,-0.03944713235073663,-0.0017282496724773124,168110,8195,-0.03944713235073663,non_overlapping,observed,paired
baseline_plus_historical_demand,10,1,other,uptrend,301,0.45182724252491696,0.5481727574750831,2.8607594936708862,0.04056829397604726,-0.039511102200736684,0.0019987632093544025,168110,8195,-0.039511102200736684,non_overlapping,observed,paired
baseline_plus_historical_demand,10,1,semiconductor,acute_selloff,1,1.0,0.0,0.0,0.07193516367809982,-0.0046145494028230205,0.00597319010861419,88937,4863,-0.0046145494028230205,non_overlapping,observed,paired
baseline_plus_historical_demand,10,1,semiconductor,correction,17,0.47058823529411764,0.5294117647058824,2.8461538461538463,0.06975819683286878,-0.05200593049884925,0.024183442479067754,88937,4863,-0.05200593049884925,non_overlapping,observed,paired
baseline_plus_historical_demand,10,1,semiconductor,range_bound,9,0.5555555555555556,0.4444444444444444,2.5,0.0917284896922492,-0.023706625493154634,0.06961843948929564,88937,4863,-0.023706625493154634,non_overlapping,observed,paired
baseline_plus_historical_demand,10,1,semiconductor,under_pressure,33,0.3333333333333333,0.6666666666666666,3.25,0.05179645526996556,-0.04811172354344875,0.01923905955805987,88937,4863,-0.04811172354344875,non_overlapping,observed,paired
baseline_plus_historical_demand,10,1,semiconductor,uptrend,134,0.40298507462686567,0.5970149253731343,3.012987012987013,0.048154273408964214,-0.05413189000224521,-0.0013487957952859984,88937,4863,-0.05413189000224521,non_overlapping,observed,paired
baseline_plus_historical_demand,10,1,software,acute_selloff,2,0.5,0.5,0.5,0.17465014772604004,-0.04689743409759489,0.16068583595496522,152481,8862,-0.04689743409759489,non_overlapping,observed,paired
baseline_plus_historical_demand,10,1,software,correction,39,0.4358974358974359,0.5641025641025641,3.24,0.06384420186275008,-0.06274345765325738,-0.0011262747919436643,152481,8862,-0.06274345765325738,non_overlapping,observed,paired
baseline_plus_historical_demand,10,1,software,range_bound,22,0.5454545454545454,0.45454545454545453,2.0,0.11259648012504596,-0.037422249343389356,0.07334409678816045,152481,8862,-0.037422249343389356,non_overlapping,observed,paired
baseline_plus_historical_demand,10,1,software,under_pressure,74,0.40540540540540543,0.5945945945945946,3.1818181818181817,0.05629760795225019,-0.052201848057879044,0.011935994076559502,152481,8862,-0.052201848057879044,non_overlapping,observed,paired
baseline_plus_historical_demand,10,1,software,uptrend,195,0.5487179487179488,0.4512820512820513,2.5901639344262297,0.08770665141016554,-0.041298548344152725,0.04601629910239234,152481,8862,-0.041298548344152725,non_overlapping,observed,paired
baseline_plus_historical_demand,10,2,other,acute_selloff,6,0.16666666666666666,0.8333333333333334,0.75,0.08366037515996001,-0.20302221507304238,-0.028077892676853844,168110,8195,-0.20302221507304238,non_overlapping,observed,paired
baseline_plus_historical_demand,10,2,other,correction,16,0.5625,0.4375,2.6923076923076925,0.07121714607931938,-0.07839652299500027,-0.007792788492863113,168110,8195,-0.07839652299500027,non_overlapping,observed,paired
baseline_plus_historical_demand,10,2,other,range_bound,6,0.6666666666666666,0.3333333333333333,4.5,0.05004682341939589,-0.0336138940403532,0.011024487867300758,168110,8195,-0.0336138940403532,non_overlapping,observed,paired
baseline_plus_historical_demand,10,2,other,under_pressure,94,0.4787234042553192,0.5212765957446809,3.2580645161290325,0.0577344391554042,-0.04291424612849478,0.019553261266470702,168110,8195,-0.04291424612849478,non_overlapping,observed,paired
baseline_plus_historical_demand,10,2,other,uptrend,372,0.4543010752688172,0.5456989247311828,3.518918918918919,0.04454010675834212,-0.04165228204436166,0.0027842726777203702,168110,8195,-0.04165228204436166,non_overlapping,observed,paired
baseline_plus_historical_demand,10,2,semiconductor,acute_selloff,4,0.25,0.75,2.0,0.022958599162619275,-0.1088180142151641,-0.01019067420390185,88937,4863,-0.1088180142151641,non_overlapping,observed,paired
baseline_plus_historical_demand,10,2,semiconductor,correction,7,0.7142857142857143,0.2857142857142857,4.333333333333333,0.07642821039977729,-0.04246108556851442,0.04330693674192522,88937,4863,-0.04246108556851442,non_overlapping,observed,paired
baseline_plus_historical_demand,10,2,semiconductor,range_bound,5,0.6,0.4,3.0,0.09110060784993497,-0.04003317388791936,0.04751898373995358,88937,4863,-0.04003317388791936,non_overlapping,observed,paired
baseline_plus_historical_demand,10,2,semiconductor,under_pressure,42,0.5952380952380952,0.40476190476190477,1.7666666666666666,0.06713625021940628,-0.03643551057019456,0.03302954717029766,88937,4863,-0.03643551057019456,non_overlapping,observed,paired
baseline_plus_historical_demand,10,2,semiconductor,uptrend,144,0.3611111111111111,0.6388888888888888,2.8533333333333335,0.05444372882559168,-0.06472091591237047,-0.011063388542907802,88937,4863,-0.06472091591237047,non_overlapping,observed,paired
baseline_plus_historical_demand,10,2,software,acute_selloff,6,0.3333333333333333,0.6666666666666666,2.0,0.35569478835356744,-0.10568116689869683,-0.03827298397036575,152481,8862,-0.10568116689869683,non_overlapping,observed,paired
baseline_plus_historical_demand,10,2,software,correction,19,0.47368421052631576,0.5263157894736842,2.2142857142857144,0.11631183250001004,-0.08678861996514281,0.048328780068742104,152481,8862,-0.08678861996514281,non_overlapping,observed,paired
baseline_plus_historical_demand,10,2,software,range_bound,8,0.625,0.375,3.0,0.05428012103907645,-0.03109377756427363,0.010920815138555307,152481,8862,-0.03109377756427363,non_overlapping,observed,paired
baseline_plus_historical_demand,10,2,software,under_pressure,67,0.47761194029850745,0.5223880597014925,2.63265306122449,0.05862425518458668,-0.04209868910242709,0.0170892912451866,152481,8862,-0.04209868910242709,non_overlapping,observed,paired
baseline_plus_historical_demand,10,2,software,uptrend,278,0.4712230215827338,0.5287769784172662,3.2913907284768213,0.050912261416503846,-0.04948611995326279,0.00367546456419303,152481,8862,-0.04948611995326279,non_overlapping,observed,paired
baseline_plus_historical_demand,10,3,other,acute_selloff,15,0.4,0.6,1.875,0.06547477615101621,-0.10366553591286982,-0.03700649596801764,168110,8195,-0.10366553591286982,non_overlapping,observed,paired
baseline_plus_historical_demand,10,3,other,correction,103,0.5048543689320388,0.49514563106796117,2.3472222222222223,0.06159713518408412,-0.05025879693209664,0.012192612331716294,168110,8195,-0.05025879693209664,non_overlapping,observed,paired
baseline_plus_historical_demand,10,3,other,range_bound,58,0.43103448275862066,0.5689655172413793,2.236842105263158,0.053690187188791066,-0.04852446805429924,-0.004587650745160989,168110,8195,-0.04852446805429924,non_overlapping,observed,paired
baseline_plus_historical_demand,10,3,other,under_pressure,66,0.42424242424242425,0.5757575757575758,2.8536585365853657,0.04073582420921801,-0.04683349429697842,-0.002565029951100434,168110,8195,-0.04683349429697842,non_overlapping,observed,paired
baseline_plus_historical_demand,10,3,other,uptrend,287,0.3797909407665505,0.6202090592334495,3.0980392156862746,0.03882105743208294,-0.03549947918694905,0.003347576875056095,168110,8195,-0.03549947918694905,non_overlapping,observed,paired
baseline_plus_historical_demand,10,3,semiconductor,acute_selloff,6,0.6666666666666666,0.3333333333333333,3.8,0.07543726602439949,-0.0638738999955853,0.040976067006221806,88937,4863,-0.0638738999955853,non_overlapping,observed,paired
baseline_plus_historical_demand,10,3,semiconductor,correction,56,0.26785714285714285,0.7321428571428571,2.3513513513513513,0.07580462667861873,-0.07248714843044084,0.0044262360607189395,88937,4863,-0.07248714843044084,non_overlapping,observed,paired
baseline_plus_historical_demand,10,3,semiconductor,range_bound,23,0.4782608695652174,0.5217391304347826,1.3571428571428572,0.0805164994705927,-0.050825069998626,0.017503585927830297,88937,4863,-0.050825069998626,non_overlapping,observed,paired
baseline_plus_historical_demand,10,3,semiconductor,under_pressure,25,0.52,0.48,2.15,0.08011761816841663,-0.05061784351168061,0.015662234376858684,88937,4863,-0.05061784351168061,non_overlapping,observed,paired
baseline_plus_historical_demand,10,3,semiconductor,uptrend,144,0.3333333333333333,0.6666666666666666,3.0,0.05312060151034962,-0.0399635081539199,0.012242553020412222,88937,4863,-0.0399635081539199,non_overlapping,observed,paired
baseline_plus_historical_demand,10,3,software,acute_selloff,8,0.375,0.625,2.2857142857142856,0.07717818018115646,-0.026207508107020494,0.027759347072082913,152481,8862,-0.026207508107020494,non_overlapping,observed,paired
baseline_plus_historical_demand,10,3,software,correction,82,0.2926829268292683,0.7073170731707317,2.7142857142857144,0.05781085143031724,-0.09824715766050142,-0.027665828415532813,152481,8862,-0.09824715766050142,non_overlapping,observed,paired
baseline_plus_historical_demand,10,3,software,range_bound,46,0.43478260869565216,0.5652173913043478,1.5517241379310345,0.08560791841342419,-0.06886172908006748,-0.008243474220486413,152481,8862,-0.06886172908006748,non_overlapping,observed,paired
baseline_plus_historical_demand,10,3,software,under_pressure,65,0.49230769230769234,0.5076923076923077,2.7435897435897436,0.06918318656296774,-0.04819131976857294,0.016831848931514945,152481,8862,-0.04819131976857294,non_overlapping,observed,paired
baseline_plus_historical_demand,10,3,software,uptrend,292,0.4726027397260274,0.5273972602739726,2.841463414634146,0.056079301153954375,-0.03466241815059705,0.0179091119321585,152481,8862,-0.03466241815059705,non_overlapping,observed,paired
baseline_plus_historical_demand,10,4,other,acute_selloff,1,1.0,0.0,0.0,0.14697754770385596,-0.024020476471746433,0.13565642350971419,168110,8195,-0.024020476471746433,non_overlapping,observed,paired
baseline_plus_historical_demand,10,4,other,correction,24,0.4166666666666667,0.5833333333333334,3.1333333333333333,0.05152462416120434,-0.0354101627233124,0.01868594952668184,168110,8195,-0.0354101627233124,non_overlapping,observed,paired
baseline_plus_historical_demand,10,4,other,range_bound,14,0.5714285714285714,0.42857142857142855,3.0,0.042315985075790534,-0.04174250733347761,-0.0036338766367292846,168110,8195,-0.04174250733347761,non_overlapping,observed,paired
baseline_plus_historical_demand,10,4,other,under_pressure,152,0.3092105263157895,0.6907894736842105,3.682926829268293,0.0440794531530229,-0.059660171475368326,-0.012193017004118192,168110,8195,-0.059660171475368326,non_overlapping,observed,paired
baseline_plus_historical_demand,10,4,other,uptrend,310,0.38064516129032255,0.6193548387096774,3.1901840490797544,0.04512879063850431,-0.04294150659963073,0.002098534172408522,168110,8195,-0.04294150659963073,non_overlapping,observed,paired
baseline_plus_historical_demand,10,4,semiconductor,acute_selloff,1,0.0,1.0,7.0,0.0646782154469272,-0.06662007263617598,0.06443596784386751,88937,4863,-0.06662007263617598,non_overlapping,observed,paired
baseline_plus_historical_demand,10,4,semiconductor,correction,12,0.5833333333333334,0.4166666666666667,2.5555555555555554,0.06018067369020761,-0.06136552268522885,0.0017002135471805662,88937,4863,-0.06136552268522885,non_overlapping,observed,paired
baseline_plus_historical_demand,10,4,semiconductor,range_bound,17,0.47058823529411764,0.5294117647058824,3.0,0.07314045214243206,-0.05134733068083794,0.013037368692504636,88937,4863,-0.05134733068083794,non_overlapping,observed,paired
baseline_plus_historical_demand,10,4,semiconductor,under_pressure,52,0.34615384615384615,0.6538461538461539,2.032258064516129,0.05397602035828722,-0.06356547543586949,-0.011367122867858665,88937,4863,-0.06356547543586949,non_overlapping,observed,paired
baseline_plus_historical_demand,10,4,semiconductor,uptrend,145,0.33793103448275863,0.6620689655172414,2.053763440860215,0.06576788521278927,-0.06293702402341184,-0.0005043710373682629,88937,4863,-0.06293702402341184,non_overlapping,observed,paired
baseline_plus_historical_demand,10,4,software,correction,16,0.5,0.5,4.333333333333333,0.06363689575216226,-0.051384795969368596,0.02553475576061951,152481,8862,-0.051384795969368596,non_overlapping,observed,paired
baseline_plus_historical_demand,10,4,software,range_bound,15,0.4,0.6,3.75,0.04178653944815826,-0.05701065956639203,-0.013301446683805885,152481,8862,-0.05701065956639203,non_overlapping,observed,paired
baseline_plus_historical_demand,10,4,software,under_pressure,121,0.4132231404958678,0.5867768595041323,2.7777777777777777,0.04738341458428574,-0.05645256188221439,-0.005196652172156008,152481,8862,-0.05645256188221439,non_overlapping,observed,paired
baseline_plus_historical_demand,10,4,software,uptrend,275,0.36727272727272725,0.6327272727272727,2.3795180722891565,0.05503691938964238,-0.055184481690089965,-0.0041043394054033604,152481,8862,-0.055184481690089965,non_overlapping,observed,paired
baseline_plus_historical_demand,10,5,other,correction,34,0.4411764705882353,0.5588235294117647,2.0952380952380953,0.06534463629281903,-0.08286623837008375,-0.006090568598721953,168110,8195,-0.08286623837008375,non_overlapping,observed,paired
baseline_plus_historical_demand,10,5,other,range_bound,3,0.6666666666666666,0.3333333333333333,3.6666666666666665,0.10161799382477883,-0.028655091169697406,0.0717408938060707,168110,8195,-0.028655091169697406,non_overlapping,observed,paired
baseline_plus_historical_demand,10,5,other,under_pressure,107,0.48598130841121495,0.514018691588785,2.4078947368421053,0.06332364083896451,-0.05320722935811725,0.005634564775579606,168110,8195,-0.05320722935811725,non_overlapping,observed,paired
baseline_plus_historical_demand,10,5,other,uptrend,312,0.3525641025641026,0.6474358974358975,3.533333333333333,0.06141147698866071,-0.05017235233784074,0.010555643302929142,168110,8195,-0.05017235233784074,non_overlapping,observed,paired
baseline_plus_historical_demand,10,5,semiconductor,correction,10,0.7,0.3,2.888888888888889,0.12193135522374972,-0.08627671437580872,0.0441092724359131,88937,4863,-0.08627671437580872,non_overlapping,observed,paired
baseline_plus_historical_demand,10,5,semiconductor,range_bound,11,0.7272727272727273,0.2727272727272727,1.3,0.14551472970564605,-0.03264984969383546,0.09831890001928943,88937,4863,-0.03264984969383546,non_overlapping,observed,paired
baseline_plus_historical_demand,10,5,semiconductor,under_pressure,58,0.46551724137931033,0.5344827586206896,2.1136363636363638,0.09704634806894279,-0.0797130455800492,-0.002791856831120893,88937,4863,-0.0797130455800492,non_overlapping,observed,paired
baseline_plus_historical_demand,10,5,semiconductor,uptrend,136,0.34558823529411764,0.6544117647058824,3.0736842105263156,0.09897616895475946,-0.06707453683077222,0.022683096691225986,88937,4863,-0.06707453683077222,non_overlapping,observed,paired
baseline_plus_historical_demand,10,5,software,acute_selloff,2,0.5,0.5,0.5,0.1310878640955232,-0.04361830282845619,0.0715073100869319,152481,8862,-0.04361830282845619,non_overlapping,observed,paired
baseline_plus_historical_demand,10,5,software,correction,33,0.24242424242424243,0.7575757575757576,2.125,0.09183084952067173,-0.08360413396416427,0.031338629541572696,152481,8862,-0.08360413396416427,non_overlapping,observed,paired
baseline_plus_historical_demand,10,5,software,range_bound,10,0.4,0.6,1.5555555555555556,0.06685363973014546,-0.052743044965004114,-0.011686524140223831,152481,8862,-0.052743044965004114,non_overlapping,observed,paired
baseline_plus_historical_demand,10,5,software,under_pressure,85,0.3764705882352941,0.6235294117647059,2.4081632653061225,0.07840933332579701,-0.062406655838341006,-0.0004658474755468466,152481,8862,-0.062406655838341006,non_overlapping,observed,paired
baseline_plus_historical_demand,10,5,software,uptrend,301,0.3554817275747508,0.6445182724252492,3.4516129032258065,0.0822424813356814,-0.0537406348007033,0.02760171641520575,152481,8862,-0.0537406348007033,non_overlapping,observed,paired
baseline_plus_historical_demand,20,1,other,acute_selloff,3,0.3333333333333333,0.6666666666666666,0.5,0.10580921626058726,-0.018046675438765664,0.0750762252567679,168110,8195,-0.018046675438765664,non_overlapping,observed,paired
baseline_plus_historical_demand,20,1,other,correction,18,0.5555555555555556,0.4444444444444444,6.25,0.05506071561609771,-0.035693817204441175,0.01843198770819747,168110,8195,-0.035693817204441175,non_overlapping,observed,paired
baseline_plus_historical_demand,20,1,other,range_bound,17,0.5882352941176471,0.4117647058823529,5.5,0.07881785072178442,-0.022036083703909557,0.04886111628108323,168110,8195,-0.022036083703909557,non_overlapping,observed,paired
baseline_plus_historical_demand,20,1,other,under_pressure,31,0.06451612903225806,0.9354838709677419,8.9375,0.03135427032950219,-0.05686196697627292,-0.017372381172442577,168110,8195,-0.05686196697627292,non_overlapping,observed,paired
baseline_plus_historical_demand,20,1,other,uptrend,159,0.4088050314465409,0.5911949685534591,4.4,0.06571693043391191,-0.05414140509973786,0.0025344924321522664,168110,8195,-0.05414140509973786,non_overlapping,observed,paired
baseline_plus_historical_demand,20,1,semiconductor,correction,7,0.42857142857142855,0.5714285714285714,3.142857142857143,0.12885797013014333,-0.05738766547191581,0.05988687239549157,88937,4863,-0.05738766547191581,non_overlapping,observed,paired
baseline_plus_historical_demand,20,1,semiconductor,under_pressure,10,0.2,0.8,6.25,0.10422896542311474,-0.07146047523095583,0.020835720464280172,88937,4863,-0.07146047523095583,non_overlapping,observed,paired
baseline_plus_historical_demand,20,1,semiconductor,uptrend,56,0.3392857142857143,0.6607142857142857,3.9130434782608696,0.09619499314968852,-0.07638693749786603,-0.0021782410976142314,88937,4863,-0.07638693749786603,non_overlapping,observed,paired
baseline_plus_historical_demand,20,1,software,acute_selloff,2,0.5,0.5,0.5,0.42028988975319437,-0.04689743409759489,0.33207117438479405,152481,8862,-0.04689743409759489,non_overlapping,observed,paired
baseline_plus_historical_demand,20,1,software,correction,11,0.36363636363636365,0.6363636363636364,2.7777777777777777,0.06272199902833636,-0.09285205666747345,-0.003162822558156021,152481,8862,-0.09285205666747345,non_overlapping,observed,paired
baseline_plus_historical_demand,20,1,software,range_bound,4,0.5,0.5,4.333333333333333,0.11434842644931464,-0.030846967165237882,0.10277956521242226,152481,8862,-0.030846967165237882,non_overlapping,observed,paired
baseline_plus_historical_demand,20,1,software,under_pressure,24,0.3333333333333333,0.6666666666666666,4.368421052631579,0.08607047763796931,-0.08040251181512101,-0.0009063971090705336,152481,8862,-0.08040251181512101,non_overlapping,observed,paired
baseline_plus_historical_demand,20,1,software,uptrend,99,0.47474747474747475,0.5252525252525253,4.2025316455696204,0.23878074390103385,-0.056948103004089895,0.10460814479586457,152481,8862,-0.056948103004089895,non_overlapping,observed,paired
baseline_plus_historical_demand,20,2,other,acute_selloff,2,0.0,1.0,1.5,0.1660642219965569,-0.25872063177171273,0.036840602356149055,168110,8195,-0.25872063177171273,non_overlapping,observed,paired
baseline_plus_historical_demand,20,2,other,correction,4,0.5,0.5,3.6666666666666665,0.17035970480266777,-0.11918205809407559,0.04957668009949734,168110,8195,-0.11918205809407559,non_overlapping,observed,paired
baseline_plus_historical_demand,20,2,other,range_bound,2,0.5,0.5,12.5,0.09438793460009709,-0.0783722316017691,0.02197847588930557,168110,8195,-0.0783722316017691,non_overlapping,observed,paired
baseline_plus_historical_demand,20,2,other,under_pressure,9,0.2222222222222222,0.7777777777777778,5.666666666666667,0.08477235263226578,-0.11501773562744429,-0.02406035491960275,168110,8195,-0.11501773562744429,non_overlapping,observed,paired
baseline_plus_historical_demand,20,2,other,uptrend,202,0.38613861386138615,0.6138613861386139,6.32824427480916,0.06193641303634482,-0.05981754103385039,0.00752477057352481,168110,8195,-0.05981754103385039,non_overlapping,observed,paired
baseline_plus_historical_demand,20,2,semiconductor,acute_selloff,1,0.0,1.0,,0.005070993914807476,-0.06186612576064898,-0.016227180527383367,88937,4863,-0.06186612576064898,non_overlapping,observed,paired
baseline_plus_historical_demand,20,2,semiconductor,correction,2,0.5,0.5,8.0,0.12562121330522402,-0.03376528635492493,0.09456729751848791,88937,4863,-0.03376528635492493,non_overlapping,observed,paired
baseline_plus_historical_demand,20,2,semiconductor,range_bound,1,1.0,0.0,2.0,0.12877997914494266,-0.0057351407716370595,0.12356621480709085,88937,4863,-0.0057351407716370595,non_overlapping,observed,paired
baseline_plus_historical_demand,20,2,semiconductor,under_pressure,5,0.6,0.4,3.5,0.07407654151741036,-0.02414792576314635,0.014321116123688004,88937,4863,-0.02414792576314635,non_overlapping,observed,paired
baseline_plus_historical_demand,20,2,semiconductor,uptrend,70,0.2857142857142857,0.7142857142857143,6.7,0.07312605095960809,-0.08046171226854798,0.012725811053312093,88937,4863,-0.08046171226854798,non_overlapping,observed,paired
baseline_plus_historical_demand,20,2,software,acute_selloff,1,1.0,0.0,2.0,0.4078116901147726,-0.05467882265827484,0.40121714179933354,152481,8862,-0.05467882265827484,non_overlapping,observed,paired
baseline_plus_historical_demand,20,2,software,correction,6,0.5,0.5,2.6,0.26558337108913377,-0.030639989860039518,0.234871801945525,152481,8862,-0.030639989860039518,non_overlapping,observed,paired
baseline_plus_historical_demand,20,2,software,range_bound,1,1.0,0.0,3.0,0.12207044990679106,-0.018554841348904172,0.09746098066536835,152481,8862,-0.018554841348904172,non_overlapping,observed,paired
baseline_plus_historical_demand,20,2,software,under_pressure,16,0.1875,0.8125,4.5,0.09255590049247138,-0.08447072925324203,-0.02333144160854142,152481,8862,-0.08447072925324203,non_overlapping,observed,paired
baseline_plus_historical_demand,20,2,software,uptrend,147,0.3129251700680272,0.6870748299319728,6.586206896551724,0.07053868670290916,-0.07361127878313177,0.006116744667460704,152481,8862,-0.07361127878313177,non_overlapping,observed,paired
baseline_plus_historical_demand,20,3,other,acute_selloff,3,0.0,1.0,6.0,0.05901904843951167,-0.24833861443078556,-0.012304809049212643,168110,8195,-0.24833861443078556,non_overlapping,observed,paired
baseline_plus_historical_demand,20,3,other,correction,33,0.5151515151515151,0.48484848484848486,3.8846153846153846,0.08467679178346024,-0.05683554547799712,0.02494528852663632,168110,8195,-0.05683554547799712,non_overlapping,observed,paired
baseline_plus_historical_demand,20,3,other,range_bound,13,0.5384615384615384,0.46153846153846156,2.5454545454545454,0.07621900200519884,-0.07053536682973936,-0.025319275632782936,168110,8195,-0.07053536682973936,non_overlapping,observed,paired
baseline_plus_historical_demand,20,3,other,under_pressure,25,0.24,0.76,6.428571428571429,0.07297142448589691,-0.0587667431367612,0.015742713558541,168110,8195,-0.0587667431367612,non_overlapping,observed,paired
baseline_plus_historical_demand,20,3,other,uptrend,164,0.29878048780487804,0.7012195121951219,4.371428571428571,0.05363131185603189,-0.057959490593963894,0.0005604125325167895,168110,8195,-0.057959490593963894,non_overlapping,observed,paired
baseline_plus_historical_demand,20,3,semiconductor,acute_selloff,2,0.5,0.5,3.5,0.1231727402493249,-0.12486029677798366,-0.0913053308317916,88937,4863,-0.12486029677798366,non_overlapping,observed,paired
baseline_plus_historical_demand,20,3,semiconductor,correction,16,0.4375,0.5625,3.5714285714285716,0.15935472453283483,-0.07138731352978711,0.1062468966533811,88937,4863,-0.07138731352978711,non_overlapping,observed,paired
baseline_plus_historical_demand,20,3,semiconductor,range_bound,6,0.5,0.5,1.2,0.1437722553869357,-0.03470575313902482,0.0760348460398053,88937,4863,-0.03470575313902482,non_overlapping,observed,paired
baseline_plus_historical_demand,20,3,semiconductor,under_pressure,8,0.625,0.375,2.5714285714285716,0.13213078954593585,-0.037799712061721585,0.05117422403397384,88937,4863,-0.037799712061721585,non_overlapping,observed,paired
baseline_plus_historical_demand,20,3,semiconductor,uptrend,78,0.2692307692307692,0.7307692307692307,5.709090909090909,0.0953245590611638,-0.05591135165084878,0.05004430623598835,88937,4863,-0.05591135165084878,non_overlapping,observed,paired
baseline_plus_historical_demand,20,3,software,acute_selloff,4,0.25,0.75,0.3333333333333333,0.06741719867872503,-0.05088624589316912,0.003815943096993568,152481,8862,-0.05088624589316912,non_overlapping,observed,paired
baseline_plus_historical_demand,20,3,software,correction,30,0.3,0.7,5.2727272727272725,0.0962540240151785,-0.12598076342551356,-0.021178374457144118,152481,8862,-0.12598076342551356,non_overlapping,observed,paired
baseline_plus_historical_demand,20,3,software,range_bound,11,0.18181818181818182,0.8181818181818182,3.2222222222222223,0.1505426662429892,-0.18075935830173914,-0.11507341763855522,152481,8862,-0.18075935830173914,non_overlapping,observed,paired
baseline_plus_historical_demand,20,3,software,under_pressure,24,0.3333333333333333,0.6666666666666666,5.944444444444445,0.11744822782342464,-0.07508348687509286,0.027401501355012254,152481,8862,-0.07508348687509286,non_overlapping,observed,paired
baseline_plus_historical_demand,20,3,software,uptrend,166,0.39759036144578314,0.6024096385542169,4.267241379310345,0.09895784516547469,-0.04639293457361551,0.04662952581410581,152481,8862,-0.04639293457361551,non_overlapping,observed,paired
baseline_plus_historical_demand,20,4,other,correction,9,0.3333333333333333,0.6666666666666666,7.375,0.04500798854470848,-0.04861752715136068,0.009454732958611593,168110,8195,-0.04861752715136068,non_overlapping,observed,paired
baseline_plus_historical_demand,20,4,other,range_bound,4,0.5,0.5,9.0,0.04576807294042057,-0.05578984671630366,-0.013637203252653635,168110,8195,-0.05578984671630366,non_overlapping,observed,paired
baseline_plus_historical_demand,20,4,other,under_pressure,51,0.3333333333333333,0.6666666666666666,6.9,0.07148895582375228,-0.05871111831529063,0.028127756083759187,168110,8195,-0.05871111831529063,non_overlapping,observed,paired
baseline_plus_historical_demand,20,4,other,uptrend,147,0.19047619047619047,0.8095238095238095,4.693181818181818,0.05395475397402552,-0.08352649192352397,-0.033710457970024386,168110,8195,-0.08352649192352397,non_overlapping,observed,paired
baseline_plus_historical_demand,20,4,semiconductor,correction,7,0.2857142857142857,0.7142857142857143,4.5,0.07910701275842001,-0.07947869641356228,-0.0022868423883883405,88937,4863,-0.07947869641356228,non_overlapping,observed,paired
baseline_plus_historical_demand,20,4,semiconductor,range_bound,6,0.16666666666666666,0.8333333333333334,2.6666666666666665,0.12134040530751451,-0.06166402178643652,0.05719984721623376,88937,4863,-0.06166402178643652,non_overlapping,observed,paired
baseline_plus_historical_demand,20,4,semiconductor,under_pressure,15,0.2,0.8,3.923076923076923,0.08904287070634732,-0.07875640214450798,-0.01368838024699374,88937,4863,-0.07875640214450798,non_overlapping,observed,paired
baseline_plus_historical_demand,20,4,semiconductor,uptrend,73,0.1643835616438356,0.8356164383561644,2.6122448979591835,0.08324646728922767,-0.10626169489844088,-0.03034592220703259,88937,4863,-0.10626169489844088,non_overlapping,observed,paired
baseline_plus_historical_demand,20,4,software,correction,3,0.6666666666666666,0.3333333333333333,1.6666666666666667,0.11317933100269177,-0.028634668479310326,0.0795818444217032,152481,8862,-0.028634668479310326,non_overlapping,observed,paired
baseline_plus_historical_demand,20,4,software,range_bound,8,0.125,0.875,3.2,0.042251581807783434,-0.061754460716654136,-0.01172350025674844,152481,8862,-0.061754460716654136,non_overlapping,observed,paired
baseline_plus_historical_demand,20,4,software,under_pressure,36,0.6388888888888888,0.3611111111111111,4.705882352941177,0.0998912460225899,-0.04448184798241839,0.053531647497253136,152481,8862,-0.04448184798241839,non_overlapping,observed,paired
baseline_plus_historical_demand,20,4,software,uptrend,146,0.1917808219178082,0.8082191780821918,3.9702970297029703,0.07798516793024335,-0.10243299523613147,-0.027459820912446285,152481,8862,-0.10243299523613147,non_overlapping,observed,paired
baseline_plus_historical_demand,20,5,other,correction,13,0.23076923076923078,0.7692307692307693,6.0,0.12348398723786,-0.10610617202384365,0.03715324506135639,168110,8195,-0.10610617202384365,non_overlapping,observed,paired
baseline_plus_historical_demand,20,5,other,range_bound,1,0.0,1.0,7.0,0.10079233462318027,-0.07388981020821828,-0.028745163073521374,168110,8195,-0.07388981020821828,non_overlapping,observed,paired
baseline_plus_historical_demand,20,5,other,under_pressure,25,0.48,0.52,3.35,0.1055837110196684,-0.047557723225900066,0.037166763655532634,168110,8195,-0.047557723225900066,non_overlapping,observed,paired
baseline_plus_historical_demand,20,5,other,uptrend,146,0.2465753424657534,0.7534246575342466,4.933333333333334,0.09387129995420791,-0.07261243376549502,0.025687213994001735,168110,8195,-0.07261243376549502,non_overlapping,observed,paired
baseline_plus_historical_demand,20,5,semiconductor,correction,3,0.0,1.0,0.3333333333333333,0.36281089750273704,-0.2522479379846561,0.05052544554144515,88937,4863,-0.2522479379846561,non_overlapping,observed,paired
baseline_plus_historical_demand,20,5,semiconductor,range_bound,4,1.0,0.0,0.25,0.35159715766430216,-0.028486920748789057,0.2696687326300514,88937,4863,-0.028486920748789057,non_overlapping,observed,paired
baseline_plus_historical_demand,20,5,semiconductor,under_pressure,21,0.3333333333333333,0.6666666666666666,2.6842105263157894,0.17748744820799747,-0.11182153434170962,0.05909854735543037,88937,4863,-0.11182153434170962,non_overlapping,observed,paired
baseline_plus_historical_demand,20,5,semiconductor,uptrend,59,0.1864406779661017,0.8135593220338984,4.214285714285714,0.12927611223928057,-0.09406117714272569,0.03272890459352846,88937,4863,-0.09406117714272569,non_overlapping,observed,paired
baseline_plus_historical_demand,20,5,software,correction,11,0.18181818181818182,0.8181818181818182,5.818181818181818,0.36989400552003937,-0.09800209926821216,0.24002319514076295,152481,8862,-0.09800209926821216,non_overlapping,observed,paired
baseline_plus_historical_demand,20,5,software,range_bound,4,0.5,0.5,2.0,0.1170058506781263,-0.15240090674373777,-0.09478432646812379,152481,8862,-0.15240090674373777,non_overlapping,observed,paired
baseline_plus_historical_demand,20,5,software,under_pressure,30,0.43333333333333335,0.5666666666666667,3.0,0.16591322116898344,-0.07209413253095617,0.08274531986347536,152481,8862,-0.07209413253095617,non_overlapping,observed,paired
baseline_plus_historical_demand,20,5,software,uptrend,128,0.265625,0.734375,4.846938775510204,0.15020024227150006,-0.0637587186616107,0.08724242602623704,152481,8862,-0.0637587186616107,non_overlapping,observed,paired
baseline,5,1,other,all,1362,0.5602055800293686,0.4397944199706314,1.69921875,0.028163784342008825,-0.028422767409603714,-0.00018539121057550498,151384,8303,-0.028422767409603714,non_overlapping,all,paired
baseline,5,1,semiconductor,all,594,0.5336700336700336,0.4663299663299663,1.5017921146953406,0.04046645416437052,-0.03772157023407832,0.0012133903730619426,73886,4936,-0.03772157023407832,non_overlapping,all,paired
baseline,5,1,software,all,926,0.6166306695464363,0.3833693304535637,1.70561797752809,0.0492041205271634,-0.03521392860530086,0.014647368674701943,131931,8995,-0.03521392860530086,non_overlapping,all,paired
baseline,5,2,other,all,1411,0.5811481218993622,0.41885187810063784,1.730508474576271,0.03760115787272142,-0.033720233667153,0.0038359851919980295,151384,8303,-0.033720233667153,non_overlapping,all,paired
baseline,5,2,semiconductor,all,617,0.5834683954619124,0.4165316045380875,1.3501683501683501,0.04400490115347433,-0.040188519731148675,0.00285523585716704,73886,4936,-0.040188519731148675,non_overlapping,all,paired
baseline,5,2,software,all,1024,0.58203125,0.41796875,1.621212121212121,0.045800246779524476,-0.03804089053084669,0.008129803831297822,131931,8995,-0.03804089053084669,non_overlapping,all,paired
baseline,5,3,other,all,1448,0.5469613259668509,0.4530386740331492,1.676703645007924,0.034476629487922975,-0.03325979378376365,0.0005277668267843269,151384,8303,-0.03325979378376365,non_overlapping,all,paired
baseline,5,3,semiconductor,all,681,0.5154185022026432,0.4845814977973568,1.3977272727272727,0.046820707125545154,-0.04094909378399649,0.004474254069126091,73886,4936,-0.04094909378399649,non_overlapping,all,paired
baseline,5,3,software,all,1330,0.5511278195488721,0.4488721804511278,1.4718196457326893,0.04271892092630162,-0.04013474006191081,0.001356897861590316,131931,8995,-0.04013474006191081,non_overlapping,all,paired
baseline,5,4,other,all,1547,0.5546218487394958,0.44537815126050423,1.7042483660130718,0.033968905475255745,-0.03192185124549992,-3.711440063538946e-05,151384,8303,-0.03192185124549992,non_overlapping,all,paired
baseline,5,4,semiconductor,all,643,0.5038880248833593,0.49611197511664074,1.3482142857142858,0.044636620227280016,-0.04324919879509902,0.0003103517682656025,73886,4936,-0.04324919879509902,non_overlapping,all,paired
baseline,5,4,software,all,1388,0.537463976945245,0.46253602305475505,1.5812101910828025,0.04120270470805044,-0.03698009648222445,0.002631343299975484,131931,8995,-0.03698009648222445,non_overlapping,all,paired
baseline,5,5,other,all,1410,0.5475177304964539,0.4524822695035461,1.5778816199376946,0.038098626275749656,-0.034864751778336964,0.003479007146770681,151384,8303,-0.034864751778336964,non_overlapping,all,paired
baseline,5,5,semiconductor,all,653,0.5145482388973966,0.48545176110260335,1.3205479452054794,0.06192027593765791,-0.054651956694862225,0.006833109267125793,73886,4936,-0.054651956694862225,non_overlapping,all,paired
baseline,5,5,software,all,1290,0.5147286821705427,0.48527131782945737,1.3850174216027875,0.047576264280190905,-0.04405392776409557,0.0031284543973279936,131931,8995,-0.04405392776409557,non_overlapping,all,paired
baseline,10,1,other,all,502,0.4641434262948207,0.5358565737051793,2.884169884169884,0.040184913437380815,-0.037456823935317185,0.003936471561317075,151384,8303,-0.037456823935317185,non_overlapping,all,paired
baseline,10,1,semiconductor,all,194,0.42783505154639173,0.5721649484536082,2.9747899159663866,0.052811013287511234,-0.05125482028121814,0.007720659775794219,73886,4936,-0.05125482028121814,non_overlapping,all,paired
baseline,10,1,software,all,332,0.5120481927710844,0.4879518072289157,2.7342995169082127,0.08007580344668415,-0.046024797848251885,0.03538391256323966,131931,8995,-0.046024797848251885,non_overlapping,all,paired
baseline,10,2,other,all,494,0.4777327935222672,0.5222672064777328,3.3917910447761193,0.048456831019142735,-0.044944836192674954,0.005357795446188452,151384,8303,-0.044944836192674954,non_overlapping,all,paired
baseline,10,2,semiconductor,all,202,0.44554455445544555,0.5544554455445545,2.643478260869565,0.05812848697425177,-0.0583305389139078,0.0014559099507495798,73886,4936,-0.0583305389139078,non_overlapping,all,paired
baseline,10,2,software,all,378,0.48412698412698413,0.5158730158730159,3.0535714285714284,0.06047557747907297,-0.050554429942099875,0.007785018785358499,131931,8995,-0.050554429942099875,non_overlapping,all,paired
baseline,10,3,other,all,529,0.43667296786389415,0.5633270321361059,2.7564102564102564,0.04588065274856707,-0.04314824086976051,0.0023178080790087845,151384,8303,-0.04314824086976051,non_overlapping,all,paired
baseline,10,3,semiconductor,all,254,0.37401574803149606,0.6259842519685039,2.6202531645569622,0.06378688680973794,-0.04973106922835858,0.012010990520230375,73886,4936,-0.04973106922835858,non_overlapping,all,paired
baseline,10,3,software,all,493,0.4685598377281947,0.5314401622718052,2.6631944444444446,0.061192581276471314,-0.050075919707164226,0.007906304050911462,131931,8995,-0.050075919707164226,non_overlapping,all,paired
baseline,10,4,other,all,501,0.39520958083832336,0.6047904191616766,3.319702602230483,0.04524150558049828,-0.04758178162603083,-0.001336423257372166,151384,8303,-0.04758178162603083,non_overlapping,all,paired
baseline,10,4,semiconductor,all,227,0.3832599118942731,0.6167400881057269,2.1862068965517243,0.06331863612615041,-0.06214618578190792,-0.0015759929134997164,73886,4936,-0.06214618578190792,non_overlapping,all,paired
baseline,10,4,software,all,427,0.4028103044496487,0.5971896955503513,2.624031007751938,0.0527249049662932,-0.055465595038708335,-0.003626355637948425,131931,8995,-0.055465595038708335,non_overlapping,all,paired
baseline,10,5,other,all,456,0.4100877192982456,0.5899122807017544,3.1214285714285714,0.06241794299487177,-0.05318062466845788,0.00856228616351442,151384,8303,-0.05318062466845788,non_overlapping,all,paired
baseline,10,5,semiconductor,all,215,0.413953488372093,0.586046511627907,2.6835443037974684,0.10190429183649102,-0.06961585647915419,0.02067708873661878,73886,4936,-0.06961585647915419,non_overlapping,all,paired
baseline,10,5,software,all,431,0.37587006960556846,0.6241299303944315,3.0592592592592593,0.08209027929096871,-0.05766612598003493,0.02164464909326908,131931,8995,-0.05766612598003493,non_overlapping,all,paired
baseline,20,1,other,all,228,0.40350877192982454,0.5964912280701754,5.105633802816901,0.06170788733047552,-0.05018616906177842,0.00549159610378405,151384,8303,-0.05018616906177842,non_overlapping,all,paired
baseline,20,1,semiconductor,all,73,0.3698630136986301,0.6301369863013698,4.131147540983607,0.10042760358253025,-0.07389023165059543,0.006925805615682818,73886,4936,-0.07389023165059543,non_overlapping,all,paired
baseline,20,1,software,all,140,0.4357142857142857,0.5642857142857143,4.053571428571429,0.1978064327437783,-0.06290055600832967,0.08124944546894614,131931,8995,-0.06290055600832967,non_overlapping,all,paired
baseline,20,2,other,all,219,0.3835616438356164,0.6164383561643836,6.263888888888889,0.06610251022573527,-0.06515624140916915,0.007394544924495367,151384,8303,-0.06515624140916915,non_overlapping,all,paired
baseline,20,2,semiconductor,all,79,0.35443037974683544,0.6455696202531646,6.3478260869565215,0.07435822372695969,-0.07453406742855982,0.015935265616037593,73886,4936,-0.07453406742855982,non_overlapping,all,paired
baseline,20,2,software,all,171,0.32748538011695905,0.672514619883041,6.084905660377358,0.08171616210388045,-0.0726869196043255,0.014232557511800657,131931,8995,-0.0726869196043255,non_overlapping,all,paired
baseline,20,3,other,all,238,0.33613445378151263,0.6638655462184874,4.454545454545454,0.061269155700743524,-0.060975099364210014,0.003960525232359079,151384,8303,-0.060975099364210014,non_overlapping,all,paired
baseline,20,3,semiconductor,all,110,0.33636363636363636,0.6636363636363637,4.759036144578313,0.11046378662258077,-0.05694213867387898,0.05714907672462026,73886,4936,-0.05694213867387898,non_overlapping,all,paired
baseline,20,3,software,all,235,0.3872340425531915,0.6127659574468085,4.4523809523809526,0.1023788025918048,-0.06584915596544519,0.027711669201325114,131931,8995,-0.06584915596544519,non_overlapping,all,paired
baseline,20,4,other,all,211,0.24170616113744076,0.7582938388625592,5.575539568345324,0.05765606525998662,-0.07551364207613889,-0.016542075723720268,151384,8303,-0.07551364207613889,non_overlapping,all,paired
baseline,20,4,semiconductor,all,101,0.16831683168316833,0.8316831683168316,3.0140845070422535,0.08608343261250354,-0.09767113629076593,-0.02072660235880793,73886,4936,-0.09767113629076593,non_overlapping,all,paired
baseline,20,4,software,all,193,0.29533678756476683,0.7046632124352331,4.06993006993007,0.0811371503735705,-0.08879017369437005,-0.010036461202616177,131931,8995,-0.08879017369437005,non_overlapping,all,paired
baseline,20,5,other,all,185,0.2702702702702703,0.7297297297297297,4.776119402985074,0.09757236074335905,-0.07158718084825924,0.02774999652560368,151384,8303,-0.07158718084825924,non_overlapping,all,paired
baseline,20,5,semiconductor,all,87,0.22988505747126436,0.7701149425287356,3.3823529411764706,0.1591879121569071,-0.10078796746604417,0.05060144980030756,73886,4936,-0.10078796746604417,non_overlapping,all,paired
baseline,20,5,software,all,173,0.32947976878612717,0.6705202312138728,4.56390977443609,0.16612650352170202,-0.06943102129213954,0.09196825414993351,131931,8995,-0.06943102129213954,non_overlapping,all,paired
baseline_plus_historical_demand,5,1,other,all,1362,0.5433186490455213,0.4566813509544787,1.69921875,0.028163784342008825,-0.028422767409603714,-0.00018539121057550498,168110,8195,-0.028422767409603714,non_overlapping,all,paired
baseline_plus_historical_demand,5,1,semiconductor,all,594,0.5117845117845118,0.4882154882154882,1.5017921146953406,0.04046645416437052,-0.03772157023407832,0.0012133903730619426,88937,4863,-0.03772157023407832,non_overlapping,all,paired
baseline_plus_historical_demand,5,1,software,all,926,0.5961123110151187,0.4038876889848812,1.70561797752809,0.0492041205271634,-0.03521392860530086,0.014647368674701943,152481,8862,-0.03521392860530086,non_overlapping,all,paired
baseline_plus_historical_demand,5,2,other,all,1411,0.5620127569099929,0.4379872430900071,1.730508474576271,0.03760115787272142,-0.033720233667153,0.0038359851919980295,168110,8195,-0.033720233667153,non_overlapping,all,paired
baseline_plus_historical_demand,5,2,semiconductor,all,617,0.5672609400324149,0.4327390599675851,1.3501683501683501,0.04400490115347433,-0.040188519731148675,0.00285523585716704,88937,4863,-0.040188519731148675,non_overlapping,all,paired
baseline_plus_historical_demand,5,2,software,all,1024,0.5654296875,0.4345703125,1.621212121212121,0.045800246779524476,-0.03804089053084669,0.008129803831297822,152481,8862,-0.03804089053084669,non_overlapping,all,paired
baseline_plus_historical_demand,5,3,other,all,1448,0.5269337016574586,0.47306629834254144,1.676703645007924,0.034476629487922975,-0.03325979378376365,0.0005277668267843269,168110,8195,-0.03325979378376365,non_overlapping,all,paired
baseline_plus_historical_demand,5,3,semiconductor,all,681,0.5066079295154186,0.4933920704845815,1.3977272727272727,0.046820707125545154,-0.04094909378399649,0.004474254069126091,88937,4863,-0.04094909378399649,non_overlapping,all,paired
baseline_plus_historical_demand,5,3,software,all,1330,0.5278195488721804,0.47218045112781953,1.4718196457326893,0.04271892092630162,-0.04013474006191081,0.001356897861590316,152481,8862,-0.04013474006191081,non_overlapping,all,paired
baseline_plus_historical_demand,5,4,other,all,1547,0.5235940530058177,0.47640594699418226,1.7042483660130718,0.033968905475255745,-0.03192185124549992,-3.711440063538946e-05,168110,8195,-0.03192185124549992,non_overlapping,all,paired
baseline_plus_historical_demand,5,4,semiconductor,all,643,0.4867807153965785,0.5132192846034215,1.3482142857142858,0.044636620227280016,-0.04324919879509902,0.0003103517682656025,88937,4863,-0.04324919879509902,non_overlapping,all,paired
baseline_plus_historical_demand,5,4,software,all,1388,0.521613832853026,0.4783861671469741,1.5812101910828025,0.04120270470805044,-0.03698009648222445,0.002631343299975484,152481,8862,-0.03698009648222445,non_overlapping,all,paired
baseline_plus_historical_demand,5,5,other,all,1410,0.5141843971631206,0.4858156028368794,1.5778816199376946,0.038098626275749656,-0.034864751778336964,0.003479007146770681,168110,8195,-0.034864751778336964,non_overlapping,all,paired
baseline_plus_historical_demand,5,5,semiconductor,all,653,0.4992343032159265,0.5007656967840735,1.3205479452054794,0.06192027593765791,-0.054651956694862225,0.006833109267125793,88937,4863,-0.054651956694862225,non_overlapping,all,paired
baseline_plus_historical_demand,5,5,software,all,1290,0.4930232558139535,0.5069767441860465,1.3850174216027875,0.047576264280190905,-0.04405392776409557,0.0031284543973279936,152481,8862,-0.04405392776409557,non_overlapping,all,paired
baseline_plus_historical_demand,10,1,other,all,502,0.44621513944223107,0.5537848605577689,2.884169884169884,0.040184913437380815,-0.037456823935317185,0.003936471561317075,168110,8195,-0.037456823935317185,non_overlapping,all,paired
baseline_plus_historical_demand,10,1,semiconductor,all,194,0.4072164948453608,0.5927835051546392,2.9747899159663866,0.052811013287511234,-0.05125482028121814,0.007720659775794219,88937,4863,-0.05125482028121814,non_overlapping,all,paired
baseline_plus_historical_demand,10,1,software,all,332,0.5030120481927711,0.49698795180722893,2.7342995169082127,0.08007580344668415,-0.046024797848251885,0.03538391256323966,152481,8862,-0.046024797848251885,non_overlapping,all,paired
baseline_plus_historical_demand,10,2,other,all,494,0.46153846153846156,0.5384615384615384,3.3917910447761193,0.048456831019142735,-0.044944836192674954,0.005357795446188452,168110,8195,-0.044944836192674954,non_overlapping,all,paired
baseline_plus_historical_demand,10,2,semiconductor,all,202,0.42574257425742573,0.5742574257425742,2.643478260869565,0.05812848697425177,-0.0583305389139078,0.0014559099507495798,88937,4863,-0.0583305389139078,non_overlapping,all,paired
baseline_plus_historical_demand,10,2,software,all,378,0.47354497354497355,0.5264550264550265,3.0535714285714284,0.06047557747907297,-0.050554429942099875,0.007785018785358499,152481,8862,-0.050554429942099875,non_overlapping,all,paired
baseline_plus_historical_demand,10,3,other,all,529,0.4158790170132325,0.5841209829867675,2.7564102564102564,0.04588065274856707,-0.04314824086976051,0.0023178080790087845,168110,8195,-0.04314824086976051,non_overlapping,all,paired
baseline_plus_historical_demand,10,3,semiconductor,all,254,0.35826771653543305,0.6417322834645669,2.6202531645569622,0.06378688680973794,-0.04973106922835858,0.012010990520230375,88937,4863,-0.04973106922835858,non_overlapping,all,paired
baseline_plus_historical_demand,10,3,software,all,493,0.44016227180527384,0.5598377281947262,2.6631944444444446,0.061192581276471314,-0.050075919707164226,0.007906304050911462,152481,8862,-0.050075919707164226,non_overlapping,all,paired
baseline_plus_historical_demand,10,4,other,all,501,0.36726546906187624,0.6327345309381237,3.319702602230483,0.04524150558049828,-0.04758178162603083,-0.001336423257372166,168110,8195,-0.04758178162603083,non_overlapping,all,paired
baseline_plus_historical_demand,10,4,semiconductor,all,227,0.36123348017621143,0.6387665198237885,2.1862068965517243,0.06331863612615041,-0.06214618578190792,-0.0015759929134997164,88937,4863,-0.06214618578190792,non_overlapping,all,paired
baseline_plus_historical_demand,10,4,software,all,427,0.3864168618266979,0.6135831381733021,2.624031007751938,0.0527249049662932,-0.055465595038708335,-0.003626355637948425,152481,8862,-0.055465595038708335,non_overlapping,all,paired
baseline_plus_historical_demand,10,5,other,all,456,0.3925438596491228,0.6074561403508771,3.1214285714285714,0.06241794299487177,-0.05318062466845788,0.00856228616351442,168110,8195,-0.05318062466845788,non_overlapping,all,paired
baseline_plus_historical_demand,10,5,semiconductor,all,215,0.413953488372093,0.586046511627907,2.6835443037974684,0.10190429183649102,-0.06961585647915419,0.02067708873661878,88937,4863,-0.06961585647915419,non_overlapping,all,paired
baseline_plus_historical_demand,10,5,software,all,431,0.35266821345707655,0.6473317865429234,3.0592592592592593,0.08209027929096871,-0.05766612598003493,0.02164464909326908,152481,8862,-0.05766612598003493,non_overlapping,all,paired
baseline_plus_historical_demand,20,1,other,all,228,0.38596491228070173,0.6140350877192983,5.105633802816901,0.06170788733047552,-0.05018616906177842,0.00549159610378405,168110,8195,-0.05018616906177842,non_overlapping,all,paired
baseline_plus_historical_demand,20,1,semiconductor,all,73,0.3287671232876712,0.6712328767123288,4.131147540983607,0.10042760358253025,-0.07389023165059543,0.006925805615682818,88937,4863,-0.07389023165059543,non_overlapping,all,paired
baseline_plus_historical_demand,20,1,software,all,140,0.44285714285714284,0.5571428571428572,4.053571428571429,0.1978064327437783,-0.06290055600832967,0.08124944546894614,152481,8862,-0.06290055600832967,non_overlapping,all,paired
baseline_plus_historical_demand,20,2,other,all,219,0.3789954337899543,0.6210045662100456,6.263888888888889,0.06610251022573527,-0.06515624140916915,0.007394544924495367,168110,8195,-0.06515624140916915,non_overlapping,all,paired
baseline_plus_historical_demand,20,2,semiconductor,all,79,0.31645569620253167,0.6835443037974683,6.3478260869565215,0.07435822372695969,-0.07453406742855982,0.015935265616037593,88937,4863,-0.07453406742855982,non_overlapping,all,paired
baseline_plus_historical_demand,20,2,software,all,171,0.3157894736842105,0.6842105263157895,6.084905660377358,0.08171616210388045,-0.0726869196043255,0.014232557511800657,152481,8862,-0.0726869196043255,non_overlapping,all,paired
baseline_plus_historical_demand,20,3,other,all,238,0.3319327731092437,0.6680672268907563,4.454545454545454,0.061269155700743524,-0.060975099364210014,0.003960525232359079,168110,8195,-0.060975099364210014,non_overlapping,all,paired
baseline_plus_historical_demand,20,3,semiconductor,all,110,0.33636363636363636,0.6636363636363637,4.759036144578313,0.11046378662258077,-0.05694213867387898,0.05714907672462026,88937,4863,-0.05694213867387898,non_overlapping,all,paired
baseline_plus_historical_demand,20,3,software,all,235,0.3659574468085106,0.6340425531914894,4.4523809523809526,0.1023788025918048,-0.06584915596544519,0.027711669201325114,152481,8862,-0.06584915596544519,non_overlapping,all,paired
baseline_plus_historical_demand,20,4,other,all,211,0.23696682464454977,0.7630331753554502,5.575539568345324,0.05765606525998662,-0.07551364207613889,-0.016542075723720268,168110,8195,-0.07551364207613889,non_overlapping,all,paired
baseline_plus_historical_demand,20,4,semiconductor,all,101,0.1782178217821782,0.8217821782178217,3.0140845070422535,0.08608343261250354,-0.09767113629076593,-0.02072660235880793,88937,4863,-0.09767113629076593,non_overlapping,all,paired
baseline_plus_historical_demand,20,4,software,all,193,0.27979274611398963,0.7202072538860104,4.06993006993007,0.0811371503735705,-0.08879017369437005,-0.010036461202616177,152481,8862,-0.08879017369437005,non_overlapping,all,paired
baseline_plus_historical_demand,20,5,other,all,185,0.2756756756756757,0.7243243243243244,4.776119402985074,0.09757236074335905,-0.07158718084825924,0.02774999652560368,168110,8195,-0.07158718084825924,non_overlapping,all,paired
baseline_plus_historical_demand,20,5,semiconductor,all,87,0.25287356321839083,0.7471264367816092,3.3823529411764706,0.1591879121569071,-0.10078796746604417,0.05060144980030756,88937,4863,-0.10078796746604417,non_overlapping,all,paired
baseline_plus_historical_demand,20,5,software,all,173,0.2947976878612717,0.7052023121387283,4.56390977443609,0.16612650352170202,-0.06943102129213954,0.09196825414993351,152481,8862,-0.06943102129213954,non_overlapping,all,paired
